<?xml version='1.0' encoding='UTF-8'?>
<gpx version="1.1" creator="https://www.komoot.de" xmlns="http://www.topografix.com/GPX/1/1" xmlns:xsi="http://www.w3.org/2001/XMLSchema-instance" xsi:schemaLocation="http://www.topografix.com/GPX/1/1 http://www.topografix.com/GPX/1/1/gpx.xsd">
  <metadata>
    <name>CTF Rockenberg 79km</name>
    <author>
      <link href="https://www.komoot.de">
        <text>komoot</text>
        <type>text/html</type>
      </link>
    </author>
  </metadata>
  <trk>
    <name>CTF Rockenberg 79km</name>
    <type>mtb</type>
    <trkseg>
      <trkpt lat="50.429041" lon="8.734781">
        <ele>145.263211</ele>
        <time>2026-06-18T12:07:11.226Z</time>
      </trkpt>
      <trkpt lat="50.428877" lon="8.734492">
        <ele>145.050029</ele>
        <time>2026-06-18T12:07:15.191Z</time>
      </trkpt>
      <trkpt lat="50.428745" lon="8.734283">
        <ele>144.716959</ele>
        <time>2026-06-18T12:07:18.182Z</time>
      </trkpt>
      <trkpt lat="50.428699" lon="8.734205">
        <ele>144.584786</ele>
        <time>2026-06-18T12:07:19.247Z</time>
      </trkpt>
      <trkpt lat="50.428091" lon="8.732994">
        <ele>142.546287</ele>
        <time>2026-06-18T12:07:34.298Z</time>
      </trkpt>
      <trkpt lat="50.427843" lon="8.731886">
        <ele>141.782349</ele>
        <time>2026-06-18T12:07:46.922Z</time>
      </trkpt>
      <trkpt lat="50.427835" lon="8.731846">
        <ele>141.752916</ele>
        <time>2026-06-18T12:07:47.389Z</time>
      </trkpt>
      <trkpt lat="50.427792" lon="8.731608">
        <ele>141.628901</ele>
        <time>2026-06-18T12:07:50.155Z</time>
      </trkpt>
      <trkpt lat="50.427770" lon="8.731475">
        <ele>141.610426</ele>
        <time>2026-06-18T12:07:51.708Z</time>
      </trkpt>
      <trkpt lat="50.427745" lon="8.731322">
        <ele>141.587939</ele>
        <time>2026-06-18T12:07:53.540Z</time>
      </trkpt>
      <trkpt lat="50.427683" lon="8.730884">
        <ele>141.568553</ele>
        <time>2026-06-18T12:07:58.955Z</time>
      </trkpt>
      <trkpt lat="50.427625" lon="8.730224">
        <ele>141.974601</ele>
        <time>2026-06-18T12:08:08.974Z</time>
      </trkpt>
      <trkpt lat="50.427601" lon="8.729791">
        <ele>142.686988</ele>
        <time>2026-06-18T12:08:17.543Z</time>
      </trkpt>
      <trkpt lat="50.427546" lon="8.728922">
        <ele>144.614417</ele>
        <time>2026-06-18T12:08:38.190Z</time>
      </trkpt>
      <trkpt lat="50.427563" lon="8.728852">
        <ele>144.823874</ele>
        <time>2026-06-18T12:08:40.100Z</time>
      </trkpt>
      <trkpt lat="50.427501" lon="8.728775">
        <ele>145.188597</ele>
        <time>2026-06-18T12:08:43.446Z</time>
      </trkpt>
      <trkpt lat="50.427476" lon="8.727589">
        <ele>149.216089</ele>
        <time>2026-06-18T12:09:18.144Z</time>
      </trkpt>
      <trkpt lat="50.427471" lon="8.727213">
        <ele>150.609327</ele>
        <time>2026-06-18T12:09:30.072Z</time>
      </trkpt>
      <trkpt lat="50.427444" lon="8.726187">
        <ele>154.538276</ele>
        <time>2026-06-18T12:10:02.448Z</time>
      </trkpt>
      <trkpt lat="50.427097" lon="8.723746">
        <ele>161.809866</ele>
        <time>2026-06-18T12:11:09.672Z</time>
      </trkpt>
      <trkpt lat="50.425389" lon="8.716525">
        <ele>170.932495</ele>
        <time>2026-06-18T12:13:29.649Z</time>
      </trkpt>
      <trkpt lat="50.424881" lon="8.714202">
        <ele>168.395066</ele>
        <time>2026-06-18T12:13:54.368Z</time>
      </trkpt>
      <trkpt lat="50.424207" lon="8.711294">
        <ele>164.888746</ele>
        <time>2026-06-18T12:14:25.308Z</time>
      </trkpt>
      <trkpt lat="50.424010" lon="8.710312">
        <ele>164.416770</ele>
        <time>2026-06-18T12:14:36.773Z</time>
      </trkpt>
      <trkpt lat="50.423052" lon="8.700955">
        <ele>167.480139</ele>
        <time>2026-06-18T12:16:47.768Z</time>
      </trkpt>
      <trkpt lat="50.422778" lon="8.698166">
        <ele>170.584263</ele>
        <time>2026-06-18T12:17:38.301Z</time>
      </trkpt>
      <trkpt lat="50.422721" lon="8.697335">
        <ele>171.392873</ele>
        <time>2026-06-18T12:17:52.821Z</time>
      </trkpt>
      <trkpt lat="50.422327" lon="8.693720">
        <ele>174.593018</ele>
        <time>2026-06-18T12:18:53.312Z</time>
      </trkpt>
      <trkpt lat="50.421150" lon="8.687964">
        <ele>178.947867</ele>
        <time>2026-06-18T12:20:29.020Z</time>
      </trkpt>
      <trkpt lat="50.420569" lon="8.686846">
        <ele>178.999994</ele>
        <time>2026-06-18T12:20:46.999Z</time>
      </trkpt>
      <trkpt lat="50.419910" lon="8.685622">
        <ele>179.014564</ele>
        <time>2026-06-18T12:21:06.397Z</time>
      </trkpt>
      <trkpt lat="50.419685" lon="8.685287">
        <ele>179.087494</ele>
        <time>2026-06-18T12:21:12.879Z</time>
      </trkpt>
      <trkpt lat="50.419491" lon="8.685049">
        <ele>179.127306</ele>
        <time>2026-06-18T12:21:17.949Z</time>
      </trkpt>
      <trkpt lat="50.419405" lon="8.684903">
        <ele>179.175554</ele>
        <time>2026-06-18T12:21:20.473Z</time>
      </trkpt>
      <trkpt lat="50.419346" lon="8.684789">
        <ele>179.192983</ele>
        <time>2026-06-18T12:21:22.295Z</time>
      </trkpt>
      <trkpt lat="50.419351" lon="8.684702">
        <ele>179.195262</ele>
        <time>2026-06-18T12:21:23.380Z</time>
      </trkpt>
      <trkpt lat="50.419287" lon="8.684566">
        <ele>179.199672</ele>
        <time>2026-06-18T12:21:25.447Z</time>
      </trkpt>
      <trkpt lat="50.419181" lon="8.684568">
        <ele>179.186817</ele>
        <time>2026-06-18T12:21:27.459Z</time>
      </trkpt>
      <trkpt lat="50.419074" lon="8.684546">
        <ele>179.172326</ele>
        <time>2026-06-18T12:21:29.497Z</time>
      </trkpt>
      <trkpt lat="50.418948" lon="8.684526">
        <ele>179.136313</ele>
        <time>2026-06-18T12:21:31.848Z</time>
      </trkpt>
      <trkpt lat="50.418768" lon="8.684482">
        <ele>179.100731</ele>
        <time>2026-06-18T12:21:35.259Z</time>
      </trkpt>
      <trkpt lat="50.418551" lon="8.684450">
        <ele>179.122034</ele>
        <time>2026-06-18T12:21:39.479Z</time>
      </trkpt>
      <trkpt lat="50.418042" lon="8.684363">
        <ele>179.309741</ele>
        <time>2026-06-18T12:21:50.333Z</time>
      </trkpt>
      <trkpt lat="50.417871" lon="8.684273">
        <ele>179.425778</ele>
        <time>2026-06-18T12:21:54.181Z</time>
      </trkpt>
      <trkpt lat="50.418195" lon="8.683009">
        <ele>180.234224</ele>
        <time>2026-06-18T12:22:15.684Z</time>
      </trkpt>
      <trkpt lat="50.418346" lon="8.682407">
        <ele>180.896629</ele>
        <time>2026-06-18T12:22:27.620Z</time>
      </trkpt>
      <trkpt lat="50.418371" lon="8.682309">
        <ele>181.017083</ele>
        <time>2026-06-18T12:22:29.593Z</time>
      </trkpt>
      <trkpt lat="50.418843" lon="8.681481">
        <ele>182.304403</ele>
        <time>2026-06-18T12:22:50.451Z</time>
      </trkpt>
      <trkpt lat="50.419228" lon="8.680796">
        <ele>183.386181</ele>
        <time>2026-06-18T12:23:07.391Z</time>
      </trkpt>
      <trkpt lat="50.419185" lon="8.680600">
        <ele>183.585486</ele>
        <time>2026-06-18T12:23:10.973Z</time>
      </trkpt>
      <trkpt lat="50.419065" lon="8.679673">
        <ele>184.388846</ele>
        <time>2026-06-18T12:23:26.478Z</time>
      </trkpt>
      <trkpt lat="50.419046" lon="8.678860">
        <ele>184.994224</ele>
        <time>2026-06-18T12:23:39.605Z</time>
      </trkpt>
      <trkpt lat="50.418990" lon="8.677666">
        <ele>185.798637</ele>
        <time>2026-06-18T12:23:58.356Z</time>
      </trkpt>
      <trkpt lat="50.418994" lon="8.676574">
        <ele>186.489079</ele>
        <time>2026-06-18T12:24:15.143Z</time>
      </trkpt>
      <trkpt lat="50.419040" lon="8.674703">
        <ele>187.424571</ele>
        <time>2026-06-18T12:24:42.257Z</time>
      </trkpt>
      <trkpt lat="50.419103" lon="8.673506">
        <ele>188.223754</ele>
        <time>2026-06-18T12:25:01.093Z</time>
      </trkpt>
      <trkpt lat="50.419170" lon="8.673236">
        <ele>188.470695</ele>
        <time>2026-06-18T12:25:05.914Z</time>
      </trkpt>
      <trkpt lat="50.419454" lon="8.672604">
        <ele>189.002339</ele>
        <time>2026-06-18T12:25:17.894Z</time>
      </trkpt>
      <trkpt lat="50.419501" lon="8.672321">
        <ele>189.187262</ele>
        <time>2026-06-18T12:25:22.432Z</time>
      </trkpt>
      <trkpt lat="50.419487" lon="8.672121">
        <ele>189.317314</ele>
        <time>2026-06-18T12:25:25.616Z</time>
      </trkpt>
      <trkpt lat="50.419465" lon="8.671865">
        <ele>189.490319</ele>
        <time>2026-06-18T12:25:29.730Z</time>
      </trkpt>
      <trkpt lat="50.419453" lon="8.671686">
        <ele>189.618455</ele>
        <time>2026-06-18T12:25:32.628Z</time>
      </trkpt>
      <trkpt lat="50.419460" lon="8.671437">
        <ele>189.809651</ele>
        <time>2026-06-18T12:25:36.657Z</time>
      </trkpt>
      <trkpt lat="50.419515" lon="8.671139">
        <ele>190.083864</ele>
        <time>2026-06-18T12:25:41.637Z</time>
      </trkpt>
      <trkpt lat="50.419816" lon="8.670071">
        <ele>190.968303</ele>
        <time>2026-06-18T12:25:59.831Z</time>
      </trkpt>
      <trkpt lat="50.421457" lon="8.664661">
        <ele>198.059283</ele>
        <time>2026-06-18T12:27:48.560Z</time>
      </trkpt>
      <trkpt lat="50.422091" lon="8.662528">
        <ele>201.910358</ele>
        <time>2026-06-18T12:28:36.946Z</time>
      </trkpt>
      <trkpt lat="50.422744" lon="8.660335">
        <ele>206.431695</ele>
        <time>2026-06-18T12:29:28.919Z</time>
      </trkpt>
      <trkpt lat="50.423154" lon="8.658990">
        <ele>210.017584</ele>
        <time>2026-06-18T12:30:05.488Z</time>
      </trkpt>
      <trkpt lat="50.423361" lon="8.658326">
        <ele>211.979093</ele>
        <time>2026-06-18T12:30:24.123Z</time>
      </trkpt>
      <trkpt lat="50.423553" lon="8.657186">
        <ele>214.903848</ele>
        <time>2026-06-18T12:30:53.175Z</time>
      </trkpt>
      <trkpt lat="50.423635" lon="8.656560">
        <ele>216.479815</ele>
        <time>2026-06-18T12:31:08.863Z</time>
      </trkpt>
      <trkpt lat="50.423677" lon="8.656436">
        <ele>216.810992</ele>
        <time>2026-06-18T12:31:12.397Z</time>
      </trkpt>
      <trkpt lat="50.423755" lon="8.656429">
        <ele>217.109457</ele>
        <time>2026-06-18T12:31:15.485Z</time>
      </trkpt>
      <trkpt lat="50.423801" lon="8.656387">
        <ele>217.324947</ele>
        <time>2026-06-18T12:31:17.588Z</time>
      </trkpt>
      <trkpt lat="50.423853" lon="8.656222">
        <ele>217.799850</ele>
        <time>2026-06-18T12:31:22.233Z</time>
      </trkpt>
      <trkpt lat="50.423875" lon="8.655843">
        <ele>218.803846</ele>
        <time>2026-06-18T12:31:31.821Z</time>
      </trkpt>
      <trkpt lat="50.423918" lon="8.655033">
        <ele>220.985387</ele>
        <time>2026-06-18T12:31:52.451Z</time>
      </trkpt>
      <trkpt lat="50.423950" lon="8.654090">
        <ele>223.402717</ele>
        <time>2026-06-18T12:32:16.011Z</time>
      </trkpt>
      <trkpt lat="50.423921" lon="8.653436">
        <ele>225.123236</ele>
        <time>2026-06-18T12:32:32.969Z</time>
      </trkpt>
      <trkpt lat="50.424091" lon="8.653376">
        <ele>225.880738</ele>
        <time>2026-06-18T12:32:40.234Z</time>
      </trkpt>
      <trkpt lat="50.424177" lon="8.653028">
        <ele>226.939117</ele>
        <time>2026-06-18T12:32:53.091Z</time>
      </trkpt>
      <trkpt lat="50.424369" lon="8.652658">
        <ele>228.395287</ele>
        <time>2026-06-18T12:33:09.921Z</time>
      </trkpt>
      <trkpt lat="50.424542" lon="8.652372">
        <ele>229.614923</ele>
        <time>2026-06-18T12:33:24.138Z</time>
      </trkpt>
      <trkpt lat="50.424663" lon="8.652027">
        <ele>230.917876</ele>
        <time>2026-06-18T12:33:38.745Z</time>
      </trkpt>
      <trkpt lat="50.424818" lon="8.651834">
        <ele>232.008230</ele>
        <time>2026-06-18T12:33:48.454Z</time>
      </trkpt>
      <trkpt lat="50.424947" lon="8.651302">
        <ele>234.039440</ele>
        <time>2026-06-18T12:34:06.368Z</time>
      </trkpt>
      <trkpt lat="50.425519" lon="8.644892">
        <ele>252.687473</ele>
        <time>2026-06-18T12:37:09.588Z</time>
      </trkpt>
      <trkpt lat="50.423523" lon="8.646535">
        <ele>242.385894</ele>
        <time>2026-06-18T12:37:43.896Z</time>
      </trkpt>
      <trkpt lat="50.424132" lon="8.640116">
        <ele>254.757927</ele>
        <time>2026-06-18T12:40:15.386Z</time>
      </trkpt>
      <trkpt lat="50.424391" lon="8.637348">
        <ele>261.181227</ele>
        <time>2026-06-18T12:41:26.344Z</time>
      </trkpt>
      <trkpt lat="50.424250" lon="8.636822">
        <ele>262.432256</ele>
        <time>2026-06-18T12:41:40.211Z</time>
      </trkpt>
      <trkpt lat="50.423947" lon="8.636586">
        <ele>263.930218</ele>
        <time>2026-06-18T12:41:54.753Z</time>
      </trkpt>
      <trkpt lat="50.423796" lon="8.636213">
        <ele>265.414360</ele>
        <time>2026-06-18T12:42:07.954Z</time>
      </trkpt>
      <trkpt lat="50.425013" lon="8.635256">
        <ele>275.443307</ele>
        <time>2026-06-18T12:43:27.590Z</time>
      </trkpt>
      <trkpt lat="50.425737" lon="8.634697">
        <ele>282.173376</ele>
        <time>2026-06-18T12:44:18.897Z</time>
      </trkpt>
      <trkpt lat="50.426049" lon="8.634485">
        <ele>284.885725</ele>
        <time>2026-06-18T12:44:39.546Z</time>
      </trkpt>
      <trkpt lat="50.427662" lon="8.633214">
        <ele>298.485217</ele>
        <time>2026-06-18T12:46:26.694Z</time>
      </trkpt>
      <trkpt lat="50.427815" lon="8.633100">
        <ele>299.680280</ele>
        <time>2026-06-18T12:46:36.051Z</time>
      </trkpt>
      <trkpt lat="50.427815" lon="8.632612">
        <ele>301.810463</ele>
        <time>2026-06-18T12:46:56.528Z</time>
      </trkpt>
      <trkpt lat="50.427846" lon="8.632125">
        <ele>304.033945</ele>
        <time>2026-06-18T12:47:17.507Z</time>
      </trkpt>
      <trkpt lat="50.427936" lon="8.631697">
        <ele>306.227080</ele>
        <time>2026-06-18T12:47:37.569Z</time>
      </trkpt>
      <trkpt lat="50.428214" lon="8.631071">
        <ele>310.243469</ele>
        <time>2026-06-18T12:48:13.331Z</time>
      </trkpt>
      <trkpt lat="50.428328" lon="8.630641">
        <ele>313.047735</ele>
        <time>2026-06-18T12:48:36.937Z</time>
      </trkpt>
      <trkpt lat="50.428443" lon="8.630384">
        <ele>315.092863</ele>
        <time>2026-06-18T12:48:53.724Z</time>
      </trkpt>
      <trkpt lat="50.428592" lon="8.630165">
        <ele>317.207136</ele>
        <time>2026-06-18T12:49:10.975Z</time>
      </trkpt>
      <trkpt lat="50.428651" lon="8.629335">
        <ele>322.766123</ele>
        <time>2026-06-18T12:49:55.742Z</time>
      </trkpt>
      <trkpt lat="50.428721" lon="8.628856">
        <ele>325.787720</ele>
        <time>2026-06-18T12:50:21.315Z</time>
      </trkpt>
      <trkpt lat="50.428966" lon="8.626028">
        <ele>339.268520</ele>
        <time>2026-06-18T12:52:27.058Z</time>
      </trkpt>
      <trkpt lat="50.429036" lon="8.624909">
        <ele>342.183453</ele>
        <time>2026-06-18T12:53:04.144Z</time>
      </trkpt>
      <trkpt lat="50.429191" lon="8.623390">
        <ele>342.738456</ele>
        <time>2026-06-18T12:53:38.405Z</time>
      </trkpt>
      <trkpt lat="50.429288" lon="8.622154">
        <ele>341.778651</ele>
        <time>2026-06-18T12:54:01.004Z</time>
      </trkpt>
      <trkpt lat="50.429446" lon="8.621970">
        <ele>341.370622</ele>
        <time>2026-06-18T12:54:06.356Z</time>
      </trkpt>
      <trkpt lat="50.429621" lon="8.621661">
        <ele>340.703936</ele>
        <time>2026-06-18T12:54:13.392Z</time>
      </trkpt>
      <trkpt lat="50.429807" lon="8.621257">
        <ele>339.914739</ele>
        <time>2026-06-18T12:54:21.873Z</time>
      </trkpt>
      <trkpt lat="50.430048" lon="8.620948">
        <ele>339.227252</ele>
        <time>2026-06-18T12:54:30.216Z</time>
      </trkpt>
      <trkpt lat="50.431250" lon="8.620030">
        <ele>337.159932</ele>
        <time>2026-06-18T12:55:07.635Z</time>
      </trkpt>
      <trkpt lat="50.432809" lon="8.618940">
        <ele>339.820851</ele>
        <time>2026-06-18T12:56:16.025Z</time>
      </trkpt>
      <trkpt lat="50.432850" lon="8.617404">
        <ele>341.609462</ele>
        <time>2026-06-18T12:56:46.397Z</time>
      </trkpt>
      <trkpt lat="50.432642" lon="8.616623">
        <ele>341.733270</ele>
        <time>2026-06-18T12:56:58.591Z</time>
      </trkpt>
      <trkpt lat="50.431761" lon="8.617239">
        <ele>339.959124</ele>
        <time>2026-06-18T12:57:25.550Z</time>
      </trkpt>
      <trkpt lat="50.430626" lon="8.617941">
        <ele>334.428183</ele>
        <time>2026-06-18T12:57:55.188Z</time>
      </trkpt>
      <trkpt lat="50.430270" lon="8.618267">
        <ele>332.915187</ele>
        <time>2026-06-18T12:58:05.353Z</time>
      </trkpt>
      <trkpt lat="50.429567" lon="8.618768">
        <ele>332.831106</ele>
        <time>2026-06-18T12:58:29.640Z</time>
      </trkpt>
      <trkpt lat="50.429704" lon="8.617115">
        <ele>339.682467</ele>
        <time>2026-06-18T12:59:38.573Z</time>
      </trkpt>
      <trkpt lat="50.429793" lon="8.615384">
        <ele>348.679315</ele>
        <time>2026-06-18T13:01:00.282Z</time>
      </trkpt>
      <trkpt lat="50.428799" lon="8.616190">
        <ele>353.274826</ele>
        <time>2026-06-18T13:01:58.677Z</time>
      </trkpt>
      <trkpt lat="50.427833" lon="8.617106">
        <ele>355.028745</ele>
        <time>2026-06-18T13:02:43.636Z</time>
      </trkpt>
      <trkpt lat="50.427146" lon="8.617690">
        <ele>353.578266</ele>
        <time>2026-06-18T13:03:05.193Z</time>
      </trkpt>
      <trkpt lat="50.425838" lon="8.618653">
        <ele>344.662495</ele>
        <time>2026-06-18T13:03:38.674Z</time>
      </trkpt>
      <trkpt lat="50.425726" lon="8.618669">
        <ele>343.922770</ele>
        <time>2026-06-18T13:03:41.241Z</time>
      </trkpt>
      <trkpt lat="50.425280" lon="8.618871">
        <ele>340.937530</ele>
        <time>2026-06-18T13:03:51.941Z</time>
      </trkpt>
      <trkpt lat="50.425140" lon="8.618889">
        <ele>340.136492</ele>
        <time>2026-06-18T13:03:55.260Z</time>
      </trkpt>
      <trkpt lat="50.424906" lon="8.618830">
        <ele>338.951704</ele>
        <time>2026-06-18T13:04:00.981Z</time>
      </trkpt>
      <trkpt lat="50.424467" lon="8.619194">
        <ele>337.051189</ele>
        <time>2026-06-18T13:04:13.470Z</time>
      </trkpt>
      <trkpt lat="50.423762" lon="8.619738">
        <ele>335.140182</ele>
        <time>2026-06-18T13:04:34.536Z</time>
      </trkpt>
      <trkpt lat="50.423652" lon="8.619786">
        <ele>334.822289</ele>
        <time>2026-06-18T13:04:37.550Z</time>
      </trkpt>
      <trkpt lat="50.423551" lon="8.619831">
        <ele>334.526831</ele>
        <time>2026-06-18T13:04:40.304Z</time>
      </trkpt>
      <trkpt lat="50.423241" lon="8.619882">
        <ele>333.707196</ele>
        <time>2026-06-18T13:04:45.218Z</time>
      </trkpt>
      <trkpt lat="50.423040" lon="8.619984">
        <ele>333.223634</ele>
        <time>2026-06-18T13:04:48.621Z</time>
      </trkpt>
      <trkpt lat="50.422478" lon="8.620358">
        <ele>332.078110</ele>
        <time>2026-06-18T13:04:58.844Z</time>
      </trkpt>
      <trkpt lat="50.422413" lon="8.620385">
        <ele>331.945239</ele>
        <time>2026-06-18T13:04:59.928Z</time>
      </trkpt>
      <trkpt lat="50.422114" lon="8.620371">
        <ele>331.093161</ele>
        <time>2026-06-18T13:05:04.610Z</time>
      </trkpt>
      <trkpt lat="50.421619" lon="8.620530">
        <ele>329.477519</ele>
        <time>2026-06-18T13:05:12.272Z</time>
      </trkpt>
      <trkpt lat="50.421552" lon="8.620613">
        <ele>329.187790</ele>
        <time>2026-06-18T13:05:13.602Z</time>
      </trkpt>
      <trkpt lat="50.420929" lon="8.621386">
        <ele>326.343153</ele>
        <time>2026-06-18T13:05:25.468Z</time>
      </trkpt>
      <trkpt lat="50.420862" lon="8.621514">
        <ele>326.013150</ele>
        <time>2026-06-18T13:05:27.101Z</time>
      </trkpt>
      <trkpt lat="50.420829" lon="8.621788">
        <ele>325.554770</ele>
        <time>2026-06-18T13:05:29.953Z</time>
      </trkpt>
      <trkpt lat="50.420396" lon="8.622172">
        <ele>324.638644</ele>
        <time>2026-06-18T13:05:38.228Z</time>
      </trkpt>
      <trkpt lat="50.420189" lon="8.622295">
        <ele>324.462843</ele>
        <time>2026-06-18T13:05:42.283Z</time>
      </trkpt>
      <trkpt lat="50.420214" lon="8.621974">
        <ele>324.530817</ele>
        <time>2026-06-18T13:05:46.828Z</time>
      </trkpt>
      <trkpt lat="50.420194" lon="8.621792">
        <ele>324.696990</ele>
        <time>2026-06-18T13:05:49.567Z</time>
      </trkpt>
      <trkpt lat="50.419420" lon="8.621506">
        <ele>326.561895</ele>
        <time>2026-06-18T13:06:24.749Z</time>
      </trkpt>
      <trkpt lat="50.418946" lon="8.621419">
        <ele>327.332823</ele>
        <time>2026-06-18T13:06:44.120Z</time>
      </trkpt>
      <trkpt lat="50.418503" lon="8.621937">
        <ele>327.251085</ele>
        <time>2026-06-18T13:07:01.400Z</time>
      </trkpt>
      <trkpt lat="50.418476" lon="8.622139">
        <ele>327.149942</ele>
        <time>2026-06-18T13:07:05.236Z</time>
      </trkpt>
      <trkpt lat="50.418073" lon="8.622710">
        <ele>325.860518</ele>
        <time>2026-06-18T13:07:20.045Z</time>
      </trkpt>
      <trkpt lat="50.417392" lon="8.622749">
        <ele>323.095087</ele>
        <time>2026-06-18T13:07:36.791Z</time>
      </trkpt>
      <trkpt lat="50.417072" lon="8.622952">
        <ele>321.619736</ele>
        <time>2026-06-18T13:07:45.337Z</time>
      </trkpt>
      <trkpt lat="50.416785" lon="8.623252">
        <ele>320.417032</ele>
        <time>2026-06-18T13:07:53.979Z</time>
      </trkpt>
      <trkpt lat="50.415939" lon="8.623513">
        <ele>318.338108</ele>
        <time>2026-06-18T13:08:17.063Z</time>
      </trkpt>
      <trkpt lat="50.415643" lon="8.623660">
        <ele>318.339824</ele>
        <time>2026-06-18T13:08:27.387Z</time>
      </trkpt>
      <trkpt lat="50.415499" lon="8.623837">
        <ele>318.650761</ele>
        <time>2026-06-18T13:08:34.461Z</time>
      </trkpt>
      <trkpt lat="50.415268" lon="8.624349">
        <ele>320.071156</ele>
        <time>2026-06-18T13:08:54.673Z</time>
      </trkpt>
      <trkpt lat="50.414734" lon="8.625012">
        <ele>323.430733</ele>
        <time>2026-06-18T13:09:33.223Z</time>
      </trkpt>
      <trkpt lat="50.414712" lon="8.624887">
        <ele>323.875387</ele>
        <time>2026-06-18T13:09:37.490Z</time>
      </trkpt>
      <trkpt lat="50.414647" lon="8.624862">
        <ele>324.235497</ele>
        <time>2026-06-18T13:09:40.700Z</time>
      </trkpt>
      <trkpt lat="50.414519" lon="8.624926">
        <ele>325.038023</ele>
        <time>2026-06-18T13:09:47.590Z</time>
      </trkpt>
      <trkpt lat="50.414328" lon="8.625216">
        <ele>326.708214</ele>
        <time>2026-06-18T13:10:01.427Z</time>
      </trkpt>
      <trkpt lat="50.413860" lon="8.625664">
        <ele>330.261991</ele>
        <time>2026-06-18T13:10:31.573Z</time>
      </trkpt>
      <trkpt lat="50.412960" lon="8.625930">
        <ele>335.578212</ele>
        <time>2026-06-18T13:11:17.499Z</time>
      </trkpt>
      <trkpt lat="50.412860" lon="8.625930">
        <ele>336.128101</ele>
        <time>2026-06-18T13:11:22.054Z</time>
      </trkpt>
      <trkpt lat="50.412845" lon="8.625855">
        <ele>336.403554</ele>
        <time>2026-06-18T13:11:24.708Z</time>
      </trkpt>
      <trkpt lat="50.413210" lon="8.625670">
        <ele>338.654941</ele>
        <time>2026-06-18T13:11:43.783Z</time>
      </trkpt>
      <trkpt lat="50.413806" lon="8.624982">
        <ele>343.537629</ele>
        <time>2026-06-18T13:12:24.703Z</time>
      </trkpt>
      <trkpt lat="50.414177" lon="8.623758">
        <ele>347.885057</ele>
        <time>2026-06-18T13:13:04.846Z</time>
      </trkpt>
      <trkpt lat="50.414108" lon="8.623749">
        <ele>348.223537</ele>
        <time>2026-06-18T13:13:08.822Z</time>
      </trkpt>
      <trkpt lat="50.414060" lon="8.623840">
        <ele>348.590926</ele>
        <time>2026-06-18T13:13:12.977Z</time>
      </trkpt>
      <trkpt lat="50.413990" lon="8.624110">
        <ele>349.476708</ele>
        <time>2026-06-18T13:13:23.419Z</time>
      </trkpt>
      <trkpt lat="50.413830" lon="8.624420">
        <ele>350.625535</ele>
        <time>2026-06-18T13:13:37.204Z</time>
      </trkpt>
      <trkpt lat="50.413770" lon="8.624490">
        <ele>350.970618</ele>
        <time>2026-06-18T13:13:41.226Z</time>
      </trkpt>
      <trkpt lat="50.413495" lon="8.624587">
        <ele>352.157745</ele>
        <time>2026-06-18T13:13:56.511Z</time>
      </trkpt>
      <trkpt lat="50.413218" lon="8.624971">
        <ele>353.267761</ele>
        <time>2026-06-18T13:14:13.598Z</time>
      </trkpt>
      <trkpt lat="50.413133" lon="8.625014">
        <ele>353.511788</ele>
        <time>2026-06-18T13:14:17.387Z</time>
      </trkpt>
      <trkpt lat="50.413068" lon="8.625047">
        <ele>353.643094</ele>
        <time>2026-06-18T13:14:20.335Z</time>
      </trkpt>
      <trkpt lat="50.412886" lon="8.625017">
        <ele>353.962169</ele>
        <time>2026-06-18T13:14:27.813Z</time>
      </trkpt>
      <trkpt lat="50.412561" lon="8.625095">
        <ele>354.202523</ele>
        <time>2026-06-18T13:14:39.592Z</time>
      </trkpt>
      <trkpt lat="50.412533" lon="8.625051">
        <ele>354.227415</ele>
        <time>2026-06-18T13:14:41.156Z</time>
      </trkpt>
      <trkpt lat="50.411623" lon="8.625467">
        <ele>353.951587</ele>
        <time>2026-06-18T13:15:10.265Z</time>
      </trkpt>
      <trkpt lat="50.411195" lon="8.625358">
        <ele>353.249978</ele>
        <time>2026-06-18T13:15:18.040Z</time>
      </trkpt>
      <trkpt lat="50.411026" lon="8.625206">
        <ele>353.251939</ele>
        <time>2026-06-18T13:15:21.837Z</time>
      </trkpt>
      <trkpt lat="50.410776" lon="8.624452">
        <ele>354.681251</ele>
        <time>2026-06-18T13:15:40.514Z</time>
      </trkpt>
      <trkpt lat="50.410588" lon="8.623771">
        <ele>357.881833</ele>
        <time>2026-06-18T13:16:07.263Z</time>
      </trkpt>
      <trkpt lat="50.410560" lon="8.623586">
        <ele>358.877523</ele>
        <time>2026-06-18T13:16:16.350Z</time>
      </trkpt>
      <trkpt lat="50.410567" lon="8.623408">
        <ele>359.898168</ele>
        <time>2026-06-18T13:16:25.164Z</time>
      </trkpt>
      <trkpt lat="50.410617" lon="8.623149">
        <ele>361.546224</ele>
        <time>2026-06-18T13:16:38.793Z</time>
      </trkpt>
      <trkpt lat="50.410900" lon="8.622433">
        <ele>367.285957</ele>
        <time>2026-06-18T13:17:24.509Z</time>
      </trkpt>
      <trkpt lat="50.411112" lon="8.622090">
        <ele>370.930839</ele>
        <time>2026-06-18T13:17:53.159Z</time>
      </trkpt>
      <trkpt lat="50.411261" lon="8.621567">
        <ele>375.581623</ele>
        <time>2026-06-18T13:18:28.398Z</time>
      </trkpt>
      <trkpt lat="50.411468" lon="8.621092">
        <ele>380.226393</ele>
        <time>2026-06-18T13:19:03.024Z</time>
      </trkpt>
      <trkpt lat="50.412095" lon="8.619616">
        <ele>395.190324</ele>
        <time>2026-06-18T13:20:54.983Z</time>
      </trkpt>
      <trkpt lat="50.412124" lon="8.619452">
        <ele>396.614205</ele>
        <time>2026-06-18T13:21:05.476Z</time>
      </trkpt>
      <trkpt lat="50.412086" lon="8.619315">
        <ele>397.862963</ele>
        <time>2026-06-18T13:21:14.892Z</time>
      </trkpt>
      <trkpt lat="50.411880" lon="8.619048">
        <ele>401.126003</ele>
        <time>2026-06-18T13:21:39.915Z</time>
      </trkpt>
      <trkpt lat="50.411517" lon="8.618808">
        <ele>405.369122</ele>
        <time>2026-06-18T13:22:14.040Z</time>
      </trkpt>
      <trkpt lat="50.411222" lon="8.618735">
        <ele>408.234832</ele>
        <time>2026-06-18T13:22:38.054Z</time>
      </trkpt>
      <trkpt lat="50.410880" lon="8.618817">
        <ele>411.081433</ele>
        <time>2026-06-18T13:23:03.440Z</time>
      </trkpt>
      <trkpt lat="50.410282" lon="8.618545">
        <ele>414.642682</ele>
        <time>2026-06-18T13:23:40.552Z</time>
      </trkpt>
      <trkpt lat="50.409977" lon="8.618514">
        <ele>416.093910</ele>
        <time>2026-06-18T13:23:57.415Z</time>
      </trkpt>
      <trkpt lat="50.409591" lon="8.618550">
        <ele>417.743261</ele>
        <time>2026-06-18T13:24:18.080Z</time>
      </trkpt>
      <trkpt lat="50.409471" lon="8.618498">
        <ele>418.235233</ele>
        <time>2026-06-18T13:24:24.369Z</time>
      </trkpt>
      <trkpt lat="50.409213" lon="8.618270">
        <ele>419.418291</ele>
        <time>2026-06-18T13:24:39.433Z</time>
      </trkpt>
      <trkpt lat="50.409058" lon="8.618058">
        <ele>420.346716</ele>
        <time>2026-06-18T13:24:50.646Z</time>
      </trkpt>
      <trkpt lat="50.408839" lon="8.617871">
        <ele>421.641196</ele>
        <time>2026-06-18T13:25:05.170Z</time>
      </trkpt>
      <trkpt lat="50.408631" lon="8.617648">
        <ele>423.140393</ele>
        <time>2026-06-18T13:25:20.823Z</time>
      </trkpt>
      <trkpt lat="50.408536" lon="8.617469">
        <ele>424.115044</ele>
        <time>2026-06-18T13:25:30.515Z</time>
      </trkpt>
      <trkpt lat="50.408464" lon="8.617294">
        <ele>425.030344</ele>
        <time>2026-06-18T13:25:39.368Z</time>
      </trkpt>
      <trkpt lat="50.408433" lon="8.617095">
        <ele>425.950395</ele>
        <time>2026-06-18T13:25:48.214Z</time>
      </trkpt>
      <trkpt lat="50.408551" lon="8.615900">
        <ele>431.095566</ele>
        <time>2026-06-18T13:26:38.342Z</time>
      </trkpt>
      <trkpt lat="50.408523" lon="8.615491">
        <ele>432.760784</ele>
        <time>2026-06-18T13:26:55.472Z</time>
      </trkpt>
      <trkpt lat="50.408409" lon="8.614132">
        <ele>437.608782</ele>
        <time>2026-06-18T13:27:46.953Z</time>
      </trkpt>
      <trkpt lat="50.408400" lon="8.613618">
        <ele>439.548235</ele>
        <time>2026-06-18T13:28:06.850Z</time>
      </trkpt>
      <trkpt lat="50.408420" lon="8.613266">
        <ele>441.105179</ele>
        <time>2026-06-18T13:28:21.481Z</time>
      </trkpt>
      <trkpt lat="50.408899" lon="8.613552">
        <ele>445.153212</ele>
        <time>2026-06-18T13:28:53.276Z</time>
      </trkpt>
      <trkpt lat="50.409271" lon="8.613952">
        <ele>449.241177</ele>
        <time>2026-06-18T13:29:23.307Z</time>
      </trkpt>
      <trkpt lat="50.409622" lon="8.614146">
        <ele>452.804665</ele>
        <time>2026-06-18T13:29:49.961Z</time>
      </trkpt>
      <trkpt lat="50.410072" lon="8.614390">
        <ele>456.947449</ele>
        <time>2026-06-18T13:30:20.865Z</time>
      </trkpt>
      <trkpt lat="50.410202" lon="8.614521">
        <ele>458.152490</ele>
        <time>2026-06-18T13:30:30.114Z</time>
      </trkpt>
      <trkpt lat="50.410292" lon="8.614703">
        <ele>459.166859</ele>
        <time>2026-06-18T13:30:38.389Z</time>
      </trkpt>
      <trkpt lat="50.410365" lon="8.615012">
        <ele>460.434351</ele>
        <time>2026-06-18T13:30:49.149Z</time>
      </trkpt>
      <trkpt lat="50.410403" lon="8.615085">
        <ele>460.773117</ele>
        <time>2026-06-18T13:30:52.037Z</time>
      </trkpt>
      <trkpt lat="50.410446" lon="8.615168">
        <ele>461.088564</ele>
        <time>2026-06-18T13:30:55.827Z</time>
      </trkpt>
      <trkpt lat="50.410498" lon="8.615265">
        <ele>461.462372</ele>
        <time>2026-06-18T13:30:59.326Z</time>
      </trkpt>
      <trkpt lat="50.410758" lon="8.615547">
        <ele>462.768980</ele>
        <time>2026-06-18T13:31:12.527Z</time>
      </trkpt>
      <trkpt lat="50.410943" lon="8.615698">
        <ele>463.471428</ele>
        <time>2026-06-18T13:31:20.734Z</time>
      </trkpt>
      <trkpt lat="50.411314" lon="8.616090">
        <ele>464.586506</ele>
        <time>2026-06-18T13:31:35.951Z</time>
      </trkpt>
      <trkpt lat="50.411436" lon="8.616219">
        <ele>464.885777</ele>
        <time>2026-06-18T13:31:40.521Z</time>
      </trkpt>
      <trkpt lat="50.411583" lon="8.616327">
        <ele>465.166442</ele>
        <time>2026-06-18T13:31:45.496Z</time>
      </trkpt>
      <trkpt lat="50.411724" lon="8.616362">
        <ele>465.369897</ele>
        <time>2026-06-18T13:31:49.498Z</time>
      </trkpt>
      <trkpt lat="50.411920" lon="8.616324">
        <ele>465.465235</ele>
        <time>2026-06-18T13:31:54.227Z</time>
      </trkpt>
      <trkpt lat="50.412129" lon="8.616172">
        <ele>465.365392</ele>
        <time>2026-06-18T13:31:58.847Z</time>
      </trkpt>
      <trkpt lat="50.412567" lon="8.615664">
        <ele>464.515061</ele>
        <time>2026-06-18T13:32:08.789Z</time>
      </trkpt>
      <trkpt lat="50.412689" lon="8.615558">
        <ele>464.172407</ele>
        <time>2026-06-18T13:32:11.156Z</time>
      </trkpt>
      <trkpt lat="50.414776" lon="8.615639">
        <ele>456.796582</ele>
        <time>2026-06-18T13:32:44.313Z</time>
      </trkpt>
      <trkpt lat="50.412689" lon="8.615558">
        <ele>464.140124</ele>
        <time>2026-06-18T13:34:08.459Z</time>
      </trkpt>
      <trkpt lat="50.412567" lon="8.615664">
        <ele>464.533183</ele>
        <time>2026-06-18T13:34:13.199Z</time>
      </trkpt>
      <trkpt lat="50.412129" lon="8.616172">
        <ele>465.343595</ele>
        <time>2026-06-18T13:34:28.903Z</time>
      </trkpt>
      <trkpt lat="50.411920" lon="8.616324">
        <ele>465.449065</ele>
        <time>2026-06-18T13:34:34.354Z</time>
      </trkpt>
      <trkpt lat="50.411724" lon="8.616362">
        <ele>465.345584</ele>
        <time>2026-06-18T13:34:38.310Z</time>
      </trkpt>
      <trkpt lat="50.411583" lon="8.616327">
        <ele>465.180975</ele>
        <time>2026-06-18T13:34:40.959Z</time>
      </trkpt>
      <trkpt lat="50.411436" lon="8.616219">
        <ele>464.889670</ele>
        <time>2026-06-18T13:34:43.839Z</time>
      </trkpt>
      <trkpt lat="50.411314" lon="8.616090">
        <ele>464.575033</ele>
        <time>2026-06-18T13:34:46.432Z</time>
      </trkpt>
      <trkpt lat="50.410943" lon="8.615698">
        <ele>463.449378</ele>
        <time>2026-06-18T13:34:54.015Z</time>
      </trkpt>
      <trkpt lat="50.410758" lon="8.615547">
        <ele>462.757996</ele>
        <time>2026-06-18T13:34:57.360Z</time>
      </trkpt>
      <trkpt lat="50.410498" lon="8.615265">
        <ele>461.470235</ele>
        <time>2026-06-18T13:35:02.325Z</time>
      </trkpt>
      <trkpt lat="50.410446" lon="8.615168">
        <ele>461.087930</ele>
        <time>2026-06-18T13:35:03.578Z</time>
      </trkpt>
      <trkpt lat="50.410403" lon="8.615085">
        <ele>460.740278</ele>
        <time>2026-06-18T13:35:05.218Z</time>
      </trkpt>
      <trkpt lat="50.410365" lon="8.615012">
        <ele>460.433929</ele>
        <time>2026-06-18T13:35:06.124Z</time>
      </trkpt>
      <trkpt lat="50.410292" lon="8.614703">
        <ele>459.164408</ele>
        <time>2026-06-18T13:35:09.216Z</time>
      </trkpt>
      <trkpt lat="50.410202" lon="8.614521">
        <ele>458.140328</ele>
        <time>2026-06-18T13:35:11.320Z</time>
      </trkpt>
      <trkpt lat="50.410072" lon="8.614390">
        <ele>456.973079</ele>
        <time>2026-06-18T13:35:13.496Z</time>
      </trkpt>
      <trkpt lat="50.409622" lon="8.614146">
        <ele>452.833889</ele>
        <time>2026-06-18T13:35:20.101Z</time>
      </trkpt>
      <trkpt lat="50.409271" lon="8.613952">
        <ele>449.100460</ele>
        <time>2026-06-18T13:35:25.128Z</time>
      </trkpt>
      <trkpt lat="50.408899" lon="8.613552">
        <ele>444.510556</ele>
        <time>2026-06-18T13:35:31.229Z</time>
      </trkpt>
      <trkpt lat="50.408420" lon="8.613266">
        <ele>439.423500</ele>
        <time>2026-06-18T13:35:38.170Z</time>
      </trkpt>
      <trkpt lat="50.408291" lon="8.613043">
        <ele>437.624217</ele>
        <time>2026-06-18T13:35:40.801Z</time>
      </trkpt>
      <trkpt lat="50.408104" lon="8.612419">
        <ele>433.837678</ele>
        <time>2026-06-18T13:35:46.899Z</time>
      </trkpt>
      <trkpt lat="50.408040" lon="8.612082">
        <ele>432.114587</ele>
        <time>2026-06-18T13:35:50.048Z</time>
      </trkpt>
      <trkpt lat="50.407994" lon="8.611304">
        <ele>428.559381</ele>
        <time>2026-06-18T13:35:57.174Z</time>
      </trkpt>
      <trkpt lat="50.407962" lon="8.611155">
        <ele>427.978294</ele>
        <time>2026-06-18T13:35:58.620Z</time>
      </trkpt>
      <trkpt lat="50.407416" lon="8.609802">
        <ele>422.906807</ele>
        <time>2026-06-18T13:36:14.083Z</time>
      </trkpt>
      <trkpt lat="50.407129" lon="8.609213">
        <ele>421.845438</ele>
        <time>2026-06-18T13:36:26.995Z</time>
      </trkpt>
      <trkpt lat="50.407219" lon="8.609140">
        <ele>421.705666</ele>
        <time>2026-06-18T13:36:29.879Z</time>
      </trkpt>
      <trkpt lat="50.407870" lon="8.609525">
        <ele>420.774322</ele>
        <time>2026-06-18T13:36:49.843Z</time>
      </trkpt>
      <trkpt lat="50.408283" lon="8.609310">
        <ele>419.945299</ele>
        <time>2026-06-18T13:37:02.031Z</time>
      </trkpt>
      <trkpt lat="50.408632" lon="8.609084">
        <ele>418.816571</ele>
        <time>2026-06-18T13:37:11.872Z</time>
      </trkpt>
      <trkpt lat="50.409305" lon="8.608931">
        <ele>416.119552</ele>
        <time>2026-06-18T13:37:28.771Z</time>
      </trkpt>
      <trkpt lat="50.409608" lon="8.609089">
        <ele>414.897847</ele>
        <time>2026-06-18T13:37:36.753Z</time>
      </trkpt>
      <trkpt lat="50.409947" lon="8.609152">
        <ele>413.603320</ele>
        <time>2026-06-18T13:37:45.360Z</time>
      </trkpt>
      <trkpt lat="50.410149" lon="8.609259">
        <ele>412.811482</ele>
        <time>2026-06-18T13:37:50.769Z</time>
      </trkpt>
      <trkpt lat="50.410379" lon="8.609435">
        <ele>411.871256</ele>
        <time>2026-06-18T13:37:57.263Z</time>
      </trkpt>
      <trkpt lat="50.410716" lon="8.609762">
        <ele>410.266308</ele>
        <time>2026-06-18T13:38:07.136Z</time>
      </trkpt>
      <trkpt lat="50.410933" lon="8.609877">
        <ele>409.175477</ele>
        <time>2026-06-18T13:38:12.707Z</time>
      </trkpt>
      <trkpt lat="50.411265" lon="8.609957">
        <ele>407.320612</ele>
        <time>2026-06-18T13:38:20.667Z</time>
      </trkpt>
      <trkpt lat="50.412288" lon="8.609851">
        <ele>400.291047</ele>
        <time>2026-06-18T13:38:44.083Z</time>
      </trkpt>
      <trkpt lat="50.412438" lon="8.609723">
        <ele>399.082491</ele>
        <time>2026-06-18T13:38:47.934Z</time>
      </trkpt>
      <trkpt lat="50.412653" lon="8.609256">
        <ele>396.304771</ele>
        <time>2026-06-18T13:38:56.199Z</time>
      </trkpt>
      <trkpt lat="50.412832" lon="8.608769">
        <ele>393.601977</ele>
        <time>2026-06-18T13:39:04.252Z</time>
      </trkpt>
      <trkpt lat="50.412875" lon="8.608419">
        <ele>391.887127</ele>
        <time>2026-06-18T13:39:09.333Z</time>
      </trkpt>
      <trkpt lat="50.412777" lon="8.607645">
        <ele>388.160597</ele>
        <time>2026-06-18T13:39:20.595Z</time>
      </trkpt>
      <trkpt lat="50.412507" lon="8.606576">
        <ele>383.669783</ele>
        <time>2026-06-18T13:39:37.706Z</time>
      </trkpt>
      <trkpt lat="50.412413" lon="8.606079">
        <ele>382.121103</ele>
        <time>2026-06-18T13:39:45.783Z</time>
      </trkpt>
      <trkpt lat="50.412415" lon="8.605862">
        <ele>381.548159</ele>
        <time>2026-06-18T13:39:49.231Z</time>
      </trkpt>
      <trkpt lat="50.412481" lon="8.605289">
        <ele>380.338108</ele>
        <time>2026-06-18T13:39:58.751Z</time>
      </trkpt>
      <trkpt lat="50.412435" lon="8.604741">
        <ele>379.448903</ele>
        <time>2026-06-18T13:40:08.180Z</time>
      </trkpt>
      <trkpt lat="50.412303" lon="8.604010">
        <ele>378.969936</ele>
        <time>2026-06-18T13:40:22.425Z</time>
      </trkpt>
      <trkpt lat="50.412127" lon="8.603217">
        <ele>379.149161</ele>
        <time>2026-06-18T13:40:40.124Z</time>
      </trkpt>
      <trkpt lat="50.412088" lon="8.602850">
        <ele>379.393527</ele>
        <time>2026-06-18T13:40:48.985Z</time>
      </trkpt>
      <trkpt lat="50.412115" lon="8.601887">
        <ele>380.105830</ele>
        <time>2026-06-18T13:41:12.176Z</time>
      </trkpt>
      <trkpt lat="50.412081" lon="8.601765">
        <ele>380.208430</ele>
        <time>2026-06-18T13:41:15.444Z</time>
      </trkpt>
      <trkpt lat="50.411946" lon="8.601484">
        <ele>380.456108</ele>
        <time>2026-06-18T13:41:24.012Z</time>
      </trkpt>
      <trkpt lat="50.411845" lon="8.601402">
        <ele>380.347672</ele>
        <time>2026-06-18T13:41:28.321Z</time>
      </trkpt>
      <trkpt lat="50.410712" lon="8.600959">
        <ele>376.523865</ele>
        <time>2026-06-18T13:41:58.203Z</time>
      </trkpt>
      <trkpt lat="50.410598" lon="8.600884">
        <ele>375.893512</ele>
        <time>2026-06-18T13:42:01.072Z</time>
      </trkpt>
      <trkpt lat="50.410404" lon="8.600657">
        <ele>374.296576</ele>
        <time>2026-06-18T13:42:04.569Z</time>
      </trkpt>
      <trkpt lat="50.410225" lon="8.600376">
        <ele>372.604307</ele>
        <time>2026-06-18T13:42:08.231Z</time>
      </trkpt>
      <trkpt lat="50.410116" lon="8.600150">
        <ele>371.406337</ele>
        <time>2026-06-18T13:42:10.839Z</time>
      </trkpt>
      <trkpt lat="50.410064" lon="8.600060">
        <ele>370.930322</ele>
        <time>2026-06-18T13:42:11.965Z</time>
      </trkpt>
      <trkpt lat="50.409794" lon="8.599289">
        <ele>367.611683</ele>
        <time>2026-06-18T13:42:20.201Z</time>
      </trkpt>
      <trkpt lat="50.409701" lon="8.598896">
        <ele>366.620420</ele>
        <time>2026-06-18T13:42:24.458Z</time>
      </trkpt>
      <trkpt lat="50.409661" lon="8.597098">
        <ele>363.451933</ele>
        <time>2026-06-18T13:42:43.769Z</time>
      </trkpt>
      <trkpt lat="50.409763" lon="8.596608">
        <ele>362.187912</ele>
        <time>2026-06-18T13:42:48.954Z</time>
      </trkpt>
      <trkpt lat="50.409730" lon="8.596384">
        <ele>361.550025</ele>
        <time>2026-06-18T13:42:51.205Z</time>
      </trkpt>
      <trkpt lat="50.409583" lon="8.596229">
        <ele>360.679937</ele>
        <time>2026-06-18T13:42:53.876Z</time>
      </trkpt>
      <trkpt lat="50.409410" lon="8.596099">
        <ele>359.584796</ele>
        <time>2026-06-18T13:42:56.723Z</time>
      </trkpt>
      <trkpt lat="50.409248" lon="8.595806">
        <ele>358.126003</ele>
        <time>2026-06-18T13:43:00.353Z</time>
      </trkpt>
      <trkpt lat="50.408899" lon="8.594497">
        <ele>353.468920</ele>
        <time>2026-06-18T13:43:13.990Z</time>
      </trkpt>
      <trkpt lat="50.408894" lon="8.594326">
        <ele>353.178242</ele>
        <time>2026-06-18T13:43:15.774Z</time>
      </trkpt>
      <trkpt lat="50.408925" lon="8.594169">
        <ele>352.899476</ele>
        <time>2026-06-18T13:43:17.555Z</time>
      </trkpt>
      <trkpt lat="50.409340" lon="8.593181">
        <ele>353.082560</ele>
        <time>2026-06-18T13:43:34.137Z</time>
      </trkpt>
      <trkpt lat="50.409493" lon="8.592998">
        <ele>353.653726</ele>
        <time>2026-06-18T13:43:41.621Z</time>
      </trkpt>
      <trkpt lat="50.409742" lon="8.592864">
        <ele>354.928694</ele>
        <time>2026-06-18T13:43:53.771Z</time>
      </trkpt>
      <trkpt lat="50.409847" lon="8.592661">
        <ele>355.824708</ele>
        <time>2026-06-18T13:44:02.081Z</time>
      </trkpt>
      <trkpt lat="50.410077" lon="8.592650">
        <ele>357.240296</ele>
        <time>2026-06-18T13:44:14.065Z</time>
      </trkpt>
      <trkpt lat="50.410620" lon="8.592941">
        <ele>361.357022</ele>
        <time>2026-06-18T13:44:46.632Z</time>
      </trkpt>
      <trkpt lat="50.410924" lon="8.592942">
        <ele>363.797048</ele>
        <time>2026-06-18T13:45:05.556Z</time>
      </trkpt>
      <trkpt lat="50.411433" lon="8.592650">
        <ele>368.140839</ele>
        <time>2026-06-18T13:45:39.377Z</time>
      </trkpt>
      <trkpt lat="50.411708" lon="8.592469">
        <ele>370.246620</ele>
        <time>2026-06-18T13:45:56.274Z</time>
      </trkpt>
      <trkpt lat="50.411737" lon="8.592321">
        <ele>370.864768</ele>
        <time>2026-06-18T13:46:01.486Z</time>
      </trkpt>
      <trkpt lat="50.411748" lon="8.592054">
        <ele>371.816575</ele>
        <time>2026-06-18T13:46:09.768Z</time>
      </trkpt>
      <trkpt lat="50.411725" lon="8.591708">
        <ele>373.102885</ele>
        <time>2026-06-18T13:46:20.819Z</time>
      </trkpt>
      <trkpt lat="50.411666" lon="8.591376">
        <ele>374.393231</ele>
        <time>2026-06-18T13:46:31.992Z</time>
      </trkpt>
      <trkpt lat="50.411618" lon="8.591259">
        <ele>374.940924</ele>
        <time>2026-06-18T13:46:36.689Z</time>
      </trkpt>
      <trkpt lat="50.411510" lon="8.591234">
        <ele>375.626649</ele>
        <time>2026-06-18T13:46:42.503Z</time>
      </trkpt>
      <trkpt lat="50.411303" lon="8.591251">
        <ele>376.989323</ele>
        <time>2026-06-18T13:46:53.674Z</time>
      </trkpt>
      <trkpt lat="50.411110" lon="8.591055">
        <ele>378.518362</ele>
        <time>2026-06-18T13:47:06.033Z</time>
      </trkpt>
      <trkpt lat="50.410952" lon="8.590821">
        <ele>380.038800</ele>
        <time>2026-06-18T13:47:18.326Z</time>
      </trkpt>
      <trkpt lat="50.410938" lon="8.590677">
        <ele>380.721899</ele>
        <time>2026-06-18T13:47:23.696Z</time>
      </trkpt>
      <trkpt lat="50.411132" lon="8.590601">
        <ele>382.327942</ele>
        <time>2026-06-18T13:47:36.032Z</time>
      </trkpt>
      <trkpt lat="50.411484" lon="8.590297">
        <ele>385.955879</ele>
        <time>2026-06-18T13:48:02.833Z</time>
      </trkpt>
      <trkpt lat="50.411836" lon="8.590348">
        <ele>389.450482</ele>
        <time>2026-06-18T13:48:28.577Z</time>
      </trkpt>
      <trkpt lat="50.412069" lon="8.590273">
        <ele>391.666767</ele>
        <time>2026-06-18T13:48:44.909Z</time>
      </trkpt>
      <trkpt lat="50.412323" lon="8.590097">
        <ele>394.012416</ele>
        <time>2026-06-18T13:49:02.509Z</time>
      </trkpt>
      <trkpt lat="50.412422" lon="8.590074">
        <ele>394.796646</ele>
        <time>2026-06-18T13:49:08.359Z</time>
      </trkpt>
      <trkpt lat="50.412768" lon="8.590214">
        <ele>397.288329</ele>
        <time>2026-06-18T13:49:28.465Z</time>
      </trkpt>
      <trkpt lat="50.413037" lon="8.590676">
        <ele>399.998747</ele>
        <time>2026-06-18T13:49:50.629Z</time>
      </trkpt>
      <trkpt lat="50.413319" lon="8.591088">
        <ele>402.611999</ele>
        <time>2026-06-18T13:50:11.955Z</time>
      </trkpt>
      <trkpt lat="50.413484" lon="8.591226">
        <ele>403.921350</ele>
        <time>2026-06-18T13:50:22.400Z</time>
      </trkpt>
      <trkpt lat="50.413561" lon="8.591214">
        <ele>404.495033</ele>
        <time>2026-06-18T13:50:26.880Z</time>
      </trkpt>
      <trkpt lat="50.413610" lon="8.591109">
        <ele>405.110327</ele>
        <time>2026-06-18T13:50:31.531Z</time>
      </trkpt>
      <trkpt lat="50.413613" lon="8.590937">
        <ele>405.989232</ele>
        <time>2026-06-18T13:50:37.926Z</time>
      </trkpt>
      <trkpt lat="50.413459" lon="8.589711">
        <ele>413.130325</ele>
        <time>2026-06-18T13:51:31.462Z</time>
      </trkpt>
      <trkpt lat="50.413041" lon="8.588764">
        <ele>420.168371</ele>
        <time>2026-06-18T13:52:22.857Z</time>
      </trkpt>
      <trkpt lat="50.412703" lon="8.587994">
        <ele>425.185049</ele>
        <time>2026-06-18T13:53:00.913Z</time>
      </trkpt>
      <trkpt lat="50.412475" lon="8.586663">
        <ele>430.796303</ele>
        <time>2026-06-18T13:53:47.782Z</time>
      </trkpt>
      <trkpt lat="50.412362" lon="8.586324">
        <ele>431.949190</ele>
        <time>2026-06-18T13:53:58.647Z</time>
      </trkpt>
      <trkpt lat="50.412061" lon="8.585800">
        <ele>433.496422</ele>
        <time>2026-06-18T13:54:16.287Z</time>
      </trkpt>
      <trkpt lat="50.411987" lon="8.585427">
        <ele>433.896392</ele>
        <time>2026-06-18T13:54:23.712Z</time>
      </trkpt>
      <trkpt lat="50.411900" lon="8.584309">
        <ele>433.531881</ele>
        <time>2026-06-18T13:54:38.027Z</time>
      </trkpt>
      <trkpt lat="50.412124" lon="8.583618">
        <ele>432.189101</ele>
        <time>2026-06-18T13:54:46.330Z</time>
      </trkpt>
      <trkpt lat="50.412503" lon="8.582485">
        <ele>428.045933</ele>
        <time>2026-06-18T13:54:58.626Z</time>
      </trkpt>
      <trkpt lat="50.412725" lon="8.582131">
        <ele>426.091131</ele>
        <time>2026-06-18T13:55:03.244Z</time>
      </trkpt>
      <trkpt lat="50.412969" lon="8.581882">
        <ele>424.077817</ele>
        <time>2026-06-18T13:55:07.454Z</time>
      </trkpt>
      <trkpt lat="50.413565" lon="8.581487">
        <ele>418.954560</ele>
        <time>2026-06-18T13:55:16.540Z</time>
      </trkpt>
      <trkpt lat="50.414071" lon="8.581327">
        <ele>414.499358</ele>
        <time>2026-06-18T13:55:23.664Z</time>
      </trkpt>
      <trkpt lat="50.414323" lon="8.581329">
        <ele>412.270417</ele>
        <time>2026-06-18T13:55:27.150Z</time>
      </trkpt>
      <trkpt lat="50.414825" lon="8.581614">
        <ele>407.291706</ele>
        <time>2026-06-18T13:55:34.447Z</time>
      </trkpt>
      <trkpt lat="50.415249" lon="8.581932">
        <ele>402.850663</ele>
        <time>2026-06-18T13:55:40.871Z</time>
      </trkpt>
      <trkpt lat="50.415353" lon="8.582081">
        <ele>401.616933</ele>
        <time>2026-06-18T13:55:42.817Z</time>
      </trkpt>
      <trkpt lat="50.415413" lon="8.582221">
        <ele>400.737217</ele>
        <time>2026-06-18T13:55:45.216Z</time>
      </trkpt>
      <trkpt lat="50.415417" lon="8.581690">
        <ele>398.128163</ele>
        <time>2026-06-18T13:55:52.782Z</time>
      </trkpt>
      <trkpt lat="50.415422" lon="8.581534">
        <ele>397.420728</ele>
        <time>2026-06-18T13:55:55.060Z</time>
      </trkpt>
      <trkpt lat="50.415326" lon="8.581044">
        <ele>395.283573</ele>
        <time>2026-06-18T13:56:02.529Z</time>
      </trkpt>
      <trkpt lat="50.415931" lon="8.579918">
        <ele>390.580947</ele>
        <time>2026-06-18T13:56:25.101Z</time>
      </trkpt>
      <trkpt lat="50.416069" lon="8.579028">
        <ele>389.054066</ele>
        <time>2026-06-18T13:56:40.590Z</time>
      </trkpt>
      <trkpt lat="50.416214" lon="8.578579">
        <ele>388.954982</ele>
        <time>2026-06-18T13:56:50.565Z</time>
      </trkpt>
      <trkpt lat="50.416271" lon="8.578203">
        <ele>389.331713</ele>
        <time>2026-06-18T13:57:00.365Z</time>
      </trkpt>
      <trkpt lat="50.416269" lon="8.578017">
        <ele>389.699568</ele>
        <time>2026-06-18T13:57:05.675Z</time>
      </trkpt>
      <trkpt lat="50.416098" lon="8.577643">
        <ele>390.938185</ele>
        <time>2026-06-18T13:57:21.108Z</time>
      </trkpt>
      <trkpt lat="50.415540" lon="8.576702">
        <ele>397.133228</ele>
        <time>2026-06-18T13:58:18.413Z</time>
      </trkpt>
      <trkpt lat="50.415134" lon="8.575575">
        <ele>405.138197</ele>
        <time>2026-06-18T13:59:25.770Z</time>
      </trkpt>
      <trkpt lat="50.414992" lon="8.575281">
        <ele>407.142893</ele>
        <time>2026-06-18T13:59:43.591Z</time>
      </trkpt>
      <trkpt lat="50.414487" lon="8.574749">
        <ele>411.655984</ele>
        <time>2026-06-18T14:00:25.177Z</time>
      </trkpt>
      <trkpt lat="50.414355" lon="8.574522">
        <ele>412.875156</ele>
        <time>2026-06-18T14:00:37.376Z</time>
      </trkpt>
      <trkpt lat="50.414062" lon="8.574008">
        <ele>415.395748</ele>
        <time>2026-06-18T14:01:03.796Z</time>
      </trkpt>
      <trkpt lat="50.413833" lon="8.573507">
        <ele>417.745599</ele>
        <time>2026-06-18T14:01:27.539Z</time>
      </trkpt>
      <trkpt lat="50.412751" lon="8.570700">
        <ele>432.233911</ele>
        <time>2026-06-18T14:03:47.267Z</time>
      </trkpt>
      <trkpt lat="50.412433" lon="8.569889">
        <ele>436.806020</ele>
        <time>2026-06-18T14:04:30.032Z</time>
      </trkpt>
      <trkpt lat="50.412357" lon="8.569803">
        <ele>437.452208</ele>
        <time>2026-06-18T14:04:36.210Z</time>
      </trkpt>
      <trkpt lat="50.411840" lon="8.569601">
        <ele>440.274831</ele>
        <time>2026-06-18T14:05:07.395Z</time>
      </trkpt>
      <trkpt lat="50.411461" lon="8.569567">
        <ele>441.367056</ele>
        <time>2026-06-18T14:05:25.192Z</time>
      </trkpt>
      <trkpt lat="50.408921" lon="8.569983">
        <ele>438.251423</ele>
        <time>2026-06-18T14:06:37.707Z</time>
      </trkpt>
      <trkpt lat="50.407836" lon="8.570142">
        <ele>441.942987</ele>
        <time>2026-06-18T14:07:31.884Z</time>
      </trkpt>
      <trkpt lat="50.407537" lon="8.570197">
        <ele>443.956849</ele>
        <time>2026-06-18T14:07:52.201Z</time>
      </trkpt>
      <trkpt lat="50.407164" lon="8.570266">
        <ele>446.882800</ele>
        <time>2026-06-18T14:08:18.886Z</time>
      </trkpt>
      <trkpt lat="50.406344" lon="8.570406">
        <ele>453.172887</ele>
        <time>2026-06-18T14:09:17.125Z</time>
      </trkpt>
      <trkpt lat="50.406217" lon="8.570369">
        <ele>454.067156</ele>
        <time>2026-06-18T14:09:25.696Z</time>
      </trkpt>
      <trkpt lat="50.406116" lon="8.570273">
        <ele>454.861019</ele>
        <time>2026-06-18T14:09:33.248Z</time>
      </trkpt>
      <trkpt lat="50.405861" lon="8.569923">
        <ele>456.769107</ele>
        <time>2026-06-18T14:09:53.718Z</time>
      </trkpt>
      <trkpt lat="50.405641" lon="8.569524">
        <ele>458.479348</ele>
        <time>2026-06-18T14:10:12.858Z</time>
      </trkpt>
      <trkpt lat="50.405527" lon="8.569176">
        <ele>459.585814</ele>
        <time>2026-06-18T14:10:23.737Z</time>
      </trkpt>
      <trkpt lat="50.405520" lon="8.568625">
        <ele>461.024125</ele>
        <time>2026-06-18T14:10:38.281Z</time>
      </trkpt>
      <trkpt lat="50.405822" lon="8.566774">
        <ele>466.329532</ele>
        <time>2026-06-18T14:11:31.117Z</time>
      </trkpt>
      <trkpt lat="50.405855" lon="8.566135">
        <ele>467.233653</ele>
        <time>2026-06-18T14:11:44.737Z</time>
      </trkpt>
      <trkpt lat="50.405965" lon="8.565267">
        <ele>467.441154</ele>
        <time>2026-06-18T14:11:58.101Z</time>
      </trkpt>
      <trkpt lat="50.405994" lon="8.563902">
        <ele>466.129464</ele>
        <time>2026-06-18T14:12:13.742Z</time>
      </trkpt>
      <trkpt lat="50.405989" lon="8.563500">
        <ele>465.413886</ele>
        <time>2026-06-18T14:12:18.002Z</time>
      </trkpt>
      <trkpt lat="50.405971" lon="8.563267">
        <ele>464.972285</ele>
        <time>2026-06-18T14:12:20.458Z</time>
      </trkpt>
      <trkpt lat="50.405940" lon="8.563159">
        <ele>464.765648</ele>
        <time>2026-06-18T14:12:21.719Z</time>
      </trkpt>
      <trkpt lat="50.405889" lon="8.563019">
        <ele>464.484330</ele>
        <time>2026-06-18T14:12:23.440Z</time>
      </trkpt>
      <trkpt lat="50.405613" lon="8.562679">
        <ele>463.486654</ele>
        <time>2026-06-18T14:12:29.284Z</time>
      </trkpt>
      <trkpt lat="50.405492" lon="8.562434">
        <ele>462.818777</ele>
        <time>2026-06-18T14:12:32.516Z</time>
      </trkpt>
      <trkpt lat="50.405237" lon="8.561724">
        <ele>460.513531</ele>
        <time>2026-06-18T14:12:40.563Z</time>
      </trkpt>
      <trkpt lat="50.405193" lon="8.561497">
        <ele>459.665772</ele>
        <time>2026-06-18T14:12:42.801Z</time>
      </trkpt>
      <trkpt lat="50.405171" lon="8.561026">
        <ele>457.595339</ele>
        <time>2026-06-18T14:12:47.154Z</time>
      </trkpt>
      <trkpt lat="50.405245" lon="8.559840">
        <ele>451.137028</ele>
        <time>2026-06-18T14:12:57.698Z</time>
      </trkpt>
      <trkpt lat="50.405326" lon="8.558995">
        <ele>445.273536</ele>
        <time>2026-06-18T14:13:05.009Z</time>
      </trkpt>
      <trkpt lat="50.405270" lon="8.558062">
        <ele>437.964418</ele>
        <time>2026-06-18T14:13:12.874Z</time>
      </trkpt>
      <trkpt lat="50.405082" lon="8.557238">
        <ele>430.641009</ele>
        <time>2026-06-18T14:13:20.146Z</time>
      </trkpt>
      <trkpt lat="50.404983" lon="8.557016">
        <ele>428.693125</ele>
        <time>2026-06-18T14:13:22.450Z</time>
      </trkpt>
      <trkpt lat="50.404760" lon="8.556741">
        <ele>426.177655</ele>
        <time>2026-06-18T14:13:26.344Z</time>
      </trkpt>
      <trkpt lat="50.404469" lon="8.556616">
        <ele>424.274085</ele>
        <time>2026-06-18T14:13:30.765Z</time>
      </trkpt>
      <trkpt lat="50.404290" lon="8.556595">
        <ele>423.672342</ele>
        <time>2026-06-18T14:13:33.634Z</time>
      </trkpt>
      <trkpt lat="50.403879" lon="8.556843">
        <ele>423.352028</ele>
        <time>2026-06-18T14:13:42.177Z</time>
      </trkpt>
      <trkpt lat="50.403754" lon="8.556926">
        <ele>423.681910</ele>
        <time>2026-06-18T14:13:46.256Z</time>
      </trkpt>
      <trkpt lat="50.403759" lon="8.556991">
        <ele>423.892450</ele>
        <time>2026-06-18T14:13:48.383Z</time>
      </trkpt>
      <trkpt lat="50.403463" lon="8.557800">
        <ele>427.083579</ele>
        <time>2026-06-18T14:14:24.731Z</time>
      </trkpt>
      <trkpt lat="50.402859" lon="8.559339">
        <ele>433.367068</ele>
        <time>2026-06-18T14:15:33.051Z</time>
      </trkpt>
      <trkpt lat="50.402711" lon="8.559576">
        <ele>434.412215</ele>
        <time>2026-06-18T14:15:44.705Z</time>
      </trkpt>
      <trkpt lat="50.402531" lon="8.560062">
        <ele>436.263901</ele>
        <time>2026-06-18T14:16:00.959Z</time>
      </trkpt>
      <trkpt lat="50.402132" lon="8.561370">
        <ele>442.136388</ele>
        <time>2026-06-18T14:16:49.054Z</time>
      </trkpt>
      <trkpt lat="50.401874" lon="8.561784">
        <ele>444.865789</ele>
        <time>2026-06-18T14:17:10.361Z</time>
      </trkpt>
      <trkpt lat="50.401788" lon="8.562148">
        <ele>446.837675</ele>
        <time>2026-06-18T14:17:28.437Z</time>
      </trkpt>
      <trkpt lat="50.401523" lon="8.563039">
        <ele>451.330227</ele>
        <time>2026-06-18T14:18:11.625Z</time>
      </trkpt>
      <trkpt lat="50.401385" lon="8.563671">
        <ele>453.239764</ele>
        <time>2026-06-18T14:18:34.428Z</time>
      </trkpt>
      <trkpt lat="50.401368" lon="8.563825">
        <ele>453.570710</ele>
        <time>2026-06-18T14:18:39.219Z</time>
      </trkpt>
      <trkpt lat="50.400959" lon="8.563400">
        <ele>454.320253</ele>
        <time>2026-06-18T14:18:58.262Z</time>
      </trkpt>
      <trkpt lat="50.400819" lon="8.562887">
        <ele>453.856798</ele>
        <time>2026-06-18T14:19:08.944Z</time>
      </trkpt>
      <trkpt lat="50.400382" lon="8.561034">
        <ele>450.033053</ele>
        <time>2026-06-18T14:19:41.333Z</time>
      </trkpt>
      <trkpt lat="50.400343" lon="8.560888">
        <ele>449.830683</ele>
        <time>2026-06-18T14:19:43.993Z</time>
      </trkpt>
      <trkpt lat="50.399915" lon="8.559291">
        <ele>449.162332</ele>
        <time>2026-06-18T14:20:16.839Z</time>
      </trkpt>
      <trkpt lat="50.399451" lon="8.557619">
        <ele>451.288460</ele>
        <time>2026-06-18T14:21:05.999Z</time>
      </trkpt>
      <trkpt lat="50.399108" lon="8.558483">
        <ele>452.440504</ele>
        <time>2026-06-18T14:21:32.322Z</time>
      </trkpt>
      <trkpt lat="50.398919" lon="8.558747">
        <ele>452.639004</ele>
        <time>2026-06-18T14:21:41.397Z</time>
      </trkpt>
      <trkpt lat="50.399195" lon="8.557982">
        <ele>452.451388</ele>
        <time>2026-06-18T14:21:58.820Z</time>
      </trkpt>
      <trkpt lat="50.399226" lon="8.557747">
        <ele>452.222371</ele>
        <time>2026-06-18T14:22:03.170Z</time>
      </trkpt>
      <trkpt lat="50.399218" lon="8.556728">
        <ele>450.330600</ele>
        <time>2026-06-18T14:22:20.155Z</time>
      </trkpt>
      <trkpt lat="50.399155" lon="8.556265">
        <ele>449.104463</ele>
        <time>2026-06-18T14:22:27.612Z</time>
      </trkpt>
      <trkpt lat="50.398980" lon="8.555687">
        <ele>447.391354</ele>
        <time>2026-06-18T14:22:37.697Z</time>
      </trkpt>
      <trkpt lat="50.398790" lon="8.555157">
        <ele>445.738454</ele>
        <time>2026-06-18T14:22:47.262Z</time>
      </trkpt>
      <trkpt lat="50.398740" lon="8.554972">
        <ele>445.270000</ele>
        <time>2026-06-18T14:22:50.397Z</time>
      </trkpt>
      <trkpt lat="50.398512" lon="8.553240">
        <ele>442.599895</ele>
        <time>2026-06-18T14:23:20.635Z</time>
      </trkpt>
      <trkpt lat="50.398439" lon="8.552690">
        <ele>442.545439</ele>
        <time>2026-06-18T14:23:32.296Z</time>
      </trkpt>
      <trkpt lat="50.398371" lon="8.552546">
        <ele>442.647218</ele>
        <time>2026-06-18T14:23:36.461Z</time>
      </trkpt>
      <trkpt lat="50.398299" lon="8.552772">
        <ele>442.880480</ele>
        <time>2026-06-18T14:23:40.624Z</time>
      </trkpt>
      <trkpt lat="50.398147" lon="8.552899">
        <ele>443.107156</ele>
        <time>2026-06-18T14:23:45.029Z</time>
      </trkpt>
      <trkpt lat="50.398091" lon="8.552945">
        <ele>443.187898</ele>
        <time>2026-06-18T14:23:46.622Z</time>
      </trkpt>
      <trkpt lat="50.397916" lon="8.552931">
        <ele>443.362363</ele>
        <time>2026-06-18T14:23:51.025Z</time>
      </trkpt>
      <trkpt lat="50.397859" lon="8.552863">
        <ele>443.422273</ele>
        <time>2026-06-18T14:23:52.775Z</time>
      </trkpt>
      <trkpt lat="50.397754" lon="8.552632">
        <ele>443.531845</ele>
        <time>2026-06-18T14:23:56.865Z</time>
      </trkpt>
      <trkpt lat="50.397627" lon="8.552033">
        <ele>443.121378</ele>
        <time>2026-06-18T14:24:03.778Z</time>
      </trkpt>
      <trkpt lat="50.397542" lon="8.552073">
        <ele>442.939542</ele>
        <time>2026-06-18T14:24:05.289Z</time>
      </trkpt>
      <trkpt lat="50.397220" lon="8.551994">
        <ele>441.734672</ele>
        <time>2026-06-18T14:24:10.481Z</time>
      </trkpt>
      <trkpt lat="50.397054" lon="8.552022">
        <ele>440.915027</ele>
        <time>2026-06-18T14:24:13.007Z</time>
      </trkpt>
      <trkpt lat="50.397009" lon="8.552121">
        <ele>440.457484</ele>
        <time>2026-06-18T14:24:14.163Z</time>
      </trkpt>
      <trkpt lat="50.397013" lon="8.552437">
        <ele>439.129434</ele>
        <time>2026-06-18T14:24:17.078Z</time>
      </trkpt>
      <trkpt lat="50.396943" lon="8.552613">
        <ele>438.156963</ele>
        <time>2026-06-18T14:24:18.953Z</time>
      </trkpt>
      <trkpt lat="50.396658" lon="8.552891">
        <ele>435.233296</ele>
        <time>2026-06-18T14:24:23.596Z</time>
      </trkpt>
      <trkpt lat="50.396571" lon="8.552921">
        <ele>434.418618</ele>
        <time>2026-06-18T14:24:24.817Z</time>
      </trkpt>
      <trkpt lat="50.396360" lon="8.552871">
        <ele>432.370161</ele>
        <time>2026-06-18T14:24:27.724Z</time>
      </trkpt>
      <trkpt lat="50.396234" lon="8.552707">
        <ele>430.734124</ele>
        <time>2026-06-18T14:24:29.942Z</time>
      </trkpt>
      <trkpt lat="50.395909" lon="8.552084">
        <ele>425.854905</ele>
        <time>2026-06-18T14:24:36.940Z</time>
      </trkpt>
      <trkpt lat="50.395766" lon="8.551874">
        <ele>424.311384</ele>
        <time>2026-06-18T14:24:39.694Z</time>
      </trkpt>
      <trkpt lat="50.395631" lon="8.551788">
        <ele>423.194190</ele>
        <time>2026-06-18T14:24:41.749Z</time>
      </trkpt>
      <trkpt lat="50.395501" lon="8.551785">
        <ele>422.205037</ele>
        <time>2026-06-18T14:24:43.603Z</time>
      </trkpt>
      <trkpt lat="50.395347" lon="8.551723">
        <ele>421.000797</ele>
        <time>2026-06-18T14:24:45.854Z</time>
      </trkpt>
      <trkpt lat="50.395307" lon="8.551674">
        <ele>420.617208</ele>
        <time>2026-06-18T14:24:46.577Z</time>
      </trkpt>
      <trkpt lat="50.395255" lon="8.551495">
        <ele>419.690980</ele>
        <time>2026-06-18T14:24:48.362Z</time>
      </trkpt>
      <trkpt lat="50.395199" lon="8.551042">
        <ele>417.484696</ele>
        <time>2026-06-18T14:24:52.528Z</time>
      </trkpt>
      <trkpt lat="50.395164" lon="8.550955">
        <ele>416.951630</ele>
        <time>2026-06-18T14:24:53.451Z</time>
      </trkpt>
      <trkpt lat="50.395086" lon="8.550917">
        <ele>416.257482</ele>
        <time>2026-06-18T14:24:54.596Z</time>
      </trkpt>
      <trkpt lat="50.395012" lon="8.550977">
        <ele>415.549517</ele>
        <time>2026-06-18T14:24:55.757Z</time>
      </trkpt>
      <trkpt lat="50.394829" lon="8.552199">
        <ele>407.618501</ele>
        <time>2026-06-18T14:25:06.629Z</time>
      </trkpt>
      <trkpt lat="50.394733" lon="8.552607">
        <ele>404.170152</ele>
        <time>2026-06-18T14:25:10.261Z</time>
      </trkpt>
      <trkpt lat="50.394517" lon="8.553103">
        <ele>399.041839</ele>
        <time>2026-06-18T14:25:15.238Z</time>
      </trkpt>
      <trkpt lat="50.394300" lon="8.553782">
        <ele>392.735010</ele>
        <time>2026-06-18T14:25:21.565Z</time>
      </trkpt>
      <trkpt lat="50.394111" lon="8.554193">
        <ele>388.806777</ele>
        <time>2026-06-18T14:25:25.825Z</time>
      </trkpt>
      <trkpt lat="50.393375" lon="8.555648">
        <ele>378.578703</ele>
        <time>2026-06-18T14:25:51.851Z</time>
      </trkpt>
      <trkpt lat="50.393316" lon="8.555738">
        <ele>377.967479</ele>
        <time>2026-06-18T14:25:53.763Z</time>
      </trkpt>
      <trkpt lat="50.392701" lon="8.556188">
        <ele>373.378303</ele>
        <time>2026-06-18T14:26:09.319Z</time>
      </trkpt>
      <trkpt lat="50.391988" lon="8.556631">
        <ele>368.026820</ele>
        <time>2026-06-18T14:26:26.799Z</time>
      </trkpt>
      <trkpt lat="50.391585" lon="8.556881">
        <ele>365.312888</ele>
        <time>2026-06-18T14:26:36.801Z</time>
      </trkpt>
      <trkpt lat="50.391451" lon="8.556828">
        <ele>364.571122</ele>
        <time>2026-06-18T14:26:40.078Z</time>
      </trkpt>
      <trkpt lat="50.391338" lon="8.556682">
        <ele>363.962241</ele>
        <time>2026-06-18T14:26:43.640Z</time>
      </trkpt>
      <trkpt lat="50.390966" lon="8.555672">
        <ele>362.432611</ele>
        <time>2026-06-18T14:27:04.075Z</time>
      </trkpt>
      <trkpt lat="50.390716" lon="8.556431">
        <ele>362.513030</ele>
        <time>2026-06-18T14:27:16.769Z</time>
      </trkpt>
      <trkpt lat="50.390629" lon="8.556569">
        <ele>362.560107</ele>
        <time>2026-06-18T14:27:19.688Z</time>
      </trkpt>
      <trkpt lat="50.390358" lon="8.556051">
        <ele>362.446453</ele>
        <time>2026-06-18T14:27:28.736Z</time>
      </trkpt>
      <trkpt lat="50.389786" lon="8.554829">
        <ele>360.758774</ele>
        <time>2026-06-18T14:27:46.110Z</time>
      </trkpt>
      <trkpt lat="50.388941" lon="8.553691">
        <ele>355.602809</ele>
        <time>2026-06-18T14:28:03.137Z</time>
      </trkpt>
      <trkpt lat="50.387876" lon="8.552340">
        <ele>346.709614</ele>
        <time>2026-06-18T14:28:22.976Z</time>
      </trkpt>
      <trkpt lat="50.387479" lon="8.552104">
        <ele>344.034977</ele>
        <time>2026-06-18T14:28:29.179Z</time>
      </trkpt>
      <trkpt lat="50.387235" lon="8.552053">
        <ele>342.595126</ele>
        <time>2026-06-18T14:28:32.799Z</time>
      </trkpt>
      <trkpt lat="50.386856" lon="8.552070">
        <ele>340.423999</ele>
        <time>2026-06-18T14:28:38.437Z</time>
      </trkpt>
      <trkpt lat="50.386583" lon="8.551978">
        <ele>338.881935</ele>
        <time>2026-06-18T14:28:42.589Z</time>
      </trkpt>
      <trkpt lat="50.386459" lon="8.551979">
        <ele>338.155553</ele>
        <time>2026-06-18T14:28:44.422Z</time>
      </trkpt>
      <trkpt lat="50.385931" lon="8.552178">
        <ele>334.691298</ele>
        <time>2026-06-18T14:28:52.330Z</time>
      </trkpt>
      <trkpt lat="50.385823" lon="8.552159">
        <ele>333.963099</ele>
        <time>2026-06-18T14:28:53.886Z</time>
      </trkpt>
      <trkpt lat="50.385438" lon="8.551894">
        <ele>330.882915</ele>
        <time>2026-06-18T14:28:59.859Z</time>
      </trkpt>
      <trkpt lat="50.385077" lon="8.551725">
        <ele>327.877239</ele>
        <time>2026-06-18T14:29:05.146Z</time>
      </trkpt>
      <trkpt lat="50.384820" lon="8.551648">
        <ele>325.698487</ele>
        <time>2026-06-18T14:29:08.797Z</time>
      </trkpt>
      <trkpt lat="50.384027" lon="8.551588">
        <ele>319.046195</ele>
        <time>2026-06-18T14:29:19.840Z</time>
      </trkpt>
      <trkpt lat="50.383476" lon="8.551649">
        <ele>314.749161</ele>
        <time>2026-06-18T14:29:27.629Z</time>
      </trkpt>
      <trkpt lat="50.383020" lon="8.551828">
        <ele>311.632762</ele>
        <time>2026-06-18T14:29:34.423Z</time>
      </trkpt>
      <trkpt lat="50.382549" lon="8.552374">
        <ele>308.360042</ele>
        <time>2026-06-18T14:29:43.122Z</time>
      </trkpt>
      <trkpt lat="50.381812" lon="8.553453">
        <ele>303.720065</ele>
        <time>2026-06-18T14:30:07.751Z</time>
      </trkpt>
      <trkpt lat="50.381677" lon="8.553566">
        <ele>303.147954</ele>
        <time>2026-06-18T14:30:11.651Z</time>
      </trkpt>
      <trkpt lat="50.381193" lon="8.553637">
        <ele>301.609605</ele>
        <time>2026-06-18T14:30:24.243Z</time>
      </trkpt>
      <trkpt lat="50.380922" lon="8.553756">
        <ele>300.820468</ele>
        <time>2026-06-18T14:30:31.631Z</time>
      </trkpt>
      <trkpt lat="50.380689" lon="8.553942">
        <ele>300.197941</ele>
        <time>2026-06-18T14:30:38.581Z</time>
      </trkpt>
      <trkpt lat="50.380331" lon="8.554781">
        <ele>298.710633</ele>
        <time>2026-06-18T14:30:55.929Z</time>
      </trkpt>
      <trkpt lat="50.380091" lon="8.555158">
        <ele>298.002349</ele>
        <time>2026-06-18T14:31:05.283Z</time>
      </trkpt>
      <trkpt lat="50.379922" lon="8.555321">
        <ele>297.576872</ele>
        <time>2026-06-18T14:31:10.651Z</time>
      </trkpt>
      <trkpt lat="50.379461" lon="8.555599">
        <ele>296.407109</ele>
        <time>2026-06-18T14:31:23.922Z</time>
      </trkpt>
      <trkpt lat="50.379082" lon="8.555943">
        <ele>295.419193</ele>
        <time>2026-06-18T14:31:35.792Z</time>
      </trkpt>
      <trkpt lat="50.378687" lon="8.556481">
        <ele>294.404516</ele>
        <time>2026-06-18T14:31:50.110Z</time>
      </trkpt>
      <trkpt lat="50.378449" lon="8.556728">
        <ele>293.883942</ele>
        <time>2026-06-18T14:31:58.023Z</time>
      </trkpt>
      <trkpt lat="50.377786" lon="8.557259">
        <ele>292.367943</ele>
        <time>2026-06-18T14:32:18.437Z</time>
      </trkpt>
      <trkpt lat="50.377430" lon="8.557619">
        <ele>291.287136</ele>
        <time>2026-06-18T14:32:29.672Z</time>
      </trkpt>
      <trkpt lat="50.377379" lon="8.557709">
        <ele>291.078380</ele>
        <time>2026-06-18T14:32:31.682Z</time>
      </trkpt>
      <trkpt lat="50.377089" lon="8.558439">
        <ele>289.382655</ele>
        <time>2026-06-18T14:32:45.894Z</time>
      </trkpt>
      <trkpt lat="50.376980" lon="8.559189">
        <ele>287.706274</ele>
        <time>2026-06-18T14:32:58.404Z</time>
      </trkpt>
      <trkpt lat="50.376956" lon="8.559976">
        <ele>286.033827</ele>
        <time>2026-06-18T14:33:11.293Z</time>
      </trkpt>
      <trkpt lat="50.376927" lon="8.560259">
        <ele>285.738611</ele>
        <time>2026-06-18T14:33:16.173Z</time>
      </trkpt>
      <trkpt lat="50.376670" lon="8.561169">
        <ele>285.816565</ele>
        <time>2026-06-18T14:33:36.799Z</time>
      </trkpt>
      <trkpt lat="50.376440" lon="8.560259">
        <ele>287.945306</ele>
        <time>2026-06-18T14:34:01.392Z</time>
      </trkpt>
      <trkpt lat="50.376217" lon="8.559943">
        <ele>289.382419</ele>
        <time>2026-06-18T14:34:15.370Z</time>
      </trkpt>
      <trkpt lat="50.376099" lon="8.559954">
        <ele>289.950021</ele>
        <time>2026-06-18T14:34:22.078Z</time>
      </trkpt>
      <trkpt lat="50.375966" lon="8.560027">
        <ele>290.360536</ele>
        <time>2026-06-18T14:34:29.469Z</time>
      </trkpt>
      <trkpt lat="50.375316" lon="8.560682">
        <ele>291.392118</ele>
        <time>2026-06-18T14:34:58.771Z</time>
      </trkpt>
      <trkpt lat="50.375264" lon="8.560785">
        <ele>291.166003</ele>
        <time>2026-06-18T14:35:01.051Z</time>
      </trkpt>
      <trkpt lat="50.375252" lon="8.560913">
        <ele>290.943314</ele>
        <time>2026-06-18T14:35:03.155Z</time>
      </trkpt>
      <trkpt lat="50.375260" lon="8.561211">
        <ele>290.224159</ele>
        <time>2026-06-18T14:35:07.887Z</time>
      </trkpt>
      <trkpt lat="50.375171" lon="8.561815">
        <ele>288.242208</ele>
        <time>2026-06-18T14:35:17.392Z</time>
      </trkpt>
      <trkpt lat="50.375062" lon="8.562322">
        <ele>286.183609</ele>
        <time>2026-06-18T14:35:25.374Z</time>
      </trkpt>
      <trkpt lat="50.374967" lon="8.562538">
        <ele>285.239667</ele>
        <time>2026-06-18T14:35:29.224Z</time>
      </trkpt>
      <trkpt lat="50.374147" lon="8.563466">
        <ele>281.152300</ele>
        <time>2026-06-18T14:35:54.412Z</time>
      </trkpt>
      <trkpt lat="50.372815" lon="8.564528">
        <ele>277.090610</ele>
        <time>2026-06-18T14:36:33.976Z</time>
      </trkpt>
      <trkpt lat="50.372325" lon="8.564941">
        <ele>275.504894</ele>
        <time>2026-06-18T14:36:48.542Z</time>
      </trkpt>
      <trkpt lat="50.371958" lon="8.565302">
        <ele>274.307414</ele>
        <time>2026-06-18T14:36:59.997Z</time>
      </trkpt>
      <trkpt lat="50.371611" lon="8.565946">
        <ele>272.883204</ele>
        <time>2026-06-18T14:37:14.194Z</time>
      </trkpt>
      <trkpt lat="50.371174" lon="8.566635">
        <ele>271.179093</ele>
        <time>2026-06-18T14:37:30.490Z</time>
      </trkpt>
      <trkpt lat="50.370575" lon="8.567133">
        <ele>270.008439</ele>
        <time>2026-06-18T14:37:49.442Z</time>
      </trkpt>
      <trkpt lat="50.370469" lon="8.567279">
        <ele>269.794617</ele>
        <time>2026-06-18T14:37:53.447Z</time>
      </trkpt>
      <trkpt lat="50.370268" lon="8.567651">
        <ele>269.294084</ele>
        <time>2026-06-18T14:38:02.277Z</time>
      </trkpt>
      <trkpt lat="50.369943" lon="8.568034">
        <ele>268.607848</ele>
        <time>2026-06-18T14:38:13.590Z</time>
      </trkpt>
      <trkpt lat="50.369478" lon="8.568591">
        <ele>267.665188</ele>
        <time>2026-06-18T14:38:30.053Z</time>
      </trkpt>
      <trkpt lat="50.368983" lon="8.569047">
        <ele>266.435886</ele>
        <time>2026-06-18T14:38:45.584Z</time>
      </trkpt>
      <trkpt lat="50.368057" lon="8.570150">
        <ele>264.494010</ele>
        <time>2026-06-18T14:39:17.919Z</time>
      </trkpt>
      <trkpt lat="50.368046" lon="8.570163">
        <ele>264.482595</ele>
        <time>2026-06-18T14:39:18.337Z</time>
      </trkpt>
      <trkpt lat="50.367902" lon="8.570244">
        <ele>264.376109</ele>
        <time>2026-06-18T14:39:23.150Z</time>
      </trkpt>
      <trkpt lat="50.367536" lon="8.570371">
        <ele>264.186801</ele>
        <time>2026-06-18T14:39:34.634Z</time>
      </trkpt>
      <trkpt lat="50.367325" lon="8.570505">
        <ele>263.975305</ele>
        <time>2026-06-18T14:39:41.238Z</time>
      </trkpt>
      <trkpt lat="50.366819" lon="8.570981">
        <ele>263.075348</ele>
        <time>2026-06-18T14:39:57.988Z</time>
      </trkpt>
      <trkpt lat="50.366594" lon="8.571305">
        <ele>262.449452</ele>
        <time>2026-06-18T14:40:06.431Z</time>
      </trkpt>
      <trkpt lat="50.366244" lon="8.571906">
        <ele>260.719718</ele>
        <time>2026-06-18T14:40:19.789Z</time>
      </trkpt>
      <trkpt lat="50.365926" lon="8.572598">
        <ele>258.084838</ele>
        <time>2026-06-18T14:40:32.859Z</time>
      </trkpt>
      <trkpt lat="50.365821" lon="8.572917">
        <ele>256.946845</ele>
        <time>2026-06-18T14:40:38.372Z</time>
      </trkpt>
      <trkpt lat="50.365615" lon="8.573792">
        <ele>254.288396</ele>
        <time>2026-06-18T14:40:52.933Z</time>
      </trkpt>
      <trkpt lat="50.365549" lon="8.573968">
        <ele>253.697230</ele>
        <time>2026-06-18T14:40:56.141Z</time>
      </trkpt>
      <trkpt lat="50.365387" lon="8.574242">
        <ele>252.603584</ele>
        <time>2026-06-18T14:40:59.361Z</time>
      </trkpt>
      <trkpt lat="50.365362" lon="8.574343">
        <ele>252.272807</ele>
        <time>2026-06-18T14:41:00.288Z</time>
      </trkpt>
      <trkpt lat="50.365578" lon="8.574353">
        <ele>251.241887</ele>
        <time>2026-06-18T14:41:03.194Z</time>
      </trkpt>
      <trkpt lat="50.365893" lon="8.574412">
        <ele>249.927339</ele>
        <time>2026-06-18T14:41:07.554Z</time>
      </trkpt>
      <trkpt lat="50.366159" lon="8.574537">
        <ele>248.922136</ele>
        <time>2026-06-18T14:41:11.483Z</time>
      </trkpt>
      <trkpt lat="50.366118" lon="8.574783">
        <ele>248.454665</ele>
        <time>2026-06-18T14:41:13.836Z</time>
      </trkpt>
      <trkpt lat="50.366121" lon="8.574992">
        <ele>248.126758</ele>
        <time>2026-06-18T14:41:15.856Z</time>
      </trkpt>
      <trkpt lat="50.366070" lon="8.575172">
        <ele>247.913444</ele>
        <time>2026-06-18T14:41:19.310Z</time>
      </trkpt>
      <trkpt lat="50.365841" lon="8.576367">
        <ele>246.756467</ele>
        <time>2026-06-18T14:41:41.759Z</time>
      </trkpt>
      <trkpt lat="50.365717" lon="8.576871">
        <ele>246.645429</ele>
        <time>2026-06-18T14:41:52.505Z</time>
      </trkpt>
      <trkpt lat="50.365546" lon="8.577238">
        <ele>246.795441</ele>
        <time>2026-06-18T14:42:02.934Z</time>
      </trkpt>
      <trkpt lat="50.364589" lon="8.578915">
        <ele>247.468458</ele>
        <time>2026-06-18T14:42:52.120Z</time>
      </trkpt>
      <trkpt lat="50.364275" lon="8.578746">
        <ele>247.039537</ele>
        <time>2026-06-18T14:43:01.387Z</time>
      </trkpt>
      <trkpt lat="50.363985" lon="8.578667">
        <ele>246.869424</ele>
        <time>2026-06-18T14:43:10.270Z</time>
      </trkpt>
      <trkpt lat="50.363506" lon="8.578645">
        <ele>247.271043</ele>
        <time>2026-06-18T14:43:27.470Z</time>
      </trkpt>
      <trkpt lat="50.363243" lon="8.578777">
        <ele>247.898684</ele>
        <time>2026-06-18T14:43:39.060Z</time>
      </trkpt>
      <trkpt lat="50.362962" lon="8.579112">
        <ele>249.281664</ele>
        <time>2026-06-18T14:43:52.990Z</time>
      </trkpt>
      <trkpt lat="50.363131" lon="8.579713">
        <ele>251.738775</ele>
        <time>2026-06-18T14:44:13.302Z</time>
      </trkpt>
      <trkpt lat="50.363197" lon="8.580042">
        <ele>253.298019</ele>
        <time>2026-06-18T14:44:25.554Z</time>
      </trkpt>
      <trkpt lat="50.363278" lon="8.580616">
        <ele>255.907826</ele>
        <time>2026-06-18T14:44:46.575Z</time>
      </trkpt>
      <trkpt lat="50.363346" lon="8.581359">
        <ele>258.527872</ele>
        <time>2026-06-18T14:45:08.426Z</time>
      </trkpt>
      <trkpt lat="50.363472" lon="8.582031">
        <ele>260.285400</ele>
        <time>2026-06-18T14:45:25.956Z</time>
      </trkpt>
      <trkpt lat="50.363540" lon="8.582375">
        <ele>261.094811</ele>
        <time>2026-06-18T14:45:34.274Z</time>
      </trkpt>
      <trkpt lat="50.363607" lon="8.582582">
        <ele>261.597769</ele>
        <time>2026-06-18T14:45:39.504Z</time>
      </trkpt>
      <trkpt lat="50.364741" lon="8.584976">
        <ele>268.015520</ele>
        <time>2026-06-18T14:46:47.784Z</time>
      </trkpt>
      <trkpt lat="50.364834" lon="8.585052">
        <ele>268.410102</ele>
        <time>2026-06-18T14:46:52.167Z</time>
      </trkpt>
      <trkpt lat="50.365863" lon="8.585502">
        <ele>272.466952</ele>
        <time>2026-06-18T14:47:33.216Z</time>
      </trkpt>
      <trkpt lat="50.366248" lon="8.584678">
        <ele>274.488942</ele>
        <time>2026-06-18T14:47:56.998Z</time>
      </trkpt>
      <trkpt lat="50.366331" lon="8.584556">
        <ele>274.828809</ele>
        <time>2026-06-18T14:48:00.779Z</time>
      </trkpt>
      <trkpt lat="50.366837" lon="8.585814">
        <ele>277.987995</ele>
        <time>2026-06-18T14:48:34.340Z</time>
      </trkpt>
      <trkpt lat="50.366993" lon="8.586403">
        <ele>280.015416</ele>
        <time>2026-06-18T14:48:52.558Z</time>
      </trkpt>
      <trkpt lat="50.367289" lon="8.588425">
        <ele>286.928837</ele>
        <time>2026-06-18T14:49:53.837Z</time>
      </trkpt>
      <trkpt lat="50.367714" lon="8.590203">
        <ele>290.231148</ele>
        <time>2026-06-18T14:50:33.008Z</time>
      </trkpt>
      <trkpt lat="50.367998" lon="8.591197">
        <ele>290.871166</ele>
        <time>2026-06-18T14:50:48.971Z</time>
      </trkpt>
      <trkpt lat="50.368040" lon="8.591302">
        <ele>290.886800</ele>
        <time>2026-06-18T14:50:50.462Z</time>
      </trkpt>
      <trkpt lat="50.368143" lon="8.591372">
        <ele>290.896062</ele>
        <time>2026-06-18T14:50:54.011Z</time>
      </trkpt>
      <trkpt lat="50.368296" lon="8.591421">
        <ele>290.906901</ele>
        <time>2026-06-18T14:50:58.969Z</time>
      </trkpt>
      <trkpt lat="50.368416" lon="8.591415">
        <ele>290.916069</ele>
        <time>2026-06-18T14:51:02.935Z</time>
      </trkpt>
      <trkpt lat="50.368592" lon="8.591920">
        <ele>291.118525</ele>
        <time>2026-06-18T14:51:15.517Z</time>
      </trkpt>
      <trkpt lat="50.368643" lon="8.592439">
        <ele>291.428662</ele>
        <time>2026-06-18T14:51:27.758Z</time>
      </trkpt>
      <trkpt lat="50.368732" lon="8.592902">
        <ele>292.033283</ele>
        <time>2026-06-18T14:51:39.878Z</time>
      </trkpt>
      <trkpt lat="50.369090" lon="8.594701">
        <ele>296.752507</ele>
        <time>2026-06-18T14:52:42.199Z</time>
      </trkpt>
      <trkpt lat="50.369329" lon="8.595267">
        <ele>298.970350</ele>
        <time>2026-06-18T14:53:07.870Z</time>
      </trkpt>
      <trkpt lat="50.369589" lon="8.596191">
        <ele>301.928355</ele>
        <time>2026-06-18T14:53:43.235Z</time>
      </trkpt>
      <trkpt lat="50.369746" lon="8.598074">
        <ele>306.018099</ele>
        <time>2026-06-18T14:54:41.475Z</time>
      </trkpt>
      <trkpt lat="50.370124" lon="8.600891">
        <ele>313.142120</ele>
        <time>2026-06-18T14:56:15.389Z</time>
      </trkpt>
      <trkpt lat="50.370926" lon="8.601953">
        <ele>318.010590</ele>
        <time>2026-06-18T14:57:13.383Z</time>
      </trkpt>
      <trkpt lat="50.371691" lon="8.602368">
        <ele>321.977896</ele>
        <time>2026-06-18T14:57:59.276Z</time>
      </trkpt>
      <trkpt lat="50.371655" lon="8.602098">
        <ele>322.799989</ele>
        <time>2026-06-18T14:58:07.213Z</time>
      </trkpt>
      <trkpt lat="50.371506" lon="8.601523">
        <ele>324.577755</ele>
        <time>2026-06-18T14:58:24.232Z</time>
      </trkpt>
      <trkpt lat="50.371345" lon="8.600735">
        <ele>326.472208</ele>
        <time>2026-06-18T14:58:45.980Z</time>
      </trkpt>
      <trkpt lat="50.371326" lon="8.599248">
        <ele>328.456354</ele>
        <time>2026-06-18T14:59:16.184Z</time>
      </trkpt>
      <trkpt lat="50.371191" lon="8.597364">
        <ele>327.962322</ele>
        <time>2026-06-18T14:59:40.469Z</time>
      </trkpt>
      <trkpt lat="50.371164" lon="8.595975">
        <ele>326.477778</ele>
        <time>2026-06-18T14:59:56.321Z</time>
      </trkpt>
      <trkpt lat="50.371240" lon="8.595514">
        <ele>325.792086</ele>
        <time>2026-06-18T15:00:01.572Z</time>
      </trkpt>
      <trkpt lat="50.371448" lon="8.594826">
        <ele>324.581415</ele>
        <time>2026-06-18T15:00:09.773Z</time>
      </trkpt>
      <trkpt lat="50.371601" lon="8.594322">
        <ele>323.609115</ele>
        <time>2026-06-18T15:00:15.723Z</time>
      </trkpt>
      <trkpt lat="50.371806" lon="8.593780">
        <ele>322.640766</ele>
        <time>2026-06-18T15:00:22.602Z</time>
      </trkpt>
      <trkpt lat="50.372133" lon="8.593178">
        <ele>321.831813</ele>
        <time>2026-06-18T15:00:31.654Z</time>
      </trkpt>
      <trkpt lat="50.373426" lon="8.594661">
        <ele>320.807992</ele>
        <time>2026-06-18T15:01:03.681Z</time>
      </trkpt>
      <trkpt lat="50.373244" lon="8.594937">
        <ele>320.012408</ele>
        <time>2026-06-18T15:01:07.857Z</time>
      </trkpt>
      <trkpt lat="50.373640" lon="8.595753">
        <ele>316.146345</ele>
        <time>2026-06-18T15:01:17.487Z</time>
      </trkpt>
      <trkpt lat="50.373940" lon="8.596237">
        <ele>312.031302</ele>
        <time>2026-06-18T15:01:23.362Z</time>
      </trkpt>
      <trkpt lat="50.374719" lon="8.596936">
        <ele>299.836836</ele>
        <time>2026-06-18T15:01:35.005Z</time>
      </trkpt>
      <trkpt lat="50.375486" lon="8.597949">
        <ele>287.111908</ele>
        <time>2026-06-18T15:01:48.151Z</time>
      </trkpt>
      <trkpt lat="50.375597" lon="8.598138">
        <ele>285.503205</ele>
        <time>2026-06-18T15:01:50.413Z</time>
      </trkpt>
      <trkpt lat="50.375664" lon="8.598210">
        <ele>284.877924</ele>
        <time>2026-06-18T15:01:51.565Z</time>
      </trkpt>
      <trkpt lat="50.375777" lon="8.598218">
        <ele>284.085805</ele>
        <time>2026-06-18T15:01:53.188Z</time>
      </trkpt>
      <trkpt lat="50.375931" lon="8.597942">
        <ele>283.014458</ele>
        <time>2026-06-18T15:01:56.700Z</time>
      </trkpt>
      <trkpt lat="50.376349" lon="8.596989">
        <ele>282.575178</ele>
        <time>2026-06-18T15:02:11.210Z</time>
      </trkpt>
      <trkpt lat="50.376768" lon="8.596191">
        <ele>284.060437</ele>
        <time>2026-06-18T15:02:34.125Z</time>
      </trkpt>
      <trkpt lat="50.377066" lon="8.595469">
        <ele>285.326567</ele>
        <time>2026-06-18T15:02:51.842Z</time>
      </trkpt>
      <trkpt lat="50.377122" lon="8.595394">
        <ele>285.527738</ele>
        <time>2026-06-18T15:02:54.444Z</time>
      </trkpt>
      <trkpt lat="50.377278" lon="8.595424">
        <ele>286.017591</ele>
        <time>2026-06-18T15:03:00.369Z</time>
      </trkpt>
      <trkpt lat="50.377542" lon="8.595684">
        <ele>287.108044</ele>
        <time>2026-06-18T15:03:12.690Z</time>
      </trkpt>
      <trkpt lat="50.377636" lon="8.595839">
        <ele>287.606394</ele>
        <time>2026-06-18T15:03:18.256Z</time>
      </trkpt>
      <trkpt lat="50.377688" lon="8.596286">
        <ele>288.683046</ele>
        <time>2026-06-18T15:03:29.939Z</time>
      </trkpt>
      <trkpt lat="50.377726" lon="8.596887">
        <ele>290.046427</ele>
        <time>2026-06-18T15:03:44.618Z</time>
      </trkpt>
      <trkpt lat="50.377705" lon="8.597851">
        <ele>292.758010</ele>
        <time>2026-06-18T15:04:11.684Z</time>
      </trkpt>
      <trkpt lat="50.377864" lon="8.597838">
        <ele>293.374935</ele>
        <time>2026-06-18T15:04:18.292Z</time>
      </trkpt>
      <trkpt lat="50.377932" lon="8.597729">
        <ele>293.705072</ele>
        <time>2026-06-18T15:04:22.092Z</time>
      </trkpt>
      <trkpt lat="50.378513" lon="8.596093">
        <ele>296.209280</ele>
        <time>2026-06-18T15:04:59.817Z</time>
      </trkpt>
      <trkpt lat="50.379382" lon="8.593398">
        <ele>300.724669</ele>
        <time>2026-06-18T15:06:02.924Z</time>
      </trkpt>
      <trkpt lat="50.379590" lon="8.593211">
        <ele>301.727292</ele>
        <time>2026-06-18T15:06:13.441Z</time>
      </trkpt>
      <trkpt lat="50.380114" lon="8.593091">
        <ele>304.425718</ele>
        <time>2026-06-18T15:06:38.592Z</time>
      </trkpt>
      <trkpt lat="50.380502" lon="8.593118">
        <ele>306.689791</ele>
        <time>2026-06-18T15:06:58.125Z</time>
      </trkpt>
      <trkpt lat="50.380999" lon="8.593287">
        <ele>309.589752</ele>
        <time>2026-06-18T15:07:23.780Z</time>
      </trkpt>
      <trkpt lat="50.381137" lon="8.593199">
        <ele>310.392783</ele>
        <time>2026-06-18T15:07:31.085Z</time>
      </trkpt>
      <trkpt lat="50.381354" lon="8.592913">
        <ele>311.890416</ele>
        <time>2026-06-18T15:07:44.615Z</time>
      </trkpt>
      <trkpt lat="50.381607" lon="8.592724">
        <ele>313.261748</ele>
        <time>2026-06-18T15:07:57.514Z</time>
      </trkpt>
      <trkpt lat="50.382282" lon="8.592519">
        <ele>316.188234</ele>
        <time>2026-06-18T15:08:26.824Z</time>
      </trkpt>
      <trkpt lat="50.382446" lon="8.592598">
        <ele>316.877459</ele>
        <time>2026-06-18T15:08:33.770Z</time>
      </trkpt>
      <trkpt lat="50.382541" lon="8.592783">
        <ele>317.412937</ele>
        <time>2026-06-18T15:08:39.821Z</time>
      </trkpt>
      <trkpt lat="50.382685" lon="8.592901">
        <ele>318.027013</ele>
        <time>2026-06-18T15:08:46.276Z</time>
      </trkpt>
      <trkpt lat="50.383017" lon="8.592982">
        <ele>319.392900</ele>
        <time>2026-06-18T15:09:00.024Z</time>
      </trkpt>
      <trkpt lat="50.383441" lon="8.592886">
        <ele>321.115164</ele>
        <time>2026-06-18T15:09:18.075Z</time>
      </trkpt>
      <trkpt lat="50.383718" lon="8.592918">
        <ele>322.280761</ele>
        <time>2026-06-18T15:09:30.029Z</time>
      </trkpt>
      <trkpt lat="50.384862" lon="8.592770">
        <ele>326.491110</ele>
        <time>2026-06-18T15:10:15.937Z</time>
      </trkpt>
      <trkpt lat="50.385246" lon="8.594012">
        <ele>327.749286</ele>
        <time>2026-06-18T15:10:40.878Z</time>
      </trkpt>
      <trkpt lat="50.385333" lon="8.594219">
        <ele>327.738799</ele>
        <time>2026-06-18T15:10:44.230Z</time>
      </trkpt>
      <trkpt lat="50.385964" lon="8.595272">
        <ele>326.786997</ele>
        <time>2026-06-18T15:11:01.663Z</time>
      </trkpt>
      <trkpt lat="50.386123" lon="8.595490">
        <ele>326.435862</ele>
        <time>2026-06-18T15:11:05.445Z</time>
      </trkpt>
      <trkpt lat="50.387057" lon="8.597031">
        <ele>322.626051</ele>
        <time>2026-06-18T15:11:28.017Z</time>
      </trkpt>
      <trkpt lat="50.387341" lon="8.597369">
        <ele>321.872588</ele>
        <time>2026-06-18T15:11:34.130Z</time>
      </trkpt>
      <trkpt lat="50.387665" lon="8.597811">
        <ele>321.471516</ele>
        <time>2026-06-18T15:11:42.416Z</time>
      </trkpt>
      <trkpt lat="50.387803" lon="8.598094">
        <ele>321.503563</ele>
        <time>2026-06-18T15:11:47.562Z</time>
      </trkpt>
      <trkpt lat="50.387899" lon="8.598400">
        <ele>321.723583</ele>
        <time>2026-06-18T15:11:55.336Z</time>
      </trkpt>
      <trkpt lat="50.388127" lon="8.599564">
        <ele>323.434687</ele>
        <time>2026-06-18T15:12:28.770Z</time>
      </trkpt>
      <trkpt lat="50.388155" lon="8.599709">
        <ele>323.694336</ele>
        <time>2026-06-18T15:12:33.461Z</time>
      </trkpt>
      <trkpt lat="50.388273" lon="8.598912">
        <ele>325.177612</ele>
        <time>2026-06-18T15:12:57.669Z</time>
      </trkpt>
      <trkpt lat="50.388415" lon="8.598457">
        <ele>326.002704</ele>
        <time>2026-06-18T15:13:11.661Z</time>
      </trkpt>
      <trkpt lat="50.388647" lon="8.598129">
        <ele>326.820767</ele>
        <time>2026-06-18T15:13:25.424Z</time>
      </trkpt>
      <trkpt lat="50.388880" lon="8.597822">
        <ele>327.728012</ele>
        <time>2026-06-18T15:13:39.559Z</time>
      </trkpt>
      <trkpt lat="50.389044" lon="8.597513">
        <ele>328.593796</ele>
        <time>2026-06-18T15:13:52.320Z</time>
      </trkpt>
      <trkpt lat="50.389520" lon="8.596380">
        <ele>331.495707</ele>
        <time>2026-06-18T15:14:34.666Z</time>
      </trkpt>
      <trkpt lat="50.389707" lon="8.596063">
        <ele>332.400231</ele>
        <time>2026-06-18T15:14:47.844Z</time>
      </trkpt>
      <trkpt lat="50.389884" lon="8.595560">
        <ele>333.562815</ele>
        <time>2026-06-18T15:15:05.236Z</time>
      </trkpt>
      <trkpt lat="50.389958" lon="8.595282">
        <ele>334.136959</ele>
        <time>2026-06-18T15:15:14.119Z</time>
      </trkpt>
      <trkpt lat="50.390024" lon="8.594767">
        <ele>335.214948</ele>
        <time>2026-06-18T15:15:29.909Z</time>
      </trkpt>
      <trkpt lat="50.390117" lon="8.593711">
        <ele>337.784742</ele>
        <time>2026-06-18T15:16:04.309Z</time>
      </trkpt>
      <trkpt lat="50.390593" lon="8.592020">
        <ele>344.858142</ele>
        <time>2026-06-18T15:17:17.347Z</time>
      </trkpt>
      <trkpt lat="50.390790" lon="8.591496">
        <ele>347.719642</ele>
        <time>2026-06-18T15:17:44.183Z</time>
      </trkpt>
      <trkpt lat="50.390938" lon="8.591179">
        <ele>349.683874</ele>
        <time>2026-06-18T15:18:02.087Z</time>
      </trkpt>
      <trkpt lat="50.391151" lon="8.590921">
        <ele>351.697500</ele>
        <time>2026-06-18T15:18:20.837Z</time>
      </trkpt>
      <trkpt lat="50.391507" lon="8.590612">
        <ele>354.699962</ele>
        <time>2026-06-18T15:18:48.766Z</time>
      </trkpt>
      <trkpt lat="50.391682" lon="8.590578">
        <ele>355.997068</ele>
        <time>2026-06-18T15:19:00.937Z</time>
      </trkpt>
      <trkpt lat="50.391884" lon="8.590635">
        <ele>357.506771</ele>
        <time>2026-06-18T15:19:15.112Z</time>
      </trkpt>
      <trkpt lat="50.392072" lon="8.590642">
        <ele>358.849684</ele>
        <time>2026-06-18T15:19:27.865Z</time>
      </trkpt>
      <trkpt lat="50.392216" lon="8.590563">
        <ele>359.849647</ele>
        <time>2026-06-18T15:19:36.378Z</time>
      </trkpt>
      <trkpt lat="50.392256" lon="8.590528">
        <ele>360.100792</ele>
        <time>2026-06-18T15:19:38.895Z</time>
      </trkpt>
      <trkpt lat="50.392667" lon="8.589574">
        <ele>364.065949</ele>
        <time>2026-06-18T15:20:14.058Z</time>
      </trkpt>
      <trkpt lat="50.392777" lon="8.589246">
        <ele>365.241161</ele>
        <time>2026-06-18T15:20:24.532Z</time>
      </trkpt>
      <trkpt lat="50.393010" lon="8.588411">
        <ele>368.491106</ele>
        <time>2026-06-18T15:20:52.691Z</time>
      </trkpt>
      <trkpt lat="50.393150" lon="8.587828">
        <ele>371.328366</ele>
        <time>2026-06-18T15:21:15.738Z</time>
      </trkpt>
      <trkpt lat="50.393266" lon="8.587552">
        <ele>373.031508</ele>
        <time>2026-06-18T15:21:28.789Z</time>
      </trkpt>
      <trkpt lat="50.393571" lon="8.586719">
        <ele>378.579233</ele>
        <time>2026-06-18T15:22:16.451Z</time>
      </trkpt>
      <trkpt lat="50.393642" lon="8.586339">
        <ele>380.789106</ele>
        <time>2026-06-18T15:22:35.939Z</time>
      </trkpt>
      <trkpt lat="50.393699" lon="8.585827">
        <ele>383.525402</ele>
        <time>2026-06-18T15:23:00.250Z</time>
      </trkpt>
      <trkpt lat="50.393829" lon="8.585429">
        <ele>385.543732</ele>
        <time>2026-06-18T15:23:19.473Z</time>
      </trkpt>
      <trkpt lat="50.393935" lon="8.585304">
        <ele>386.381933</ele>
        <time>2026-06-18T15:23:27.684Z</time>
      </trkpt>
      <trkpt lat="50.394275" lon="8.585065">
        <ele>388.458003</ele>
        <time>2026-06-18T15:23:49.823Z</time>
      </trkpt>
      <trkpt lat="50.394405" lon="8.584884">
        <ele>389.259534</ele>
        <time>2026-06-18T15:23:59.377Z</time>
      </trkpt>
      <trkpt lat="50.394525" lon="8.584679">
        <ele>390.029651</ele>
        <time>2026-06-18T15:24:08.892Z</time>
      </trkpt>
      <trkpt lat="50.394698" lon="8.584273">
        <ele>391.403359</ele>
        <time>2026-06-18T15:24:25.559Z</time>
      </trkpt>
      <trkpt lat="50.394850" lon="8.583817">
        <ele>392.943325</ele>
        <time>2026-06-18T15:24:43.681Z</time>
      </trkpt>
      <trkpt lat="50.394882" lon="8.583362">
        <ele>394.595060</ele>
        <time>2026-06-18T15:25:00.947Z</time>
      </trkpt>
      <trkpt lat="50.394787" lon="8.582702">
        <ele>397.691741</ele>
        <time>2026-06-18T15:25:29.924Z</time>
      </trkpt>
      <trkpt lat="50.394807" lon="8.582471">
        <ele>398.924733</ele>
        <time>2026-06-18T15:25:41.113Z</time>
      </trkpt>
      <trkpt lat="50.394984" lon="8.581590">
        <ele>404.496962</ele>
        <time>2026-06-18T15:26:27.942Z</time>
      </trkpt>
      <trkpt lat="50.395036" lon="8.580698">
        <ele>410.935100</ele>
        <time>2026-06-18T15:27:18.832Z</time>
      </trkpt>
      <trkpt lat="50.395035" lon="8.580153">
        <ele>415.059136</ele>
        <time>2026-06-18T15:27:50.637Z</time>
      </trkpt>
      <trkpt lat="50.394991" lon="8.579692">
        <ele>418.370310</ele>
        <time>2026-06-18T15:28:17.125Z</time>
      </trkpt>
      <trkpt lat="50.394990" lon="8.579428">
        <ele>420.123193</ele>
        <time>2026-06-18T15:28:31.168Z</time>
      </trkpt>
      <trkpt lat="50.395037" lon="8.578942">
        <ele>422.801698</ele>
        <time>2026-06-18T15:28:54.949Z</time>
      </trkpt>
      <trkpt lat="50.395062" lon="8.578331">
        <ele>425.466826</ele>
        <time>2026-06-18T15:29:20.405Z</time>
      </trkpt>
      <trkpt lat="50.395098" lon="8.578176">
        <ele>426.033701</ele>
        <time>2026-06-18T15:29:26.608Z</time>
      </trkpt>
      <trkpt lat="50.395164" lon="8.578126">
        <ele>426.428780</ele>
        <time>2026-06-18T15:29:30.795Z</time>
      </trkpt>
      <trkpt lat="50.395437" lon="8.578076">
        <ele>427.538297</ele>
        <time>2026-06-18T15:29:45.348Z</time>
      </trkpt>
      <trkpt lat="50.395993" lon="8.577699">
        <ele>428.886767</ele>
        <time>2026-06-18T15:30:11.155Z</time>
      </trkpt>
      <trkpt lat="50.396127" lon="8.577560">
        <ele>429.228736</ele>
        <time>2026-06-18T15:30:17.634Z</time>
      </trkpt>
      <trkpt lat="50.396201" lon="8.577408">
        <ele>429.492507</ele>
        <time>2026-06-18T15:30:22.692Z</time>
      </trkpt>
      <trkpt lat="50.396258" lon="8.577213">
        <ele>429.815236</ele>
        <time>2026-06-18T15:30:28.634Z</time>
      </trkpt>
      <trkpt lat="50.396040" lon="8.577360">
        <ele>430.459730</ele>
        <time>2026-06-18T15:30:37.036Z</time>
      </trkpt>
      <trkpt lat="50.395686" lon="8.577365">
        <ele>431.751960</ele>
        <time>2026-06-18T15:30:51.147Z</time>
      </trkpt>
      <trkpt lat="50.395477" lon="8.577344">
        <ele>432.705955</ele>
        <time>2026-06-18T15:31:00.222Z</time>
      </trkpt>
      <trkpt lat="50.394913" lon="8.577204">
        <ele>435.510026</ele>
        <time>2026-06-18T15:31:26.480Z</time>
      </trkpt>
      <trkpt lat="50.393875" lon="8.577176">
        <ele>440.738997</ele>
        <time>2026-06-18T15:32:15.609Z</time>
      </trkpt>
      <trkpt lat="50.393767" lon="8.577021">
        <ele>441.372090</ele>
        <time>2026-06-18T15:32:21.587Z</time>
      </trkpt>
      <trkpt lat="50.393617" lon="8.576328">
        <ele>442.916131</ele>
        <time>2026-06-18T15:32:39.212Z</time>
      </trkpt>
      <trkpt lat="50.393693" lon="8.575878">
        <ele>444.037761</ele>
        <time>2026-06-18T15:32:53.797Z</time>
      </trkpt>
      <trkpt lat="50.393969" lon="8.575147">
        <ele>446.329354</ele>
        <time>2026-06-18T15:33:22.693Z</time>
      </trkpt>
      <trkpt lat="50.394105" lon="8.574908">
        <ele>447.338293</ele>
        <time>2026-06-18T15:33:32.273Z</time>
      </trkpt>
      <trkpt lat="50.394683" lon="8.573809">
        <ele>452.383120</ele>
        <time>2026-06-18T15:34:17.043Z</time>
      </trkpt>
      <trkpt lat="50.395172" lon="8.572674">
        <ele>456.923026</ele>
        <time>2026-06-18T15:34:59.010Z</time>
      </trkpt>
      <trkpt lat="50.395306" lon="8.572013">
        <ele>458.674768</ele>
        <time>2026-06-18T15:35:16.522Z</time>
      </trkpt>
      <trkpt lat="50.395291" lon="8.570948">
        <ele>460.941562</ele>
        <time>2026-06-18T15:35:42.564Z</time>
      </trkpt>
      <trkpt lat="50.395493" lon="8.570427">
        <ele>461.898434</ele>
        <time>2026-06-18T15:35:55.599Z</time>
      </trkpt>
      <trkpt lat="50.395597" lon="8.570214">
        <ele>462.283025</ele>
        <time>2026-06-18T15:36:01.106Z</time>
      </trkpt>
      <trkpt lat="50.395843" lon="8.569386">
        <ele>463.343488</ele>
        <time>2026-06-18T15:36:19.205Z</time>
      </trkpt>
      <trkpt lat="50.395917" lon="8.568596">
        <ele>463.742383</ele>
        <time>2026-06-18T15:36:32.244Z</time>
      </trkpt>
      <trkpt lat="50.395903" lon="8.567960">
        <ele>463.374751</ele>
        <time>2026-06-18T15:36:39.996Z</time>
      </trkpt>
      <trkpt lat="50.395805" lon="8.567360">
        <ele>462.797256</ele>
        <time>2026-06-18T15:36:47.161Z</time>
      </trkpt>
      <trkpt lat="50.395971" lon="8.566291">
        <ele>461.708286</ele>
        <time>2026-06-18T15:36:59.803Z</time>
      </trkpt>
      <trkpt lat="50.396074" lon="8.566000">
        <ele>461.432571</ele>
        <time>2026-06-18T15:37:03.715Z</time>
      </trkpt>
      <trkpt lat="50.396286" lon="8.565539">
        <ele>461.113033</ele>
        <time>2026-06-18T15:37:10.686Z</time>
      </trkpt>
      <trkpt lat="50.396444" lon="8.564727">
        <ele>460.791111</ele>
        <time>2026-06-18T15:37:21.510Z</time>
      </trkpt>
      <trkpt lat="50.396654" lon="8.563915">
        <ele>460.335213</ele>
        <time>2026-06-18T15:37:32.407Z</time>
      </trkpt>
      <trkpt lat="50.396974" lon="8.562987">
        <ele>458.711606</ele>
        <time>2026-06-18T15:37:43.840Z</time>
      </trkpt>
      <trkpt lat="50.397064" lon="8.561852">
        <ele>457.149598</ele>
        <time>2026-06-18T15:37:56.477Z</time>
      </trkpt>
      <trkpt lat="50.397162" lon="8.561501">
        <ele>456.866928</ele>
        <time>2026-06-18T15:38:01.096Z</time>
      </trkpt>
      <trkpt lat="50.397266" lon="8.561287">
        <ele>456.799994</ele>
        <time>2026-06-18T15:38:04.523Z</time>
      </trkpt>
      <trkpt lat="50.397685" lon="8.560885">
        <ele>456.869784</ele>
        <time>2026-06-18T15:38:15.029Z</time>
      </trkpt>
      <trkpt lat="50.398193" lon="8.560214">
        <ele>457.505889</ele>
        <time>2026-06-18T15:38:32.744Z</time>
      </trkpt>
      <trkpt lat="50.398304" lon="8.560016">
        <ele>457.695747</ele>
        <time>2026-06-18T15:38:37.524Z</time>
      </trkpt>
      <trkpt lat="50.398554" lon="8.559570">
        <ele>458.099425</ele>
        <time>2026-06-18T15:38:47.512Z</time>
      </trkpt>
      <trkpt lat="50.398778" lon="8.559083">
        <ele>458.515361</ele>
        <time>2026-06-18T15:38:57.710Z</time>
      </trkpt>
      <trkpt lat="50.398866" lon="8.559412">
        <ele>458.892299</ele>
        <time>2026-06-18T15:39:06.560Z</time>
      </trkpt>
      <trkpt lat="50.399383" lon="8.560864">
        <ele>461.446842</ele>
        <time>2026-06-18T15:39:52.725Z</time>
      </trkpt>
      <trkpt lat="50.399753" lon="8.562383">
        <ele>467.087228</ele>
        <time>2026-06-18T15:40:54.316Z</time>
      </trkpt>
      <trkpt lat="50.399834" lon="8.562721">
        <ele>468.752998</ele>
        <time>2026-06-18T15:41:10.076Z</time>
      </trkpt>
      <trkpt lat="50.400100" lon="8.563374">
        <ele>472.950349</ele>
        <time>2026-06-18T15:41:47.081Z</time>
      </trkpt>
      <trkpt lat="50.400346" lon="8.564489">
        <ele>480.527694</ele>
        <time>2026-06-18T15:42:49.769Z</time>
      </trkpt>
      <trkpt lat="50.400351" lon="8.564513">
        <ele>480.676422</ele>
        <time>2026-06-18T15:42:51.065Z</time>
      </trkpt>
      <trkpt lat="50.400383" lon="8.564925">
        <ele>482.900213</ele>
        <time>2026-06-18T15:43:10.468Z</time>
      </trkpt>
      <trkpt lat="50.400585" lon="8.565655">
        <ele>486.301550</ele>
        <time>2026-06-18T15:43:43.123Z</time>
      </trkpt>
      <trkpt lat="50.400978" lon="8.566711">
        <ele>491.412063</ele>
        <time>2026-06-18T15:44:33.347Z</time>
      </trkpt>
      <trkpt lat="50.401136" lon="8.566985">
        <ele>492.943429</ele>
        <time>2026-06-18T15:44:48.829Z</time>
      </trkpt>
      <trkpt lat="50.401440" lon="8.567582">
        <ele>495.888503</ele>
        <time>2026-06-18T15:45:19.194Z</time>
      </trkpt>
      <trkpt lat="50.401489" lon="8.567811">
        <ele>496.751203</ele>
        <time>2026-06-18T15:45:28.314Z</time>
      </trkpt>
      <trkpt lat="50.401524" lon="8.568200">
        <ele>497.828618</ele>
        <time>2026-06-18T15:45:42.363Z</time>
      </trkpt>
      <trkpt lat="50.401603" lon="8.569095">
        <ele>499.099020</ele>
        <time>2026-06-18T15:46:06.737Z</time>
      </trkpt>
      <trkpt lat="50.401683" lon="8.569340">
        <ele>498.936700</ele>
        <time>2026-06-18T15:46:11.978Z</time>
      </trkpt>
      <trkpt lat="50.401941" lon="8.569841">
        <ele>497.543543</ele>
        <time>2026-06-18T15:46:22.519Z</time>
      </trkpt>
      <trkpt lat="50.402059" lon="8.569988">
        <ele>496.713737</ele>
        <time>2026-06-18T15:46:26.033Z</time>
      </trkpt>
      <trkpt lat="50.402575" lon="8.570365">
        <ele>492.246863</ele>
        <time>2026-06-18T15:46:38.736Z</time>
      </trkpt>
      <trkpt lat="50.402760" lon="8.570645">
        <ele>489.987870</ele>
        <time>2026-06-18T15:46:44.351Z</time>
      </trkpt>
      <trkpt lat="50.402867" lon="8.570941">
        <ele>488.055987</ele>
        <time>2026-06-18T15:46:49.067Z</time>
      </trkpt>
      <trkpt lat="50.403161" lon="8.572118">
        <ele>481.698262</ele>
        <time>2026-06-18T15:47:07.026Z</time>
      </trkpt>
      <trkpt lat="50.403276" lon="8.572706">
        <ele>479.216456</ele>
        <time>2026-06-18T15:47:16.152Z</time>
      </trkpt>
      <trkpt lat="50.403402" lon="8.573452">
        <ele>476.377193</ele>
        <time>2026-06-18T15:47:27.752Z</time>
      </trkpt>
      <trkpt lat="50.403534" lon="8.573744">
        <ele>474.990111</ele>
        <time>2026-06-18T15:47:33.060Z</time>
      </trkpt>
      <trkpt lat="50.403733" lon="8.574063">
        <ele>473.218614</ele>
        <time>2026-06-18T15:47:39.652Z</time>
      </trkpt>
      <trkpt lat="50.403828" lon="8.574278">
        <ele>472.215088</ele>
        <time>2026-06-18T15:47:43.571Z</time>
      </trkpt>
      <trkpt lat="50.403889" lon="8.574707">
        <ele>470.610385</ele>
        <time>2026-06-18T15:47:50.198Z</time>
      </trkpt>
      <trkpt lat="50.403981" lon="8.575138">
        <ele>468.971750</ele>
        <time>2026-06-18T15:47:57.022Z</time>
      </trkpt>
      <trkpt lat="50.404077" lon="8.575399">
        <ele>467.815814</ele>
        <time>2026-06-18T15:48:01.501Z</time>
      </trkpt>
      <trkpt lat="50.404535" lon="8.575957">
        <ele>464.457122</ele>
        <time>2026-06-18T15:48:15.119Z</time>
      </trkpt>
      <trkpt lat="50.404703" lon="8.576208">
        <ele>463.337359</ele>
        <time>2026-06-18T15:48:20.687Z</time>
      </trkpt>
      <trkpt lat="50.404825" lon="8.576391">
        <ele>462.634837</ele>
        <time>2026-06-18T15:48:24.890Z</time>
      </trkpt>
      <trkpt lat="50.405177" lon="8.576815">
        <ele>461.208054</ele>
        <time>2026-06-18T15:48:36.372Z</time>
      </trkpt>
      <trkpt lat="50.405484" lon="8.577161">
        <ele>460.100158</ele>
        <time>2026-06-18T15:48:46.310Z</time>
      </trkpt>
      <trkpt lat="50.405783" lon="8.577428">
        <ele>459.031008</ele>
        <time>2026-06-18T15:48:55.296Z</time>
      </trkpt>
      <trkpt lat="50.406029" lon="8.577531">
        <ele>457.947559</ele>
        <time>2026-06-18T15:49:01.587Z</time>
      </trkpt>
      <trkpt lat="50.406369" lon="8.577491">
        <ele>456.155799</ele>
        <time>2026-06-18T15:49:09.704Z</time>
      </trkpt>
      <trkpt lat="50.406658" lon="8.577535">
        <ele>454.244347</ele>
        <time>2026-06-18T15:49:16.375Z</time>
      </trkpt>
      <trkpt lat="50.406686" lon="8.577601">
        <ele>453.867837</ele>
        <time>2026-06-18T15:49:17.516Z</time>
      </trkpt>
      <trkpt lat="50.406808" lon="8.577890">
        <ele>452.117704</ele>
        <time>2026-06-18T15:49:22.452Z</time>
      </trkpt>
      <trkpt lat="50.406883" lon="8.578229">
        <ele>449.954711</ele>
        <time>2026-06-18T15:49:27.442Z</time>
      </trkpt>
      <trkpt lat="50.407269" lon="8.580992">
        <ele>431.019511</ele>
        <time>2026-06-18T15:50:05.686Z</time>
      </trkpt>
      <trkpt lat="50.407358" lon="8.581893">
        <ele>426.828458</ele>
        <time>2026-06-18T15:50:19.019Z</time>
      </trkpt>
      <trkpt lat="50.407342" lon="8.582217">
        <ele>425.596721</ele>
        <time>2026-06-18T15:50:23.880Z</time>
      </trkpt>
      <trkpt lat="50.407252" lon="8.582559">
        <ele>424.200938</ele>
        <time>2026-06-18T15:50:29.432Z</time>
      </trkpt>
      <trkpt lat="50.407027" lon="8.583058">
        <ele>421.864486</ele>
        <time>2026-06-18T15:50:38.568Z</time>
      </trkpt>
      <trkpt lat="50.406699" lon="8.582986">
        <ele>419.669498</ele>
        <time>2026-06-18T15:50:43.350Z</time>
      </trkpt>
      <trkpt lat="50.406433" lon="8.582888">
        <ele>417.676032</ele>
        <time>2026-06-18T15:50:47.240Z</time>
      </trkpt>
      <trkpt lat="50.406120" lon="8.582699">
        <ele>415.060312</ele>
        <time>2026-06-18T15:50:51.939Z</time>
      </trkpt>
      <trkpt lat="50.405980" lon="8.582586">
        <ele>413.712378</ele>
        <time>2026-06-18T15:50:54.130Z</time>
      </trkpt>
      <trkpt lat="50.405609" lon="8.582163">
        <ele>409.811310</ele>
        <time>2026-06-18T15:51:00.479Z</time>
      </trkpt>
      <trkpt lat="50.405498" lon="8.582095">
        <ele>408.833390</ele>
        <time>2026-06-18T15:51:02.154Z</time>
      </trkpt>
      <trkpt lat="50.405211" lon="8.582050">
        <ele>406.609408</ele>
        <time>2026-06-18T15:51:06.229Z</time>
      </trkpt>
      <trkpt lat="50.404926" lon="8.582169">
        <ele>404.408450</ele>
        <time>2026-06-18T15:51:10.421Z</time>
      </trkpt>
      <trkpt lat="50.404639" lon="8.582219">
        <ele>402.305711</ele>
        <time>2026-06-18T15:51:14.546Z</time>
      </trkpt>
      <trkpt lat="50.404259" lon="8.582232">
        <ele>399.586868</ele>
        <time>2026-06-18T15:51:19.972Z</time>
      </trkpt>
      <trkpt lat="50.403409" lon="8.582116">
        <ele>393.234109</ele>
        <time>2026-06-18T15:51:32.069Z</time>
      </trkpt>
      <trkpt lat="50.402704" lon="8.581859">
        <ele>387.046946</ele>
        <time>2026-06-18T15:51:42.115Z</time>
      </trkpt>
      <trkpt lat="50.402200" lon="8.581854">
        <ele>382.205709</ele>
        <time>2026-06-18T15:51:48.963Z</time>
      </trkpt>
      <trkpt lat="50.402046" lon="8.581807">
        <ele>380.747387</ele>
        <time>2026-06-18T15:51:51.104Z</time>
      </trkpt>
      <trkpt lat="50.401539" lon="8.581297">
        <ele>375.546921</ele>
        <time>2026-06-18T15:51:59.465Z</time>
      </trkpt>
      <trkpt lat="50.401322" lon="8.581261">
        <ele>373.897057</ele>
        <time>2026-06-18T15:52:02.543Z</time>
      </trkpt>
      <trkpt lat="50.400391" lon="8.582103">
        <ele>366.819532</ele>
        <time>2026-06-18T15:52:18.125Z</time>
      </trkpt>
      <trkpt lat="50.399955" lon="8.583046">
        <ele>362.150471</ele>
        <time>2026-06-18T15:52:29.009Z</time>
      </trkpt>
      <trkpt lat="50.399330" lon="8.584155">
        <ele>354.998294</ele>
        <time>2026-06-18T15:52:42.310Z</time>
      </trkpt>
      <trkpt lat="50.398822" lon="8.584775">
        <ele>350.065738</ele>
        <time>2026-06-18T15:52:51.392Z</time>
      </trkpt>
      <trkpt lat="50.398258" lon="8.585333">
        <ele>345.685640</ele>
        <time>2026-06-18T15:53:01.003Z</time>
      </trkpt>
      <trkpt lat="50.397532" lon="8.585699">
        <ele>341.327067</ele>
        <time>2026-06-18T15:53:12.336Z</time>
      </trkpt>
      <trkpt lat="50.397135" lon="8.586077">
        <ele>339.008661</ele>
        <time>2026-06-18T15:53:19.387Z</time>
      </trkpt>
      <trkpt lat="50.396136" lon="8.586546">
        <ele>334.073329</ele>
        <time>2026-06-18T15:53:35.359Z</time>
      </trkpt>
      <trkpt lat="50.395921" lon="8.586803">
        <ele>332.665915</ele>
        <time>2026-06-18T15:53:41.832Z</time>
      </trkpt>
      <trkpt lat="50.395685" lon="8.587254">
        <ele>330.417023</ele>
        <time>2026-06-18T15:53:50.546Z</time>
      </trkpt>
      <trkpt lat="50.395481" lon="8.587898">
        <ele>327.091252</ele>
        <time>2026-06-18T15:54:00.883Z</time>
      </trkpt>
      <trkpt lat="50.395347" lon="8.588640">
        <ele>323.403547</ele>
        <time>2026-06-18T15:54:11.948Z</time>
      </trkpt>
      <trkpt lat="50.395305" lon="8.589204">
        <ele>320.775631</ele>
        <time>2026-06-18T15:54:20.118Z</time>
      </trkpt>
      <trkpt lat="50.395398" lon="8.590891">
        <ele>314.043697</ele>
        <time>2026-06-18T15:54:45.161Z</time>
      </trkpt>
      <trkpt lat="50.395514" lon="8.591764">
        <ele>311.171628</ele>
        <time>2026-06-18T15:54:58.925Z</time>
      </trkpt>
      <trkpt lat="50.395638" lon="8.592428">
        <ele>308.796484</ele>
        <time>2026-06-18T15:55:09.388Z</time>
      </trkpt>
      <trkpt lat="50.395656" lon="8.592826">
        <ele>307.386258</ele>
        <time>2026-06-18T15:55:15.406Z</time>
      </trkpt>
      <trkpt lat="50.395561" lon="8.593600">
        <ele>304.508311</ele>
        <time>2026-06-18T15:55:27.238Z</time>
      </trkpt>
      <trkpt lat="50.395618" lon="8.594531">
        <ele>301.323782</ele>
        <time>2026-06-18T15:55:41.382Z</time>
      </trkpt>
      <trkpt lat="50.395804" lon="8.596408">
        <ele>297.275819</ele>
        <time>2026-06-18T15:56:12.481Z</time>
      </trkpt>
      <trkpt lat="50.395910" lon="8.596390">
        <ele>297.157654</ele>
        <time>2026-06-18T15:56:15.478Z</time>
      </trkpt>
      <trkpt lat="50.396391" lon="8.597124">
        <ele>296.734462</ele>
        <time>2026-06-18T15:56:35.547Z</time>
      </trkpt>
      <trkpt lat="50.396767" lon="8.597565">
        <ele>297.166767</ele>
        <time>2026-06-18T15:56:53.009Z</time>
      </trkpt>
      <trkpt lat="50.396859" lon="8.598103">
        <ele>297.915429</ele>
        <time>2026-06-18T15:57:08.047Z</time>
      </trkpt>
      <trkpt lat="50.397007" lon="8.598441">
        <ele>298.651770</ele>
        <time>2026-06-18T15:57:19.952Z</time>
      </trkpt>
      <trkpt lat="50.397352" lon="8.598652">
        <ele>300.013809</ele>
        <time>2026-06-18T15:57:38.720Z</time>
      </trkpt>
      <trkpt lat="50.397448" lon="8.598615">
        <ele>300.472674</ele>
        <time>2026-06-18T15:57:44.167Z</time>
      </trkpt>
      <trkpt lat="50.397736" lon="8.598502">
        <ele>302.043809</ele>
        <time>2026-06-18T15:58:01.456Z</time>
      </trkpt>
      <trkpt lat="50.398016" lon="8.598123">
        <ele>304.307062</ele>
        <time>2026-06-18T15:58:24.882Z</time>
      </trkpt>
      <trkpt lat="50.398406" lon="8.597161">
        <ele>308.828697</ele>
        <time>2026-06-18T15:59:11.004Z</time>
      </trkpt>
      <trkpt lat="50.398789" lon="8.596671">
        <ele>311.299690</ele>
        <time>2026-06-18T15:59:38.897Z</time>
      </trkpt>
      <trkpt lat="50.399116" lon="8.596313">
        <ele>312.047087</ele>
        <time>2026-06-18T15:59:57.976Z</time>
      </trkpt>
      <trkpt lat="50.400388" lon="8.595669">
        <ele>308.973019</ele>
        <time>2026-06-18T16:00:33.718Z</time>
      </trkpt>
      <trkpt lat="50.400496" lon="8.596751">
        <ele>304.892334</ele>
        <time>2026-06-18T16:00:43.890Z</time>
      </trkpt>
      <trkpt lat="50.400536" lon="8.596827">
        <ele>304.492462</ele>
        <time>2026-06-18T16:00:44.797Z</time>
      </trkpt>
      <trkpt lat="50.400525" lon="8.596949">
        <ele>303.973268</ele>
        <time>2026-06-18T16:00:45.925Z</time>
      </trkpt>
      <trkpt lat="50.400563" lon="8.597094">
        <ele>303.288823</ele>
        <time>2026-06-18T16:00:47.358Z</time>
      </trkpt>
      <trkpt lat="50.400680" lon="8.597625">
        <ele>300.851895</ele>
        <time>2026-06-18T16:00:52.519Z</time>
      </trkpt>
      <trkpt lat="50.400551" lon="8.597874">
        <ele>299.619286</ele>
        <time>2026-06-18T16:00:55.528Z</time>
      </trkpt>
      <trkpt lat="50.400297" lon="8.598056">
        <ele>298.160992</ele>
        <time>2026-06-18T16:00:59.710Z</time>
      </trkpt>
      <trkpt lat="50.399859" lon="8.598335">
        <ele>296.016074</ele>
        <time>2026-06-18T16:01:07.087Z</time>
      </trkpt>
      <trkpt lat="50.399431" lon="8.598829">
        <ele>293.280614</ele>
        <time>2026-06-18T16:01:15.086Z</time>
      </trkpt>
      <trkpt lat="50.399102" lon="8.599502">
        <ele>290.236629</ele>
        <time>2026-06-18T16:01:23.077Z</time>
      </trkpt>
      <trkpt lat="50.398809" lon="8.600878">
        <ele>285.652052</ele>
        <time>2026-06-18T16:01:37.062Z</time>
      </trkpt>
      <trkpt lat="50.398707" lon="8.601425">
        <ele>284.731950</ele>
        <time>2026-06-18T16:01:43.268Z</time>
      </trkpt>
      <trkpt lat="50.398623" lon="8.602082">
        <ele>284.245830</ele>
        <time>2026-06-18T16:01:51.297Z</time>
      </trkpt>
      <trkpt lat="50.398597" lon="8.602869">
        <ele>284.220506</ele>
        <time>2026-06-18T16:02:02.228Z</time>
      </trkpt>
      <trkpt lat="50.398554" lon="8.603422">
        <ele>284.429846</ele>
        <time>2026-06-18T16:02:10.772Z</time>
      </trkpt>
      <trkpt lat="50.398528" lon="8.604244">
        <ele>285.004986</ele>
        <time>2026-06-18T16:02:25.024Z</time>
      </trkpt>
      <trkpt lat="50.398450" lon="8.604579">
        <ele>285.286689</ele>
        <time>2026-06-18T16:02:31.133Z</time>
      </trkpt>
      <trkpt lat="50.398370" lon="8.605458">
        <ele>285.844006</ele>
        <time>2026-06-18T16:02:46.097Z</time>
      </trkpt>
      <trkpt lat="50.398382" lon="8.605736">
        <ele>286.082910</ele>
        <time>2026-06-18T16:02:51.052Z</time>
      </trkpt>
      <trkpt lat="50.398374" lon="8.605880">
        <ele>286.219607</ele>
        <time>2026-06-18T16:02:54.655Z</time>
      </trkpt>
      <trkpt lat="50.398310" lon="8.606225">
        <ele>286.580518</ele>
        <time>2026-06-18T16:03:03.794Z</time>
      </trkpt>
      <trkpt lat="50.398247" lon="8.606571">
        <ele>286.860450</ele>
        <time>2026-06-18T16:03:12.933Z</time>
      </trkpt>
      <trkpt lat="50.397966" lon="8.607882">
        <ele>287.386086</ele>
        <time>2026-06-18T16:03:42.994Z</time>
      </trkpt>
      <trkpt lat="50.397996" lon="8.609257">
        <ele>289.349861</ele>
        <time>2026-06-18T16:04:20.391Z</time>
      </trkpt>
      <trkpt lat="50.398028" lon="8.609474">
        <ele>289.893262</ele>
        <time>2026-06-18T16:04:27.920Z</time>
      </trkpt>
      <trkpt lat="50.398080" lon="8.609618">
        <ele>290.396394</ele>
        <time>2026-06-18T16:04:33.800Z</time>
      </trkpt>
      <trkpt lat="50.398175" lon="8.609657">
        <ele>290.922158</ele>
        <time>2026-06-18T16:04:39.403Z</time>
      </trkpt>
      <trkpt lat="50.398576" lon="8.609684">
        <ele>293.781908</ele>
        <time>2026-06-18T16:05:06.255Z</time>
      </trkpt>
      <trkpt lat="50.399172" lon="8.609976">
        <ele>299.723592</ele>
        <time>2026-06-18T16:05:56.692Z</time>
      </trkpt>
      <trkpt lat="50.399574" lon="8.610243">
        <ele>304.104580</ele>
        <time>2026-06-18T16:06:32.656Z</time>
      </trkpt>
      <trkpt lat="50.399858" lon="8.610456">
        <ele>307.295626</ele>
        <time>2026-06-18T16:06:58.422Z</time>
      </trkpt>
      <trkpt lat="50.399977" lon="8.610624">
        <ele>308.917111</ele>
        <time>2026-06-18T16:07:11.816Z</time>
      </trkpt>
      <trkpt lat="50.400128" lon="8.610723">
        <ele>310.635340</ele>
        <time>2026-06-18T16:07:25.731Z</time>
      </trkpt>
      <trkpt lat="50.400355" lon="8.610746">
        <ele>313.067606</ele>
        <time>2026-06-18T16:07:45.223Z</time>
      </trkpt>
      <trkpt lat="50.400435" lon="8.610784">
        <ele>313.961966</ele>
        <time>2026-06-18T16:07:52.374Z</time>
      </trkpt>
      <trkpt lat="50.400507" lon="8.610896">
        <ele>314.999252</ele>
        <time>2026-06-18T16:08:00.886Z</time>
      </trkpt>
      <trkpt lat="50.400750" lon="8.611922">
        <ele>322.017267</ele>
        <time>2026-06-18T16:08:58.011Z</time>
      </trkpt>
      <trkpt lat="50.400850" lon="8.612349">
        <ele>325.017185</ele>
        <time>2026-06-18T16:09:22.501Z</time>
      </trkpt>
      <trkpt lat="50.400895" lon="8.612664">
        <ele>327.145403</ele>
        <time>2026-06-18T16:09:39.908Z</time>
      </trkpt>
      <trkpt lat="50.401387" lon="8.612771">
        <ele>331.978630</ele>
        <time>2026-06-18T16:10:20.048Z</time>
      </trkpt>
      <trkpt lat="50.401802" lon="8.612799">
        <ele>335.726490</ele>
        <time>2026-06-18T16:10:52.228Z</time>
      </trkpt>
      <trkpt lat="50.401853" lon="8.612807">
        <ele>336.170855</ele>
        <time>2026-06-18T16:10:55.985Z</time>
      </trkpt>
      <trkpt lat="50.402452" lon="8.612915">
        <ele>340.690769</ele>
        <time>2026-06-18T16:11:38.397Z</time>
      </trkpt>
      <trkpt lat="50.402660" lon="8.612986">
        <ele>341.796275</ele>
        <time>2026-06-18T16:11:50.874Z</time>
      </trkpt>
      <trkpt lat="50.402755" lon="8.613035">
        <ele>342.193812</ele>
        <time>2026-06-18T16:11:55.921Z</time>
      </trkpt>
      <trkpt lat="50.403192" lon="8.613888">
        <ele>341.809422</ele>
        <time>2026-06-18T16:12:17.139Z</time>
      </trkpt>
      <trkpt lat="50.403238" lon="8.614119">
        <ele>340.960971</ele>
        <time>2026-06-18T16:12:20.849Z</time>
      </trkpt>
      <trkpt lat="50.403151" lon="8.615884">
        <ele>330.483045</ele>
        <time>2026-06-18T16:12:45.269Z</time>
      </trkpt>
      <trkpt lat="50.403176" lon="8.616965">
        <ele>323.795951</ele>
        <time>2026-06-18T16:13:00.096Z</time>
      </trkpt>
      <trkpt lat="50.403202" lon="8.617638">
        <ele>320.572090</ele>
        <time>2026-06-18T16:13:09.811Z</time>
      </trkpt>
      <trkpt lat="50.403226" lon="8.617902">
        <ele>319.525630</ele>
        <time>2026-06-18T16:13:12.015Z</time>
      </trkpt>
      <trkpt lat="50.403250" lon="8.618182">
        <ele>318.530716</ele>
        <time>2026-06-18T16:13:14.370Z</time>
      </trkpt>
      <trkpt lat="50.403350" lon="8.618860">
        <ele>316.328467</ele>
        <time>2026-06-18T16:13:20.305Z</time>
      </trkpt>
      <trkpt lat="50.403423" lon="8.619128">
        <ele>315.460424</ele>
        <time>2026-06-18T16:13:22.818Z</time>
      </trkpt>
      <trkpt lat="50.403803" lon="8.620200">
        <ele>311.353703</ele>
        <time>2026-06-18T16:13:33.160Z</time>
      </trkpt>
      <trkpt lat="50.403834" lon="8.620425">
        <ele>310.517530</ele>
        <time>2026-06-18T16:13:35.076Z</time>
      </trkpt>
      <trkpt lat="50.403837" lon="8.620678">
        <ele>309.569957</ele>
        <time>2026-06-18T16:13:37.157Z</time>
      </trkpt>
      <trkpt lat="50.403777" lon="8.621144">
        <ele>307.577994</ele>
        <time>2026-06-18T16:13:41.028Z</time>
      </trkpt>
      <trkpt lat="50.403690" lon="8.621754">
        <ele>304.807375</ele>
        <time>2026-06-18T16:13:46.056Z</time>
      </trkpt>
      <trkpt lat="50.403594" lon="8.622139">
        <ele>303.027093</ele>
        <time>2026-06-18T16:13:49.401Z</time>
      </trkpt>
      <trkpt lat="50.403571" lon="8.622613">
        <ele>301.095992</ele>
        <time>2026-06-18T16:13:53.268Z</time>
      </trkpt>
      <trkpt lat="50.403634" lon="8.623047">
        <ele>299.277711</ele>
        <time>2026-06-18T16:13:56.898Z</time>
      </trkpt>
      <trkpt lat="50.403747" lon="8.623337">
        <ele>297.817632</ele>
        <time>2026-06-18T16:13:59.664Z</time>
      </trkpt>
      <trkpt lat="50.403906" lon="8.623568">
        <ele>296.383945</ele>
        <time>2026-06-18T16:14:02.397Z</time>
      </trkpt>
      <trkpt lat="50.403991" lon="8.623657">
        <ele>295.695893</ele>
        <time>2026-06-18T16:14:03.696Z</time>
      </trkpt>
      <trkpt lat="50.404291" lon="8.623832">
        <ele>293.505167</ele>
        <time>2026-06-18T16:14:07.745Z</time>
      </trkpt>
      <trkpt lat="50.404438" lon="8.624060">
        <ele>292.124174</ele>
        <time>2026-06-18T16:14:10.385Z</time>
      </trkpt>
      <trkpt lat="50.404632" lon="8.624792">
        <ele>288.872550</ele>
        <time>2026-06-18T16:14:16.868Z</time>
      </trkpt>
      <trkpt lat="50.404785" lon="8.625222">
        <ele>286.685014</ele>
        <time>2026-06-18T16:14:20.803Z</time>
      </trkpt>
      <trkpt lat="50.405093" lon="8.625677">
        <ele>283.631058</ele>
        <time>2026-06-18T16:14:26.110Z</time>
      </trkpt>
      <trkpt lat="50.405261" lon="8.626191">
        <ele>281.256002</ele>
        <time>2026-06-18T16:14:30.817Z</time>
      </trkpt>
      <trkpt lat="50.405384" lon="8.627085">
        <ele>278.085088</ele>
        <time>2026-06-18T16:14:38.509Z</time>
      </trkpt>
      <trkpt lat="50.405399" lon="8.627336">
        <ele>277.200498</ele>
        <time>2026-06-18T16:14:40.622Z</time>
      </trkpt>
      <trkpt lat="50.405856" lon="8.628704">
        <ele>271.690807</ele>
        <time>2026-06-18T16:14:54.303Z</time>
      </trkpt>
      <trkpt lat="50.406085" lon="8.629746">
        <ele>267.889554</ele>
        <time>2026-06-18T16:15:04.078Z</time>
      </trkpt>
      <trkpt lat="50.406289" lon="8.631303">
        <ele>265.608253</ele>
        <time>2026-06-18T16:15:20.435Z</time>
      </trkpt>
      <trkpt lat="50.406970" lon="8.630831">
        <ele>268.288982</ele>
        <time>2026-06-18T16:15:47.672Z</time>
      </trkpt>
      <trkpt lat="50.407529" lon="8.630443">
        <ele>272.654804</ele>
        <time>2026-06-18T16:16:22.598Z</time>
      </trkpt>
      <trkpt lat="50.408020" lon="8.630097">
        <ele>277.433252</ele>
        <time>2026-06-18T16:16:56.965Z</time>
      </trkpt>
      <trkpt lat="50.408296" lon="8.629535">
        <ele>281.743712</ele>
        <time>2026-06-18T16:17:27.352Z</time>
      </trkpt>
      <trkpt lat="50.408359" lon="8.629418">
        <ele>282.708959</ele>
        <time>2026-06-18T16:17:33.982Z</time>
      </trkpt>
      <trkpt lat="50.408498" lon="8.628616">
        <ele>288.195462</ele>
        <time>2026-06-18T16:18:18.514Z</time>
      </trkpt>
      <trkpt lat="50.408360" lon="8.628196">
        <ele>291.232854</ele>
        <time>2026-06-18T16:18:43.723Z</time>
      </trkpt>
      <trkpt lat="50.408328" lon="8.627712">
        <ele>294.104546</ele>
        <time>2026-06-18T16:19:07.711Z</time>
      </trkpt>
      <trkpt lat="50.408280" lon="8.627466">
        <ele>295.633065</ele>
        <time>2026-06-18T16:19:20.534Z</time>
      </trkpt>
      <trkpt lat="50.408172" lon="8.627001">
        <ele>298.731553</ele>
        <time>2026-06-18T16:19:46.154Z</time>
      </trkpt>
      <trkpt lat="50.408320" lon="8.627031">
        <ele>300.282234</ele>
        <time>2026-06-18T16:19:58.711Z</time>
      </trkpt>
      <trkpt lat="50.408423" lon="8.626940">
        <ele>301.460436</ele>
        <time>2026-06-18T16:20:08.706Z</time>
      </trkpt>
      <trkpt lat="50.408600" lon="8.626940">
        <ele>303.114637</ele>
        <time>2026-06-18T16:20:23.069Z</time>
      </trkpt>
      <trkpt lat="50.408661" lon="8.627030">
        <ele>303.730906</ele>
        <time>2026-06-18T16:20:28.903Z</time>
      </trkpt>
      <trkpt lat="50.408676" lon="8.626198">
        <ele>306.890827</ele>
        <time>2026-06-18T16:21:01.513Z</time>
      </trkpt>
      <trkpt lat="50.408802" lon="8.625840">
        <ele>307.780397</ele>
        <time>2026-06-18T16:21:13.501Z</time>
      </trkpt>
      <trkpt lat="50.408964" lon="8.625766">
        <ele>308.241975</ele>
        <time>2026-06-18T16:21:21.298Z</time>
      </trkpt>
      <trkpt lat="50.409031" lon="8.625858">
        <ele>308.510367</ele>
        <time>2026-06-18T16:21:25.188Z</time>
      </trkpt>
      <trkpt lat="50.409162" lon="8.626209">
        <ele>309.326755</ele>
        <time>2026-06-18T16:21:37.998Z</time>
      </trkpt>
      <trkpt lat="50.409502" lon="8.626645">
        <ele>310.246435</ele>
        <time>2026-06-18T16:21:56.618Z</time>
      </trkpt>
      <trkpt lat="50.409910" lon="8.626792">
        <ele>310.831499</ele>
        <time>2026-06-18T16:22:11.834Z</time>
      </trkpt>
      <trkpt lat="50.410366" lon="8.627068">
        <ele>312.955985</ele>
        <time>2026-06-18T16:22:37.986Z</time>
      </trkpt>
      <trkpt lat="50.410624" lon="8.627053">
        <ele>314.709509</ele>
        <time>2026-06-18T16:22:55.675Z</time>
      </trkpt>
      <trkpt lat="50.410981" lon="8.627106">
        <ele>317.461417</ele>
        <time>2026-06-18T16:23:20.893Z</time>
      </trkpt>
      <trkpt lat="50.411115" lon="8.627054">
        <ele>318.718941</ele>
        <time>2026-06-18T16:23:31.373Z</time>
      </trkpt>
      <trkpt lat="50.411673" lon="8.626717">
        <ele>324.297833</ele>
        <time>2026-06-18T16:24:18.580Z</time>
      </trkpt>
      <trkpt lat="50.411765" lon="8.626763">
        <ele>325.199563</ele>
        <time>2026-06-18T16:24:25.225Z</time>
      </trkpt>
      <trkpt lat="50.411859" lon="8.626746">
        <ele>326.054384</ele>
        <time>2026-06-18T16:24:31.684Z</time>
      </trkpt>
      <trkpt lat="50.412537" lon="8.626128">
        <ele>332.715355</ele>
        <time>2026-06-18T16:25:30.571Z</time>
      </trkpt>
      <trkpt lat="50.412860" lon="8.625930">
        <ele>335.257001</ele>
        <time>2026-06-18T16:25:53.677Z</time>
      </trkpt>
      <trkpt lat="50.412845" lon="8.625855">
        <ele>335.635020</ele>
        <time>2026-06-18T16:25:56.896Z</time>
      </trkpt>
      <trkpt lat="50.413210" lon="8.625670">
        <ele>338.399524</ele>
        <time>2026-06-18T16:26:18.864Z</time>
      </trkpt>
      <trkpt lat="50.413806" lon="8.624982">
        <ele>343.430132</ele>
        <time>2026-06-18T16:27:00.587Z</time>
      </trkpt>
      <trkpt lat="50.414177" lon="8.623758">
        <ele>347.888990</ele>
        <time>2026-06-18T16:27:40.730Z</time>
      </trkpt>
      <trkpt lat="50.414108" lon="8.623749">
        <ele>348.225527</ele>
        <time>2026-06-18T16:27:44.706Z</time>
      </trkpt>
      <trkpt lat="50.414060" lon="8.623840">
        <ele>348.591419</ele>
        <time>2026-06-18T16:27:48.861Z</time>
      </trkpt>
      <trkpt lat="50.413990" lon="8.624110">
        <ele>349.472856</ele>
        <time>2026-06-18T16:27:59.303Z</time>
      </trkpt>
      <trkpt lat="50.413830" lon="8.624420">
        <ele>350.629859</ele>
        <time>2026-06-18T16:28:13.088Z</time>
      </trkpt>
      <trkpt lat="50.413770" lon="8.624490">
        <ele>350.964181</ele>
        <time>2026-06-18T16:28:17.110Z</time>
      </trkpt>
      <trkpt lat="50.413495" lon="8.624587">
        <ele>352.128409</ele>
        <time>2026-06-18T16:28:32.396Z</time>
      </trkpt>
      <trkpt lat="50.413218" lon="8.624971">
        <ele>353.279194</ele>
        <time>2026-06-18T16:28:49.482Z</time>
      </trkpt>
      <trkpt lat="50.413068" lon="8.625047">
        <ele>353.656844</ele>
        <time>2026-06-18T16:28:56.219Z</time>
      </trkpt>
      <trkpt lat="50.412886" lon="8.625017">
        <ele>353.940612</ele>
        <time>2026-06-18T16:29:03.697Z</time>
      </trkpt>
      <trkpt lat="50.412561" lon="8.625095">
        <ele>354.206084</ele>
        <time>2026-06-18T16:29:15.476Z</time>
      </trkpt>
      <trkpt lat="50.412533" lon="8.625051">
        <ele>354.199959</ele>
        <time>2026-06-18T16:29:17.040Z</time>
      </trkpt>
      <trkpt lat="50.411623" lon="8.625467">
        <ele>353.914340</ele>
        <time>2026-06-18T16:29:46.149Z</time>
      </trkpt>
      <trkpt lat="50.411195" lon="8.625358">
        <ele>353.280367</ele>
        <time>2026-06-18T16:29:53.924Z</time>
      </trkpt>
      <trkpt lat="50.411026" lon="8.625206">
        <ele>353.276037</ele>
        <time>2026-06-18T16:29:57.721Z</time>
      </trkpt>
      <trkpt lat="50.410776" lon="8.624452">
        <ele>354.727489</ele>
        <time>2026-06-18T16:30:16.399Z</time>
      </trkpt>
      <trkpt lat="50.410588" lon="8.623771">
        <ele>357.862601</ele>
        <time>2026-06-18T16:30:43.147Z</time>
      </trkpt>
      <trkpt lat="50.410560" lon="8.623586">
        <ele>358.873820</ele>
        <time>2026-06-18T16:30:52.234Z</time>
      </trkpt>
      <trkpt lat="50.410567" lon="8.623408">
        <ele>359.903989</ele>
        <time>2026-06-18T16:31:01.048Z</time>
      </trkpt>
      <trkpt lat="50.410617" lon="8.623149">
        <ele>361.571708</ele>
        <time>2026-06-18T16:31:14.677Z</time>
      </trkpt>
      <trkpt lat="50.410900" lon="8.622433">
        <ele>367.246318</ele>
        <time>2026-06-18T16:32:00.394Z</time>
      </trkpt>
      <trkpt lat="50.411112" lon="8.622090">
        <ele>370.937495</ele>
        <time>2026-06-18T16:32:29.043Z</time>
      </trkpt>
      <trkpt lat="50.411261" lon="8.621567">
        <ele>375.589434</ele>
        <time>2026-06-18T16:33:04.282Z</time>
      </trkpt>
      <trkpt lat="50.411468" lon="8.621092">
        <ele>380.239944</ele>
        <time>2026-06-18T16:33:38.908Z</time>
      </trkpt>
      <trkpt lat="50.412095" lon="8.619616">
        <ele>395.188818</ele>
        <time>2026-06-18T16:35:30.867Z</time>
      </trkpt>
      <trkpt lat="50.412124" lon="8.619452">
        <ele>396.612974</ele>
        <time>2026-06-18T16:35:41.360Z</time>
      </trkpt>
      <trkpt lat="50.412086" lon="8.619315">
        <ele>397.840912</ele>
        <time>2026-06-18T16:35:50.776Z</time>
      </trkpt>
      <trkpt lat="50.411880" lon="8.619048">
        <ele>401.115566</ele>
        <time>2026-06-18T16:36:15.799Z</time>
      </trkpt>
      <trkpt lat="50.411517" lon="8.618808">
        <ele>405.346751</ele>
        <time>2026-06-18T16:36:49.924Z</time>
      </trkpt>
      <trkpt lat="50.411222" lon="8.618735">
        <ele>408.240266</ele>
        <time>2026-06-18T16:37:13.938Z</time>
      </trkpt>
      <trkpt lat="50.410880" lon="8.618817">
        <ele>411.022783</ele>
        <time>2026-06-18T16:37:39.324Z</time>
      </trkpt>
      <trkpt lat="50.410282" lon="8.618545">
        <ele>414.662484</ele>
        <time>2026-06-18T16:38:16.436Z</time>
      </trkpt>
      <trkpt lat="50.409977" lon="8.618514">
        <ele>416.089704</ele>
        <time>2026-06-18T16:38:33.299Z</time>
      </trkpt>
      <trkpt lat="50.409591" lon="8.618550">
        <ele>417.759845</ele>
        <time>2026-06-18T16:38:53.964Z</time>
      </trkpt>
      <trkpt lat="50.409471" lon="8.618498">
        <ele>418.224485</ele>
        <time>2026-06-18T16:39:00.253Z</time>
      </trkpt>
      <trkpt lat="50.409213" lon="8.618270">
        <ele>419.411586</ele>
        <time>2026-06-18T16:39:15.317Z</time>
      </trkpt>
      <trkpt lat="50.409058" lon="8.618058">
        <ele>420.326786</ele>
        <time>2026-06-18T16:39:26.530Z</time>
      </trkpt>
      <trkpt lat="50.408839" lon="8.617871">
        <ele>421.625646</ele>
        <time>2026-06-18T16:39:41.054Z</time>
      </trkpt>
      <trkpt lat="50.408631" lon="8.617648">
        <ele>423.134297</ele>
        <time>2026-06-18T16:39:56.707Z</time>
      </trkpt>
      <trkpt lat="50.408536" lon="8.617469">
        <ele>424.108339</ele>
        <time>2026-06-18T16:40:06.400Z</time>
      </trkpt>
      <trkpt lat="50.408464" lon="8.617294">
        <ele>425.037426</ele>
        <time>2026-06-18T16:40:15.252Z</time>
      </trkpt>
      <trkpt lat="50.408433" lon="8.617095">
        <ele>425.968575</ele>
        <time>2026-06-18T16:40:24.098Z</time>
      </trkpt>
      <trkpt lat="50.408551" lon="8.615900">
        <ele>431.092577</ele>
        <time>2026-06-18T16:41:14.226Z</time>
      </trkpt>
      <trkpt lat="50.408523" lon="8.615491">
        <ele>432.746372</ele>
        <time>2026-06-18T16:41:31.356Z</time>
      </trkpt>
      <trkpt lat="50.408409" lon="8.614132">
        <ele>437.617041</ele>
        <time>2026-06-18T16:42:22.838Z</time>
      </trkpt>
      <trkpt lat="50.408400" lon="8.613618">
        <ele>439.527304</ele>
        <time>2026-06-18T16:42:42.734Z</time>
      </trkpt>
      <trkpt lat="50.408420" lon="8.613266">
        <ele>441.043068</ele>
        <time>2026-06-18T16:42:57.366Z</time>
      </trkpt>
      <trkpt lat="50.408899" lon="8.613552">
        <ele>445.150984</ele>
        <time>2026-06-18T16:43:29.160Z</time>
      </trkpt>
      <trkpt lat="50.409271" lon="8.613952">
        <ele>449.240054</ele>
        <time>2026-06-18T16:43:59.192Z</time>
      </trkpt>
      <trkpt lat="50.409622" lon="8.614146">
        <ele>452.851488</ele>
        <time>2026-06-18T16:44:25.844Z</time>
      </trkpt>
      <trkpt lat="50.410072" lon="8.614390">
        <ele>456.973817</ele>
        <time>2026-06-18T16:44:56.749Z</time>
      </trkpt>
      <trkpt lat="50.410202" lon="8.614521">
        <ele>458.143606</ele>
        <time>2026-06-18T16:45:05.998Z</time>
      </trkpt>
      <trkpt lat="50.410292" lon="8.614703">
        <ele>459.162006</ele>
        <time>2026-06-18T16:45:14.272Z</time>
      </trkpt>
      <trkpt lat="50.410365" lon="8.615012">
        <ele>460.428303</ele>
        <time>2026-06-18T16:45:25.033Z</time>
      </trkpt>
      <trkpt lat="50.410403" lon="8.615085">
        <ele>460.739803</ele>
        <time>2026-06-18T16:45:27.921Z</time>
      </trkpt>
      <trkpt lat="50.410446" lon="8.615168">
        <ele>461.093301</ele>
        <time>2026-06-18T16:45:31.711Z</time>
      </trkpt>
      <trkpt lat="50.410498" lon="8.615265">
        <ele>461.467936</ele>
        <time>2026-06-18T16:45:35.210Z</time>
      </trkpt>
      <trkpt lat="50.410758" lon="8.615547">
        <ele>462.759372</ele>
        <time>2026-06-18T16:45:48.411Z</time>
      </trkpt>
      <trkpt lat="50.410943" lon="8.615698">
        <ele>463.449374</ele>
        <time>2026-06-18T16:45:56.618Z</time>
      </trkpt>
      <trkpt lat="50.411314" lon="8.616090">
        <ele>464.575449</ele>
        <time>2026-06-18T16:46:11.836Z</time>
      </trkpt>
      <trkpt lat="50.411436" lon="8.616219">
        <ele>464.888177</ele>
        <time>2026-06-18T16:46:16.405Z</time>
      </trkpt>
      <trkpt lat="50.411583" lon="8.616327">
        <ele>465.183600</ele>
        <time>2026-06-18T16:46:21.380Z</time>
      </trkpt>
      <trkpt lat="50.411724" lon="8.616362">
        <ele>465.345941</ele>
        <time>2026-06-18T16:46:25.383Z</time>
      </trkpt>
      <trkpt lat="50.411920" lon="8.616324">
        <ele>465.447540</ele>
        <time>2026-06-18T16:46:30.110Z</time>
      </trkpt>
      <trkpt lat="50.412129" lon="8.616172">
        <ele>465.317670</ele>
        <time>2026-06-18T16:46:34.732Z</time>
      </trkpt>
      <trkpt lat="50.412567" lon="8.615664">
        <ele>464.546845</ele>
        <time>2026-06-18T16:46:44.673Z</time>
      </trkpt>
      <trkpt lat="50.412689" lon="8.615558">
        <ele>464.059062</ele>
        <time>2026-06-18T16:46:47.040Z</time>
      </trkpt>
      <trkpt lat="50.414776" lon="8.615639">
        <ele>453.387140</ele>
        <time>2026-06-18T16:47:18.463Z</time>
      </trkpt>
      <trkpt lat="50.414951" lon="8.615724">
        <ele>452.401779</ele>
        <time>2026-06-18T16:47:21.204Z</time>
      </trkpt>
      <trkpt lat="50.415048" lon="8.615816">
        <ele>451.782999</ele>
        <time>2026-06-18T16:47:23.903Z</time>
      </trkpt>
      <trkpt lat="50.415181" lon="8.615861">
        <ele>451.022962</ele>
        <time>2026-06-18T16:47:27.132Z</time>
      </trkpt>
      <trkpt lat="50.415315" lon="8.615860">
        <ele>450.240648</ele>
        <time>2026-06-18T16:47:30.345Z</time>
      </trkpt>
      <trkpt lat="50.416376" lon="8.615603">
        <ele>443.642783</ele>
        <time>2026-06-18T16:47:55.320Z</time>
      </trkpt>
      <trkpt lat="50.416816" lon="8.615187">
        <ele>439.702869</ele>
        <time>2026-06-18T16:48:06.810Z</time>
      </trkpt>
      <trkpt lat="50.418435" lon="8.613637">
        <ele>425.200197</ele>
        <time>2026-06-18T16:48:49.217Z</time>
      </trkpt>
      <trkpt lat="50.419825" lon="8.612315">
        <ele>419.832225</ele>
        <time>2026-06-18T16:49:31.177Z</time>
      </trkpt>
      <trkpt lat="50.420103" lon="8.612048">
        <ele>419.078121</ele>
        <time>2026-06-18T16:49:40.048Z</time>
      </trkpt>
      <trkpt lat="50.420172" lon="8.611979">
        <ele>418.885825</ele>
        <time>2026-06-18T16:49:42.285Z</time>
      </trkpt>
      <trkpt lat="50.420369" lon="8.611809">
        <ele>418.304392</ele>
        <time>2026-06-18T16:49:48.274Z</time>
      </trkpt>
      <trkpt lat="50.420296" lon="8.612351">
        <ele>417.311011</ele>
        <time>2026-06-18T16:49:54.235Z</time>
      </trkpt>
      <trkpt lat="50.421674" lon="8.613095">
        <ele>412.210433</ele>
        <time>2026-06-18T16:50:31.236Z</time>
      </trkpt>
      <trkpt lat="50.421762" lon="8.613048">
        <ele>411.869402</ele>
        <time>2026-06-18T16:50:33.575Z</time>
      </trkpt>
      <trkpt lat="50.422222" lon="8.612647">
        <ele>409.912805</ele>
        <time>2026-06-18T16:50:46.837Z</time>
      </trkpt>
      <trkpt lat="50.422542" lon="8.612480">
        <ele>408.722540</ele>
        <time>2026-06-18T16:50:55.453Z</time>
      </trkpt>
      <trkpt lat="50.422923" lon="8.612288">
        <ele>407.521858</ele>
        <time>2026-06-18T16:51:05.789Z</time>
      </trkpt>
      <trkpt lat="50.423469" lon="8.611655">
        <ele>405.959358</ele>
        <time>2026-06-18T16:51:24.012Z</time>
      </trkpt>
      <trkpt lat="50.424409" lon="8.611517">
        <ele>405.421222</ele>
        <time>2026-06-18T16:51:52.807Z</time>
      </trkpt>
      <trkpt lat="50.424690" lon="8.611424">
        <ele>405.380872</ele>
        <time>2026-06-18T16:52:01.796Z</time>
      </trkpt>
      <trkpt lat="50.424947" lon="8.611216">
        <ele>405.274850</ele>
        <time>2026-06-18T16:52:10.728Z</time>
      </trkpt>
      <trkpt lat="50.425012" lon="8.611071">
        <ele>405.209591</ele>
        <time>2026-06-18T16:52:14.129Z</time>
      </trkpt>
      <trkpt lat="50.425241" lon="8.610720">
        <ele>404.911118</ele>
        <time>2026-06-18T16:52:23.731Z</time>
      </trkpt>
      <trkpt lat="50.426097" lon="8.609550">
        <ele>402.330043</ele>
        <time>2026-06-18T16:52:54.332Z</time>
      </trkpt>
      <trkpt lat="50.426485" lon="8.609075">
        <ele>400.578186</ele>
        <time>2026-06-18T16:53:06.750Z</time>
      </trkpt>
      <trkpt lat="50.426869" lon="8.608469">
        <ele>398.269384</ele>
        <time>2026-06-18T16:53:20.251Z</time>
      </trkpt>
      <trkpt lat="50.427096" lon="8.608091">
        <ele>396.690919</ele>
        <time>2026-06-18T16:53:28.277Z</time>
      </trkpt>
      <trkpt lat="50.427632" lon="8.607758">
        <ele>393.785884</ele>
        <time>2026-06-18T16:53:42.104Z</time>
      </trkpt>
      <trkpt lat="50.427913" lon="8.607201">
        <ele>391.393490</ele>
        <time>2026-06-18T16:53:52.907Z</time>
      </trkpt>
      <trkpt lat="50.428173" lon="8.606751">
        <ele>389.259911</ele>
        <time>2026-06-18T16:54:02.108Z</time>
      </trkpt>
      <trkpt lat="50.428488" lon="8.606469">
        <ele>386.910870</ele>
        <time>2026-06-18T16:54:10.444Z</time>
      </trkpt>
      <trkpt lat="50.428890" lon="8.606382">
        <ele>384.342713</ele>
        <time>2026-06-18T16:54:19.835Z</time>
      </trkpt>
      <trkpt lat="50.429046" lon="8.606249">
        <ele>383.286887</ele>
        <time>2026-06-18T16:54:23.987Z</time>
      </trkpt>
      <trkpt lat="50.429308" lon="8.605871">
        <ele>381.235129</ele>
        <time>2026-06-18T16:54:32.376Z</time>
      </trkpt>
      <trkpt lat="50.429425" lon="8.605618">
        <ele>380.220824</ele>
        <time>2026-06-18T16:54:37.165Z</time>
      </trkpt>
      <trkpt lat="50.429598" lon="8.605113">
        <ele>378.518477</ele>
        <time>2026-06-18T16:54:46.050Z</time>
      </trkpt>
      <trkpt lat="50.429802" lon="8.604764">
        <ele>377.262980</ele>
        <time>2026-06-18T16:54:53.502Z</time>
      </trkpt>
      <trkpt lat="50.430047" lon="8.604421">
        <ele>376.235540</ele>
        <time>2026-06-18T16:55:02.046Z</time>
      </trkpt>
      <trkpt lat="50.430145" lon="8.604327">
        <ele>375.944592</ele>
        <time>2026-06-18T16:55:05.107Z</time>
      </trkpt>
      <trkpt lat="50.430232" lon="8.604295">
        <ele>375.711953</ele>
        <time>2026-06-18T16:55:07.467Z</time>
      </trkpt>
      <trkpt lat="50.430789" lon="8.604341">
        <ele>374.061163</ele>
        <time>2026-06-18T16:55:22.129Z</time>
      </trkpt>
      <trkpt lat="50.431117" lon="8.604459">
        <ele>372.877490</ele>
        <time>2026-06-18T16:55:30.670Z</time>
      </trkpt>
      <trkpt lat="50.431407" lon="8.604703">
        <ele>371.444483</ele>
        <time>2026-06-18T16:55:38.784Z</time>
      </trkpt>
      <trkpt lat="50.431881" lon="8.605206">
        <ele>368.433790</ele>
        <time>2026-06-18T16:55:52.443Z</time>
      </trkpt>
      <trkpt lat="50.432172" lon="8.605346">
        <ele>366.283749</ele>
        <time>2026-06-18T16:55:59.342Z</time>
      </trkpt>
      <trkpt lat="50.432557" lon="8.605316">
        <ele>363.398546</ele>
        <time>2026-06-18T16:56:08.010Z</time>
      </trkpt>
      <trkpt lat="50.432686" lon="8.605253">
        <ele>362.366988</ele>
        <time>2026-06-18T16:56:11.039Z</time>
      </trkpt>
      <trkpt lat="50.432777" lon="8.605046">
        <ele>361.125739</ele>
        <time>2026-06-18T16:56:14.627Z</time>
      </trkpt>
      <trkpt lat="50.432923" lon="8.604728">
        <ele>359.266946</ele>
        <time>2026-06-18T16:56:20.217Z</time>
      </trkpt>
      <trkpt lat="50.434174" lon="8.602006">
        <ele>345.697642</ele>
        <time>2026-06-18T16:57:09.656Z</time>
      </trkpt>
      <trkpt lat="50.435539" lon="8.599007">
        <ele>343.792661</ele>
        <time>2026-06-18T16:58:19.035Z</time>
      </trkpt>
      <trkpt lat="50.436102" lon="8.597778">
        <ele>347.748580</ele>
        <time>2026-06-18T16:59:00.644Z</time>
      </trkpt>
      <trkpt lat="50.436659" lon="8.596562">
        <ele>352.819919</ele>
        <time>2026-06-18T16:59:47.153Z</time>
      </trkpt>
      <trkpt lat="50.437272" lon="8.595238">
        <ele>355.885834</ele>
        <time>2026-06-18T17:00:24.670Z</time>
      </trkpt>
      <trkpt lat="50.437607" lon="8.594912">
        <ele>356.283016</ele>
        <time>2026-06-18T17:00:34.895Z</time>
      </trkpt>
      <trkpt lat="50.437798" lon="8.594788">
        <ele>356.296153</ele>
        <time>2026-06-18T17:00:39.590Z</time>
      </trkpt>
      <trkpt lat="50.438524" lon="8.594170">
        <ele>355.585287</ele>
        <time>2026-06-18T17:00:55.396Z</time>
      </trkpt>
      <trkpt lat="50.438800" lon="8.593852">
        <ele>355.146962</ele>
        <time>2026-06-18T17:01:01.722Z</time>
      </trkpt>
      <trkpt lat="50.438950" lon="8.593739">
        <ele>354.981610</ele>
        <time>2026-06-18T17:01:04.856Z</time>
      </trkpt>
      <trkpt lat="50.439253" lon="8.593656">
        <ele>354.725803</ele>
        <time>2026-06-18T17:01:10.782Z</time>
      </trkpt>
      <trkpt lat="50.439409" lon="8.593445">
        <ele>354.593238</ele>
        <time>2026-06-18T17:01:14.844Z</time>
      </trkpt>
      <trkpt lat="50.440717" lon="8.591945">
        <ele>353.518222</ele>
        <time>2026-06-18T17:01:47.096Z</time>
      </trkpt>
      <trkpt lat="50.440157" lon="8.591505">
        <ele>352.018890</ele>
        <time>2026-06-18T17:02:03.817Z</time>
      </trkpt>
      <trkpt lat="50.439915" lon="8.591197">
        <ele>350.875886</ele>
        <time>2026-06-18T17:02:11.700Z</time>
      </trkpt>
      <trkpt lat="50.439592" lon="8.590550">
        <ele>348.425911</ele>
        <time>2026-06-18T17:02:24.447Z</time>
      </trkpt>
      <trkpt lat="50.439256" lon="8.589875">
        <ele>345.266259</ele>
        <time>2026-06-18T17:02:37.274Z</time>
      </trkpt>
      <trkpt lat="50.439116" lon="8.589728">
        <ele>344.167106</ele>
        <time>2026-06-18T17:02:41.125Z</time>
      </trkpt>
      <trkpt lat="50.438943" lon="8.589628">
        <ele>342.859908</ele>
        <time>2026-06-18T17:02:45.314Z</time>
      </trkpt>
      <trkpt lat="50.438691" lon="8.589678">
        <ele>340.864282</ele>
        <time>2026-06-18T17:02:50.994Z</time>
      </trkpt>
      <trkpt lat="50.438310" lon="8.589572">
        <ele>337.595067</ele>
        <time>2026-06-18T17:02:59.523Z</time>
      </trkpt>
      <trkpt lat="50.438208" lon="8.589466">
        <ele>336.564190</ele>
        <time>2026-06-18T17:03:02.216Z</time>
      </trkpt>
      <trkpt lat="50.437913" lon="8.589028">
        <ele>333.484510</ele>
        <time>2026-06-18T17:03:11.297Z</time>
      </trkpt>
      <trkpt lat="50.437638" lon="8.588803">
        <ele>331.563887</ele>
        <time>2026-06-18T17:03:18.507Z</time>
      </trkpt>
      <trkpt lat="50.437473" lon="8.588708">
        <ele>330.780125</ele>
        <time>2026-06-18T17:03:22.819Z</time>
      </trkpt>
      <trkpt lat="50.437290" lon="8.588895">
        <ele>330.084806</ele>
        <time>2026-06-18T17:03:28.467Z</time>
      </trkpt>
      <trkpt lat="50.437188" lon="8.588924">
        <ele>329.841604</ele>
        <time>2026-06-18T17:03:31.302Z</time>
      </trkpt>
      <trkpt lat="50.436997" lon="8.588705">
        <ele>329.769193</ele>
        <time>2026-06-18T17:03:38.413Z</time>
      </trkpt>
      <trkpt lat="50.436185" lon="8.587252">
        <ele>333.527393</ele>
        <time>2026-06-18T17:04:37.628Z</time>
      </trkpt>
      <trkpt lat="50.436056" lon="8.586719">
        <ele>334.194389</ele>
        <time>2026-06-18T17:04:52.220Z</time>
      </trkpt>
      <trkpt lat="50.436078" lon="8.586024">
        <ele>334.044592</ele>
        <time>2026-06-18T17:05:00.273Z</time>
      </trkpt>
      <trkpt lat="50.436254" lon="8.585942">
        <ele>333.769487</ele>
        <time>2026-06-18T17:05:03.197Z</time>
      </trkpt>
      <trkpt lat="50.436626" lon="8.585897">
        <ele>332.771396</ele>
        <time>2026-06-18T17:05:08.738Z</time>
      </trkpt>
      <trkpt lat="50.436799" lon="8.585789">
        <ele>332.195335</ele>
        <time>2026-06-18T17:05:11.411Z</time>
      </trkpt>
      <trkpt lat="50.436924" lon="8.585659">
        <ele>331.714150</ele>
        <time>2026-06-18T17:05:13.559Z</time>
      </trkpt>
      <trkpt lat="50.437114" lon="8.585362">
        <ele>330.908740</ele>
        <time>2026-06-18T17:05:17.416Z</time>
      </trkpt>
      <trkpt lat="50.437266" lon="8.585054">
        <ele>330.294625</ele>
        <time>2026-06-18T17:05:21.125Z</time>
      </trkpt>
      <trkpt lat="50.437412" lon="8.584702">
        <ele>329.952126</ele>
        <time>2026-06-18T17:05:25.511Z</time>
      </trkpt>
      <trkpt lat="50.437828" lon="8.583852">
        <ele>329.798173</ele>
        <time>2026-06-18T17:05:38.391Z</time>
      </trkpt>
      <trkpt lat="50.438134" lon="8.583133">
        <ele>329.658275</ele>
        <time>2026-06-18T17:05:48.514Z</time>
      </trkpt>
      <trkpt lat="50.438244" lon="8.582939">
        <ele>329.474502</ele>
        <time>2026-06-18T17:05:51.359Z</time>
      </trkpt>
      <trkpt lat="50.439602" lon="8.581440">
        <ele>326.745461</ele>
        <time>2026-06-18T17:06:17.635Z</time>
      </trkpt>
      <trkpt lat="50.440074" lon="8.580608">
        <ele>326.107313</ele>
        <time>2026-06-18T17:06:29.880Z</time>
      </trkpt>
      <trkpt lat="50.440397" lon="8.580182">
        <ele>325.772523</ele>
        <time>2026-06-18T17:06:37.232Z</time>
      </trkpt>
      <trkpt lat="50.440589" lon="8.579645">
        <ele>325.262803</ele>
        <time>2026-06-18T17:06:43.692Z</time>
      </trkpt>
      <trkpt lat="50.440852" lon="8.578741">
        <ele>323.619532</ele>
        <time>2026-06-18T17:06:53.140Z</time>
      </trkpt>
      <trkpt lat="50.441723" lon="8.576602">
        <ele>316.543621</ele>
        <time>2026-06-18T17:07:15.140Z</time>
      </trkpt>
      <trkpt lat="50.441964" lon="8.576424">
        <ele>315.721675</ele>
        <time>2026-06-18T17:07:18.962Z</time>
      </trkpt>
      <trkpt lat="50.442214" lon="8.576116">
        <ele>314.964478</ele>
        <time>2026-06-18T17:07:23.742Z</time>
      </trkpt>
      <trkpt lat="50.442530" lon="8.575449">
        <ele>314.246193</ele>
        <time>2026-06-18T17:07:32.446Z</time>
      </trkpt>
      <trkpt lat="50.443242" lon="8.574453">
        <ele>314.339659</ele>
        <time>2026-06-18T17:07:51.607Z</time>
      </trkpt>
      <trkpt lat="50.443648" lon="8.573943">
        <ele>313.850761</ele>
        <time>2026-06-18T17:08:00.494Z</time>
      </trkpt>
      <trkpt lat="50.444203" lon="8.573405">
        <ele>312.660602</ele>
        <time>2026-06-18T17:08:10.627Z</time>
      </trkpt>
      <trkpt lat="50.444837" lon="8.572384">
        <ele>310.692379</ele>
        <time>2026-06-18T17:08:24.445Z</time>
      </trkpt>
      <trkpt lat="50.445019" lon="8.571735">
        <ele>310.402147</ele>
        <time>2026-06-18T17:08:32.269Z</time>
      </trkpt>
      <trkpt lat="50.445146" lon="8.570953">
        <ele>310.641347</ele>
        <time>2026-06-18T17:08:43.641Z</time>
      </trkpt>
      <trkpt lat="50.445357" lon="8.569607">
        <ele>311.798465</ele>
        <time>2026-06-18T17:09:07.119Z</time>
      </trkpt>
      <trkpt lat="50.445493" lon="8.568121">
        <ele>311.248119</ele>
        <time>2026-06-18T17:09:24.130Z</time>
      </trkpt>
      <trkpt lat="50.445565" lon="8.567645">
        <ele>309.786922</ele>
        <time>2026-06-18T17:09:28.295Z</time>
      </trkpt>
      <trkpt lat="50.445695" lon="8.567099">
        <ele>307.788939</ele>
        <time>2026-06-18T17:09:33.169Z</time>
      </trkpt>
      <trkpt lat="50.445882" lon="8.566855">
        <ele>306.392787</ele>
        <time>2026-06-18T17:09:36.325Z</time>
      </trkpt>
      <trkpt lat="50.445948" lon="8.567098">
        <ele>305.384977</ele>
        <time>2026-06-18T17:09:38.496Z</time>
      </trkpt>
      <trkpt lat="50.446050" lon="8.567291">
        <ele>304.508714</ele>
        <time>2026-06-18T17:09:40.576Z</time>
      </trkpt>
      <trkpt lat="50.446243" lon="8.567419">
        <ele>303.556611</ele>
        <time>2026-06-18T17:09:43.402Z</time>
      </trkpt>
      <trkpt lat="50.446267" lon="8.567602">
        <ele>303.111770</ele>
        <time>2026-06-18T17:09:45.084Z</time>
      </trkpt>
      <trkpt lat="50.446658" lon="8.568444">
        <ele>302.842667</ele>
        <time>2026-06-18T17:09:57.002Z</time>
      </trkpt>
      <trkpt lat="50.446800" lon="8.568632">
        <ele>303.445345</ele>
        <time>2026-06-18T17:10:03.706Z</time>
      </trkpt>
      <trkpt lat="50.447110" lon="8.568889">
        <ele>304.939490</ele>
        <time>2026-06-18T17:10:17.968Z</time>
      </trkpt>
      <trkpt lat="50.447338" lon="8.569278">
        <ele>306.637005</ele>
        <time>2026-06-18T17:10:33.050Z</time>
      </trkpt>
      <trkpt lat="50.447401" lon="8.569908">
        <ele>308.988080</ele>
        <time>2026-06-18T17:10:52.775Z</time>
      </trkpt>
      <trkpt lat="50.447394" lon="8.570183">
        <ele>309.927990</ele>
        <time>2026-06-18T17:11:01.074Z</time>
      </trkpt>
      <trkpt lat="50.447298" lon="8.570467">
        <ele>310.893652</ele>
        <time>2026-06-18T17:11:09.950Z</time>
      </trkpt>
      <trkpt lat="50.447181" lon="8.570987">
        <ele>312.366713</ele>
        <time>2026-06-18T17:11:23.791Z</time>
      </trkpt>
      <trkpt lat="50.447086" lon="8.571943">
        <ele>314.478341</ele>
        <time>2026-06-18T17:11:46.054Z</time>
      </trkpt>
      <trkpt lat="50.447106" lon="8.572204">
        <ele>315.061978</ele>
        <time>2026-06-18T17:11:52.086Z</time>
      </trkpt>
      <trkpt lat="50.447422" lon="8.573369">
        <ele>318.133616</ele>
        <time>2026-06-18T17:12:22.953Z</time>
      </trkpt>
      <trkpt lat="50.447695" lon="8.573974">
        <ele>320.439091</ele>
        <time>2026-06-18T17:12:43.627Z</time>
      </trkpt>
      <trkpt lat="50.447979" lon="8.574667">
        <ele>323.631896</ele>
        <time>2026-06-18T17:13:09.520Z</time>
      </trkpt>
      <trkpt lat="50.448102" lon="8.575146">
        <ele>325.832675</ele>
        <time>2026-06-18T17:13:27.209Z</time>
      </trkpt>
      <trkpt lat="50.448340" lon="8.576126">
        <ele>330.839844</ele>
        <time>2026-06-18T17:14:04.934Z</time>
      </trkpt>
      <trkpt lat="50.448412" lon="8.577597">
        <ele>338.684299</ele>
        <time>2026-06-18T17:15:02.507Z</time>
      </trkpt>
      <trkpt lat="50.448345" lon="8.578670">
        <ele>344.060764</ele>
        <time>2026-06-18T17:15:42.648Z</time>
      </trkpt>
      <trkpt lat="50.448308" lon="8.579259">
        <ele>346.408600</ele>
        <time>2026-06-18T17:16:02.599Z</time>
      </trkpt>
      <trkpt lat="50.448273" lon="8.582235">
        <ele>351.632295</ele>
        <time>2026-06-18T17:17:29.052Z</time>
      </trkpt>
      <trkpt lat="50.448255" lon="8.582486">
        <ele>351.537456</ele>
        <time>2026-06-18T17:17:33.610Z</time>
      </trkpt>
      <trkpt lat="50.448251" lon="8.582508">
        <ele>351.528866</ele>
        <time>2026-06-18T17:17:34.025Z</time>
      </trkpt>
      <trkpt lat="50.448028" lon="8.583848">
        <ele>349.170456</ele>
        <time>2026-06-18T17:17:57.315Z</time>
      </trkpt>
      <trkpt lat="50.447931" lon="8.584127">
        <ele>348.470572</ele>
        <time>2026-06-18T17:18:02.455Z</time>
      </trkpt>
      <trkpt lat="50.447783" lon="8.584335">
        <ele>347.767676</ele>
        <time>2026-06-18T17:18:07.474Z</time>
      </trkpt>
      <trkpt lat="50.447492" lon="8.584998">
        <ele>346.351038</ele>
        <time>2026-06-18T17:18:20.911Z</time>
      </trkpt>
      <trkpt lat="50.447084" lon="8.585752">
        <ele>345.540888</ele>
        <time>2026-06-18T17:18:38.970Z</time>
      </trkpt>
      <trkpt lat="50.447002" lon="8.586086">
        <ele>345.411127</ele>
        <time>2026-06-18T17:18:45.996Z</time>
      </trkpt>
      <trkpt lat="50.446914" lon="8.586744">
        <ele>345.297129</ele>
        <time>2026-06-18T17:18:59.368Z</time>
      </trkpt>
      <trkpt lat="50.446218" lon="8.586735">
        <ele>345.095370</ele>
        <time>2026-06-18T17:19:13.680Z</time>
      </trkpt>
      <trkpt lat="50.445174" lon="8.586791">
        <ele>344.729601</ele>
        <time>2026-06-18T17:19:35.007Z</time>
      </trkpt>
      <trkpt lat="50.445067" lon="8.586885">
        <ele>344.724183</ele>
        <time>2026-06-18T17:19:37.427Z</time>
      </trkpt>
      <trkpt lat="50.443297" lon="8.588964">
        <ele>346.213662</ele>
        <time>2026-06-18T17:20:31.987Z</time>
      </trkpt>
      <trkpt lat="50.441348" lon="8.591224">
        <ele>353.414764</ele>
        <time>2026-06-18T17:22:00.752Z</time>
      </trkpt>
      <trkpt lat="50.440925" lon="8.591704">
        <ele>354.269638</ele>
        <time>2026-06-18T17:22:15.909Z</time>
      </trkpt>
      <trkpt lat="50.440717" lon="8.591945">
        <ele>354.456648</ele>
        <time>2026-06-18T17:22:22.380Z</time>
      </trkpt>
      <trkpt lat="50.439409" lon="8.593445">
        <ele>353.264558</ele>
        <time>2026-06-18T17:22:54.074Z</time>
      </trkpt>
      <trkpt lat="50.439253" lon="8.593656">
        <ele>352.960902</ele>
        <time>2026-06-18T17:22:57.776Z</time>
      </trkpt>
      <trkpt lat="50.439380" lon="8.593977">
        <ele>352.422857</ele>
        <time>2026-06-18T17:23:01.968Z</time>
      </trkpt>
      <trkpt lat="50.439453" lon="8.594361">
        <ele>351.850137</ele>
        <time>2026-06-18T17:23:06.358Z</time>
      </trkpt>
      <trkpt lat="50.439559" lon="8.595149">
        <ele>350.480010</ele>
        <time>2026-06-18T17:23:14.962Z</time>
      </trkpt>
      <trkpt lat="50.439861" lon="8.596045">
        <ele>348.466527</ele>
        <time>2026-06-18T17:23:25.553Z</time>
      </trkpt>
      <trkpt lat="50.440087" lon="8.597121">
        <ele>345.988382</ele>
        <time>2026-06-18T17:23:37.219Z</time>
      </trkpt>
      <trkpt lat="50.440153" lon="8.597577">
        <ele>344.882317</ele>
        <time>2026-06-18T17:23:41.936Z</time>
      </trkpt>
      <trkpt lat="50.440194" lon="8.597707">
        <ele>344.511442</ele>
        <time>2026-06-18T17:23:43.400Z</time>
      </trkpt>
      <trkpt lat="50.440382" lon="8.597913">
        <ele>343.624130</ele>
        <time>2026-06-18T17:23:47.032Z</time>
      </trkpt>
      <trkpt lat="50.440985" lon="8.598347">
        <ele>341.270165</ele>
        <time>2026-06-18T17:23:57.594Z</time>
      </trkpt>
      <trkpt lat="50.441753" lon="8.599022">
        <ele>338.880988</ele>
        <time>2026-06-18T17:24:12.358Z</time>
      </trkpt>
      <trkpt lat="50.442284" lon="8.599730">
        <ele>337.825133</ele>
        <time>2026-06-18T17:24:25.122Z</time>
      </trkpt>
      <trkpt lat="50.442471" lon="8.600301">
        <ele>337.352483</ele>
        <time>2026-06-18T17:24:32.880Z</time>
      </trkpt>
      <trkpt lat="50.442758" lon="8.601968">
        <ele>335.345293</ele>
        <time>2026-06-18T17:24:52.487Z</time>
      </trkpt>
      <trkpt lat="50.442951" lon="8.602626">
        <ele>333.797356</ele>
        <time>2026-06-18T17:25:00.008Z</time>
      </trkpt>
      <trkpt lat="50.443310" lon="8.603496">
        <ele>330.199220</ele>
        <time>2026-06-18T17:25:09.871Z</time>
      </trkpt>
      <trkpt lat="50.443468" lon="8.603840">
        <ele>328.028099</ele>
        <time>2026-06-18T17:25:13.661Z</time>
      </trkpt>
      <trkpt lat="50.443631" lon="8.605177">
        <ele>320.183033</ele>
        <time>2026-06-18T17:25:25.536Z</time>
      </trkpt>
      <trkpt lat="50.443703" lon="8.605445">
        <ele>318.779869</ele>
        <time>2026-06-18T17:25:28.149Z</time>
      </trkpt>
      <trkpt lat="50.444270" lon="8.605991">
        <ele>315.647911</ele>
        <time>2026-06-18T17:25:38.337Z</time>
      </trkpt>
      <trkpt lat="50.443846" lon="8.605916">
        <ele>315.534287</ele>
        <time>2026-06-18T17:25:47.090Z</time>
      </trkpt>
      <trkpt lat="50.443424" lon="8.605885">
        <ele>316.823616</ele>
        <time>2026-06-18T17:26:02.767Z</time>
      </trkpt>
      <trkpt lat="50.443056" lon="8.605994">
        <ele>318.798868</ele>
        <time>2026-06-18T17:26:21.259Z</time>
      </trkpt>
      <trkpt lat="50.442454" lon="8.606489">
        <ele>322.495180</ele>
        <time>2026-06-18T17:26:54.972Z</time>
      </trkpt>
      <trkpt lat="50.441649" lon="8.606680">
        <ele>326.079183</ele>
        <time>2026-06-18T17:27:29.667Z</time>
      </trkpt>
      <trkpt lat="50.441236" lon="8.606661">
        <ele>327.601049</ele>
        <time>2026-06-18T17:27:46.096Z</time>
      </trkpt>
      <trkpt lat="50.440288" lon="8.606457">
        <ele>331.133344</ele>
        <time>2026-06-18T17:28:24.119Z</time>
      </trkpt>
      <trkpt lat="50.439935" lon="8.606502">
        <ele>332.757713</ele>
        <time>2026-06-18T17:28:39.444Z</time>
      </trkpt>
      <trkpt lat="50.439556" lon="8.606798">
        <ele>335.114603</ele>
        <time>2026-06-18T17:29:00.462Z</time>
      </trkpt>
      <trkpt lat="50.439387" lon="8.606807">
        <ele>336.136860</ele>
        <time>2026-06-18T17:29:09.473Z</time>
      </trkpt>
      <trkpt lat="50.439060" lon="8.606712">
        <ele>338.286279</ele>
        <time>2026-06-18T17:29:27.484Z</time>
      </trkpt>
      <trkpt lat="50.438926" lon="8.606846">
        <ele>339.309735</ele>
        <time>2026-06-18T17:29:36.056Z</time>
      </trkpt>
      <trkpt lat="50.438717" lon="8.607465">
        <ele>342.164463</ele>
        <time>2026-06-18T17:29:59.879Z</time>
      </trkpt>
      <trkpt lat="50.438510" lon="8.608019">
        <ele>344.563611</ele>
        <time>2026-06-18T17:30:20.730Z</time>
      </trkpt>
      <trkpt lat="50.438347" lon="8.608359">
        <ele>345.925062</ele>
        <time>2026-06-18T17:30:33.565Z</time>
      </trkpt>
      <trkpt lat="50.438015" lon="8.608882">
        <ele>347.743934</ele>
        <time>2026-06-18T17:30:52.817Z</time>
      </trkpt>
      <trkpt lat="50.437751" lon="8.609175">
        <ele>348.684882</ele>
        <time>2026-06-18T17:31:04.116Z</time>
      </trkpt>
      <trkpt lat="50.437474" lon="8.609355">
        <ele>349.344653</ele>
        <time>2026-06-18T17:31:13.885Z</time>
      </trkpt>
      <trkpt lat="50.437073" lon="8.609846">
        <ele>350.059118</ele>
        <time>2026-06-18T17:31:28.906Z</time>
      </trkpt>
      <trkpt lat="50.436194" lon="8.610540">
        <ele>348.981865</ele>
        <time>2026-06-18T17:31:47.400Z</time>
      </trkpt>
      <trkpt lat="50.435893" lon="8.610736">
        <ele>347.436018</ele>
        <time>2026-06-18T17:31:52.338Z</time>
      </trkpt>
      <trkpt lat="50.436010" lon="8.611304">
        <ele>345.213610</ele>
        <time>2026-06-18T17:32:01.252Z</time>
      </trkpt>
      <trkpt lat="50.436016" lon="8.611320">
        <ele>345.140887</ele>
        <time>2026-06-18T17:32:01.530Z</time>
      </trkpt>
      <trkpt lat="50.436245" lon="8.611894">
        <ele>342.390220</ele>
        <time>2026-06-18T17:32:11.502Z</time>
      </trkpt>
      <trkpt lat="50.436366" lon="8.612091">
        <ele>341.236357</ele>
        <time>2026-06-18T17:32:15.494Z</time>
      </trkpt>
      <trkpt lat="50.437712" lon="8.612186">
        <ele>333.382710</ele>
        <time>2026-06-18T17:32:47.128Z</time>
      </trkpt>
      <trkpt lat="50.438571" lon="8.612133">
        <ele>327.904480</ele>
        <time>2026-06-18T17:33:07.049Z</time>
      </trkpt>
      <trkpt lat="50.439050" lon="8.612027">
        <ele>323.996969</ele>
        <time>2026-06-18T17:33:17.789Z</time>
      </trkpt>
      <trkpt lat="50.439742" lon="8.612736">
        <ele>317.135180</ele>
        <time>2026-06-18T17:33:36.047Z</time>
      </trkpt>
      <trkpt lat="50.440514" lon="8.613484">
        <ele>310.157552</ele>
        <time>2026-06-18T17:33:56.389Z</time>
      </trkpt>
      <trkpt lat="50.440596" lon="8.613527">
        <ele>309.527248</ele>
        <time>2026-06-18T17:33:58.383Z</time>
      </trkpt>
      <trkpt lat="50.442012" lon="8.612863">
        <ele>300.588362</ele>
        <time>2026-06-18T17:34:32.820Z</time>
      </trkpt>
      <trkpt lat="50.442106" lon="8.612883">
        <ele>300.077365</ele>
        <time>2026-06-18T17:34:35.101Z</time>
      </trkpt>
      <trkpt lat="50.442243" lon="8.613053">
        <ele>299.215876</ele>
        <time>2026-06-18T17:34:39.332Z</time>
      </trkpt>
      <trkpt lat="50.442474" lon="8.613225">
        <ele>298.021879</ele>
        <time>2026-06-18T17:34:45.566Z</time>
      </trkpt>
      <trkpt lat="50.442887" lon="8.613261">
        <ele>296.310273</ele>
        <time>2026-06-18T17:34:55.811Z</time>
      </trkpt>
      <trkpt lat="50.443072" lon="8.613478">
        <ele>295.393677</ele>
        <time>2026-06-18T17:35:01.617Z</time>
      </trkpt>
      <trkpt lat="50.443159" lon="8.613667">
        <ele>294.801639</ele>
        <time>2026-06-18T17:35:05.320Z</time>
      </trkpt>
      <trkpt lat="50.443303" lon="8.613886">
        <ele>293.983669</ele>
        <time>2026-06-18T17:35:10.325Z</time>
      </trkpt>
      <trkpt lat="50.443466" lon="8.614032">
        <ele>293.177797</ele>
        <time>2026-06-18T17:35:14.931Z</time>
      </trkpt>
      <trkpt lat="50.443897" lon="8.614137">
        <ele>291.078595</ele>
        <time>2026-06-18T17:35:25.495Z</time>
      </trkpt>
      <trkpt lat="50.444028" lon="8.614093">
        <ele>290.341907</ele>
        <time>2026-06-18T17:35:28.672Z</time>
      </trkpt>
      <trkpt lat="50.444211" lon="8.613939">
        <ele>289.142822</ele>
        <time>2026-06-18T17:35:33.544Z</time>
      </trkpt>
      <trkpt lat="50.444664" lon="8.613822">
        <ele>286.610803</ele>
        <time>2026-06-18T17:35:44.396Z</time>
      </trkpt>
      <trkpt lat="50.444718" lon="8.613752">
        <ele>286.234672</ele>
        <time>2026-06-18T17:35:46.076Z</time>
      </trkpt>
      <trkpt lat="50.444822" lon="8.613447">
        <ele>285.172066</ele>
        <time>2026-06-18T17:35:51.419Z</time>
      </trkpt>
      <trkpt lat="50.444875" lon="8.613377">
        <ele>284.849485</ele>
        <time>2026-06-18T17:35:53.094Z</time>
      </trkpt>
      <trkpt lat="50.444945" lon="8.613341">
        <ele>284.508880</ele>
        <time>2026-06-18T17:35:54.884Z</time>
      </trkpt>
      <trkpt lat="50.445067" lon="8.613487">
        <ele>283.827906</ele>
        <time>2026-06-18T17:35:58.648Z</time>
      </trkpt>
      <trkpt lat="50.445219" lon="8.613743">
        <ele>282.976583</ele>
        <time>2026-06-18T17:36:04.227Z</time>
      </trkpt>
      <trkpt lat="50.445325" lon="8.614165">
        <ele>282.309180</ele>
        <time>2026-06-18T17:36:11.998Z</time>
      </trkpt>
      <trkpt lat="50.445454" lon="8.614426">
        <ele>282.206693</ele>
        <time>2026-06-18T17:36:18.316Z</time>
      </trkpt>
      <trkpt lat="50.445802" lon="8.614798">
        <ele>282.829991</ele>
        <time>2026-06-18T17:36:34.621Z</time>
      </trkpt>
      <trkpt lat="50.445887" lon="8.614927">
        <ele>283.189310</ele>
        <time>2026-06-18T17:36:40.255Z</time>
      </trkpt>
      <trkpt lat="50.446268" lon="8.617259">
        <ele>290.932805</ele>
        <time>2026-06-18T17:38:08.874Z</time>
      </trkpt>
      <trkpt lat="50.446528" lon="8.618374">
        <ele>293.833764</ele>
        <time>2026-06-18T17:38:47.157Z</time>
      </trkpt>
      <trkpt lat="50.446630" lon="8.618875">
        <ele>294.488573</ele>
        <time>2026-06-18T17:39:00.849Z</time>
      </trkpt>
      <trkpt lat="50.446966" lon="8.620576">
        <ele>296.359846</ele>
        <time>2026-06-18T17:39:46.143Z</time>
      </trkpt>
      <trkpt lat="50.446796" lon="8.622673">
        <ele>299.764923</ele>
        <time>2026-06-18T17:40:46.636Z</time>
      </trkpt>
      <trkpt lat="50.447586" lon="8.623176">
        <ele>300.015558</ele>
        <time>2026-06-18T17:41:15.029Z</time>
      </trkpt>
      <trkpt lat="50.448375" lon="8.623784">
        <ele>299.313433</ele>
        <time>2026-06-18T17:41:40.733Z</time>
      </trkpt>
      <trkpt lat="50.448666" lon="8.623973">
        <ele>299.132832</ele>
        <time>2026-06-18T17:41:50.422Z</time>
      </trkpt>
      <trkpt lat="50.448738" lon="8.624054">
        <ele>299.101912</ele>
        <time>2026-06-18T17:41:53.222Z</time>
      </trkpt>
      <trkpt lat="50.448880" lon="8.624455">
        <ele>299.047164</ele>
        <time>2026-06-18T17:42:02.512Z</time>
      </trkpt>
      <trkpt lat="50.449127" lon="8.626005">
        <ele>298.329828</ele>
        <time>2026-06-18T17:42:32.822Z</time>
      </trkpt>
      <trkpt lat="50.451167" lon="8.625660">
        <ele>293.242807</ele>
        <time>2026-06-18T17:43:27.418Z</time>
      </trkpt>
      <trkpt lat="50.451006" lon="8.627383">
        <ele>295.576805</ele>
        <time>2026-06-18T17:44:14.710Z</time>
      </trkpt>
      <trkpt lat="50.450893" lon="8.628299">
        <ele>298.152813</ele>
        <time>2026-06-18T17:44:46.741Z</time>
      </trkpt>
      <trkpt lat="50.450515" lon="8.630655">
        <ele>303.650283</ele>
        <time>2026-06-18T17:46:04.755Z</time>
      </trkpt>
      <trkpt lat="50.450194" lon="8.633287">
        <ele>305.873132</ele>
        <time>2026-06-18T17:47:08.778Z</time>
      </trkpt>
      <trkpt lat="50.449872" lon="8.635903">
        <ele>306.396172</ele>
        <time>2026-06-18T17:48:06.152Z</time>
      </trkpt>
      <trkpt lat="50.449534" lon="8.638914">
        <ele>299.992178</ele>
        <time>2026-06-18T17:48:56.064Z</time>
      </trkpt>
      <trkpt lat="50.449716" lon="8.638900">
        <ele>299.076827</ele>
        <time>2026-06-18T17:49:00.406Z</time>
      </trkpt>
      <trkpt lat="50.450365" lon="8.638790">
        <ele>295.070582</ele>
        <time>2026-06-18T17:49:15.574Z</time>
      </trkpt>
      <trkpt lat="50.451388" lon="8.638690">
        <ele>287.775910</ele>
        <time>2026-06-18T17:49:38.864Z</time>
      </trkpt>
      <trkpt lat="50.451638" lon="8.638734">
        <ele>285.931611</ele>
        <time>2026-06-18T17:49:44.522Z</time>
      </trkpt>
      <trkpt lat="50.452938" lon="8.639129">
        <ele>276.771199</ele>
        <time>2026-06-18T17:50:14.725Z</time>
      </trkpt>
      <trkpt lat="50.452982" lon="8.639140">
        <ele>276.487306</ele>
        <time>2026-06-18T17:50:15.752Z</time>
      </trkpt>
      <trkpt lat="50.453041" lon="8.639095">
        <ele>276.075339</ele>
        <time>2026-06-18T17:50:17.278Z</time>
      </trkpt>
      <trkpt lat="50.453190" lon="8.639757">
        <ele>273.506908</ele>
        <time>2026-06-18T17:50:23.086Z</time>
      </trkpt>
      <trkpt lat="50.453563" lon="8.641033">
        <ele>268.504017</ele>
        <time>2026-06-18T17:50:34.824Z</time>
      </trkpt>
      <trkpt lat="50.453647" lon="8.641256">
        <ele>267.620152</ele>
        <time>2026-06-18T17:50:36.997Z</time>
      </trkpt>
      <trkpt lat="50.454865" lon="8.642690">
        <ele>260.038156</ele>
        <time>2026-06-18T17:50:57.247Z</time>
      </trkpt>
      <trkpt lat="50.455828" lon="8.643894">
        <ele>256.727513</ele>
        <time>2026-06-18T17:51:15.520Z</time>
      </trkpt>
      <trkpt lat="50.456251" lon="8.644420">
        <ele>255.811062</ele>
        <time>2026-06-18T17:51:24.156Z</time>
      </trkpt>
      <trkpt lat="50.456914" lon="8.645264">
        <ele>254.490688</ele>
        <time>2026-06-18T17:51:37.870Z</time>
      </trkpt>
      <trkpt lat="50.457383" lon="8.645803">
        <ele>253.491363</ele>
        <time>2026-06-18T17:51:47.005Z</time>
      </trkpt>
      <trkpt lat="50.457426" lon="8.645849">
        <ele>253.399222</ele>
        <time>2026-06-18T17:51:47.818Z</time>
      </trkpt>
      <trkpt lat="50.457549" lon="8.646007">
        <ele>253.066888</ele>
        <time>2026-06-18T17:51:50.277Z</time>
      </trkpt>
      <trkpt lat="50.458606" lon="8.647190">
        <ele>249.827990</ele>
        <time>2026-06-18T17:52:09.717Z</time>
      </trkpt>
      <trkpt lat="50.458829" lon="8.647490">
        <ele>249.202933</ele>
        <time>2026-06-18T17:52:14.211Z</time>
      </trkpt>
      <trkpt lat="50.458967" lon="8.647722">
        <ele>248.820982</ele>
        <time>2026-06-18T17:52:17.339Z</time>
      </trkpt>
      <trkpt lat="50.458772" lon="8.648459">
        <ele>248.001212</ele>
        <time>2026-06-18T17:52:31.551Z</time>
      </trkpt>
      <trkpt lat="50.458649" lon="8.648819">
        <ele>247.610563</ele>
        <time>2026-06-18T17:52:38.875Z</time>
      </trkpt>
      <trkpt lat="50.458303" lon="8.649502">
        <ele>246.865514</ele>
        <time>2026-06-18T17:52:54.900Z</time>
      </trkpt>
      <trkpt lat="50.457436" lon="8.650972">
        <ele>244.475289</ele>
        <time>2026-06-18T17:53:30.195Z</time>
      </trkpt>
      <trkpt lat="50.457358" lon="8.651207">
        <ele>244.092573</ele>
        <time>2026-06-18T17:53:34.686Z</time>
      </trkpt>
      <trkpt lat="50.457433" lon="8.651215">
        <ele>243.903937</ele>
        <time>2026-06-18T17:53:35.807Z</time>
      </trkpt>
      <trkpt lat="50.457374" lon="8.651396">
        <ele>243.578326</ele>
        <time>2026-06-18T17:53:37.716Z</time>
      </trkpt>
      <trkpt lat="50.456872" lon="8.652460">
        <ele>241.101245</ele>
        <time>2026-06-18T17:53:49.988Z</time>
      </trkpt>
      <trkpt lat="50.456290" lon="8.653710">
        <ele>238.255241</ele>
        <time>2026-06-18T17:54:15.765Z</time>
      </trkpt>
      <trkpt lat="50.455528" lon="8.655215">
        <ele>236.965177</ele>
        <time>2026-06-18T17:54:51.009Z</time>
      </trkpt>
      <trkpt lat="50.454693" lon="8.656458">
        <ele>238.462177</ele>
        <time>2026-06-18T17:55:35.916Z</time>
      </trkpt>
      <trkpt lat="50.454386" lon="8.656702">
        <ele>239.295551</ele>
        <time>2026-06-18T17:55:51.336Z</time>
      </trkpt>
      <trkpt lat="50.454058" lon="8.657061">
        <ele>240.300142</ele>
        <time>2026-06-18T17:56:09.103Z</time>
      </trkpt>
      <trkpt lat="50.453859" lon="8.657369">
        <ele>240.970039</ele>
        <time>2026-06-18T17:56:21.396Z</time>
      </trkpt>
      <trkpt lat="50.453064" lon="8.658103">
        <ele>242.643098</ele>
        <time>2026-06-18T17:56:59.424Z</time>
      </trkpt>
      <trkpt lat="50.453198" lon="8.659352">
        <ele>243.389542</ele>
        <time>2026-06-18T17:57:18.486Z</time>
      </trkpt>
      <trkpt lat="50.453274" lon="8.660110">
        <ele>243.721722</ele>
        <time>2026-06-18T17:57:29.133Z</time>
      </trkpt>
      <trkpt lat="50.453430" lon="8.661482">
        <ele>244.916027</ele>
        <time>2026-06-18T17:57:51.994Z</time>
      </trkpt>
      <trkpt lat="50.453666" lon="8.663301">
        <ele>247.038839</ele>
        <time>2026-06-18T17:58:25.736Z</time>
      </trkpt>
      <trkpt lat="50.453706" lon="8.663496">
        <ele>247.144383</ele>
        <time>2026-06-18T17:58:28.842Z</time>
      </trkpt>
      <trkpt lat="50.453641" lon="8.663570">
        <ele>247.156442</ele>
        <time>2026-06-18T17:58:30.808Z</time>
      </trkpt>
      <trkpt lat="50.452917" lon="8.663702">
        <ele>246.502656</ele>
        <time>2026-06-18T17:58:44.861Z</time>
      </trkpt>
      <trkpt lat="50.452660" lon="8.663823">
        <ele>245.818999</ele>
        <time>2026-06-18T17:58:49.399Z</time>
      </trkpt>
      <trkpt lat="50.451635" lon="8.664459">
        <ele>241.418530</ele>
        <time>2026-06-18T17:59:06.667Z</time>
      </trkpt>
      <trkpt lat="50.451102" lon="8.664877">
        <ele>239.120626</ele>
        <time>2026-06-18T17:59:16.068Z</time>
      </trkpt>
      <trkpt lat="50.450934" lon="8.665206">
        <ele>238.253071</ele>
        <time>2026-06-18T17:59:20.500Z</time>
      </trkpt>
      <trkpt lat="50.450732" lon="8.665722">
        <ele>237.328906</ele>
        <time>2026-06-18T17:59:27.093Z</time>
      </trkpt>
      <trkpt lat="50.450398" lon="8.667007">
        <ele>236.017624</ele>
        <time>2026-06-18T17:59:43.278Z</time>
      </trkpt>
      <trkpt lat="50.450343" lon="8.667164">
        <ele>235.885852</ele>
        <time>2026-06-18T17:59:45.388Z</time>
      </trkpt>
      <trkpt lat="50.450234" lon="8.667356">
        <ele>235.671932</ele>
        <time>2026-06-18T17:59:48.372Z</time>
      </trkpt>
      <trkpt lat="50.450027" lon="8.667634">
        <ele>235.034212</ele>
        <time>2026-06-18T17:59:53.198Z</time>
      </trkpt>
      <trkpt lat="50.448530" lon="8.668974">
        <ele>228.895140</ele>
        <time>2026-06-18T18:00:20.811Z</time>
      </trkpt>
      <trkpt lat="50.448042" lon="8.669673">
        <ele>226.410478</ele>
        <time>2026-06-18T18:00:31.244Z</time>
      </trkpt>
      <trkpt lat="50.447658" lon="8.669996">
        <ele>224.942863</ele>
        <time>2026-06-18T18:00:38.279Z</time>
      </trkpt>
      <trkpt lat="50.446753" lon="8.671498">
        <ele>222.264961</ele>
        <time>2026-06-18T18:01:01.278Z</time>
      </trkpt>
      <trkpt lat="50.446633" lon="8.671739">
        <ele>222.189973</ele>
        <time>2026-06-18T18:01:05.215Z</time>
      </trkpt>
      <trkpt lat="50.445951" lon="8.673651">
        <ele>223.742995</ele>
        <time>2026-06-18T18:01:43.188Z</time>
      </trkpt>
      <trkpt lat="50.445412" lon="8.674705">
        <ele>225.683074</ele>
        <time>2026-06-18T18:02:09.936Z</time>
      </trkpt>
      <trkpt lat="50.445058" lon="8.675759">
        <ele>227.146384</ele>
        <time>2026-06-18T18:02:31.887Z</time>
      </trkpt>
      <trkpt lat="50.444994" lon="8.676363">
        <ele>227.353808</ele>
        <time>2026-06-18T18:02:40.333Z</time>
      </trkpt>
      <trkpt lat="50.444972" lon="8.677143">
        <ele>227.066858</ele>
        <time>2026-06-18T18:02:49.039Z</time>
      </trkpt>
      <trkpt lat="50.445206" lon="8.678467">
        <ele>225.694072</ele>
        <time>2026-06-18T18:03:03.082Z</time>
      </trkpt>
      <trkpt lat="50.445868" lon="8.680612">
        <ele>222.992842</ele>
        <time>2026-06-18T18:03:26.997Z</time>
      </trkpt>
      <trkpt lat="50.446415" lon="8.682647">
        <ele>220.413679</ele>
        <time>2026-06-18T18:03:48.815Z</time>
      </trkpt>
      <trkpt lat="50.447257" lon="8.685207">
        <ele>223.290448</ele>
        <time>2026-06-18T18:04:38.721Z</time>
      </trkpt>
      <trkpt lat="50.448344" lon="8.685929">
        <ele>227.536016</ele>
        <time>2026-06-18T18:05:23.814Z</time>
      </trkpt>
      <trkpt lat="50.449798" lon="8.685213">
        <ele>230.037993</ele>
        <time>2026-06-18T18:06:06.106Z</time>
      </trkpt>
      <trkpt lat="50.449383" lon="8.686343">
        <ele>226.569944</ele>
        <time>2026-06-18T18:06:18.164Z</time>
      </trkpt>
      <trkpt lat="50.449215" lon="8.686800">
        <ele>224.140217</ele>
        <time>2026-06-18T18:06:22.632Z</time>
      </trkpt>
      <trkpt lat="50.448853" lon="8.687780">
        <ele>218.220730</ele>
        <time>2026-06-18T18:06:32.064Z</time>
      </trkpt>
      <trkpt lat="50.448778" lon="8.688052">
        <ele>216.680232</ele>
        <time>2026-06-18T18:06:34.531Z</time>
      </trkpt>
      <trkpt lat="50.448767" lon="8.688109">
        <ele>216.369830</ele>
        <time>2026-06-18T18:06:35.025Z</time>
      </trkpt>
      <trkpt lat="50.448671" lon="8.688644">
        <ele>213.397762</ele>
        <time>2026-06-18T18:06:39.654Z</time>
      </trkpt>
      <trkpt lat="50.447274" lon="8.691828">
        <ele>192.501203</ele>
        <time>2026-06-18T18:07:11.690Z</time>
      </trkpt>
      <trkpt lat="50.445360" lon="8.695074">
        <ele>176.505981</ele>
        <time>2026-06-18T18:07:50.763Z</time>
      </trkpt>
      <trkpt lat="50.445303" lon="8.695131">
        <ele>176.223453</ele>
        <time>2026-06-18T18:07:51.860Z</time>
      </trkpt>
      <trkpt lat="50.445340" lon="8.695217">
        <ele>176.069817</ele>
        <time>2026-06-18T18:07:52.958Z</time>
      </trkpt>
      <trkpt lat="50.445904" lon="8.695548">
        <ele>175.337099</ele>
        <time>2026-06-18T18:08:03.453Z</time>
      </trkpt>
      <trkpt lat="50.446342" lon="8.695866">
        <ele>175.206164</ele>
        <time>2026-06-18T18:08:13.048Z</time>
      </trkpt>
      <trkpt lat="50.447148" lon="8.696754">
        <ele>175.129529</ele>
        <time>2026-06-18T18:08:32.779Z</time>
      </trkpt>
      <trkpt lat="50.447980" lon="8.697726">
        <ele>174.268686</ele>
        <time>2026-06-18T18:08:51.591Z</time>
      </trkpt>
      <trkpt lat="50.448415" lon="8.698517">
        <ele>172.940826</ele>
        <time>2026-06-18T18:09:02.588Z</time>
      </trkpt>
      <trkpt lat="50.448875" lon="8.699107">
        <ele>170.648890</ele>
        <time>2026-06-18T18:09:11.404Z</time>
      </trkpt>
      <trkpt lat="50.448796" lon="8.699262">
        <ele>170.078331</ele>
        <time>2026-06-18T18:09:14.483Z</time>
      </trkpt>
      <trkpt lat="50.448598" lon="8.699703">
        <ele>168.309110</ele>
        <time>2026-06-18T18:09:22.698Z</time>
      </trkpt>
      <trkpt lat="50.448555" lon="8.699812">
        <ele>167.882846</ele>
        <time>2026-06-18T18:09:24.630Z</time>
      </trkpt>
      <trkpt lat="50.447909" lon="8.701255">
        <ele>161.834567</ele>
        <time>2026-06-18T18:09:51.354Z</time>
      </trkpt>
      <trkpt lat="50.447149" lon="8.702970">
        <ele>155.880590</ele>
        <time>2026-06-18T18:10:24.020Z</time>
      </trkpt>
      <trkpt lat="50.446292" lon="8.704858">
        <ele>148.505086</ele>
        <time>2026-06-18T18:10:59.502Z</time>
      </trkpt>
      <trkpt lat="50.446366" lon="8.704940">
        <ele>148.122890</ele>
        <time>2026-06-18T18:11:00.812Z</time>
      </trkpt>
      <trkpt lat="50.446329" lon="8.705018">
        <ele>147.947734</ele>
        <time>2026-06-18T18:11:02.416Z</time>
      </trkpt>
      <trkpt lat="50.446180" lon="8.705371">
        <ele>147.388071</ele>
        <time>2026-06-18T18:11:09.693Z</time>
      </trkpt>
      <trkpt lat="50.446099" lon="8.705499">
        <ele>147.238082</ele>
        <time>2026-06-18T18:11:12.939Z</time>
      </trkpt>
      <trkpt lat="50.446783" lon="8.706588">
        <ele>147.213740</ele>
        <time>2026-06-18T18:11:44.257Z</time>
      </trkpt>
      <trkpt lat="50.447066" lon="8.706916">
        <ele>147.276471</ele>
        <time>2026-06-18T18:11:55.593Z</time>
      </trkpt>
      <trkpt lat="50.447081" lon="8.706935">
        <ele>147.279519</ele>
        <time>2026-06-18T18:11:56.191Z</time>
      </trkpt>
      <trkpt lat="50.447294" lon="8.707208">
        <ele>147.190207</ele>
        <time>2026-06-18T18:12:04.691Z</time>
      </trkpt>
      <trkpt lat="50.447547" lon="8.707533">
        <ele>146.985667</ele>
        <time>2026-06-18T18:12:14.648Z</time>
      </trkpt>
      <trkpt lat="50.447943" lon="8.707895">
        <ele>146.585156</ele>
        <time>2026-06-18T18:12:28.168Z</time>
      </trkpt>
      <trkpt lat="50.447591" lon="8.708993">
        <ele>145.718286</ele>
        <time>2026-06-18T18:12:50.740Z</time>
      </trkpt>
      <trkpt lat="50.447575" lon="8.709165">
        <ele>145.653347</ele>
        <time>2026-06-18T18:12:54.111Z</time>
      </trkpt>
      <trkpt lat="50.447568" lon="8.709256">
        <ele>145.619103</ele>
        <time>2026-06-18T18:12:55.881Z</time>
      </trkpt>
      <trkpt lat="50.447879" lon="8.709455">
        <ele>145.617936</ele>
        <time>2026-06-18T18:13:06.703Z</time>
      </trkpt>
      <trkpt lat="50.448118" lon="8.709729">
        <ele>145.719206</ele>
        <time>2026-06-18T18:13:16.546Z</time>
      </trkpt>
      <trkpt lat="50.448595" lon="8.710826">
        <ele>146.336513</ele>
        <time>2026-06-18T18:13:46.324Z</time>
      </trkpt>
      <trkpt lat="50.448882" lon="8.711482">
        <ele>146.906800</ele>
        <time>2026-06-18T18:14:05.636Z</time>
      </trkpt>
      <trkpt lat="50.449598" lon="8.713584">
        <ele>148.891171</ele>
        <time>2026-06-18T18:15:03.567Z</time>
      </trkpt>
      <trkpt lat="50.449655" lon="8.713832">
        <ele>149.082084</ele>
        <time>2026-06-18T18:15:09.795Z</time>
      </trkpt>
      <trkpt lat="50.449833" lon="8.714947">
        <ele>149.687364</ele>
        <time>2026-06-18T18:15:36.132Z</time>
      </trkpt>
      <trkpt lat="50.450107" lon="8.717432">
        <ele>150.875351</ele>
        <time>2026-06-18T18:16:32.521Z</time>
      </trkpt>
      <trkpt lat="50.450449" lon="8.718079">
        <ele>151.899149</ele>
        <time>2026-06-18T18:16:55.495Z</time>
      </trkpt>
      <trkpt lat="50.450552" lon="8.718431">
        <ele>152.380131</ele>
        <time>2026-06-18T18:17:05.460Z</time>
      </trkpt>
      <trkpt lat="50.450012" lon="8.718595">
        <ele>153.156610</ele>
        <time>2026-06-18T18:17:26.976Z</time>
      </trkpt>
      <trkpt lat="50.450055" lon="8.718831">
        <ele>153.321061</ele>
        <time>2026-06-18T18:17:31.180Z</time>
      </trkpt>
      <trkpt lat="50.450230" lon="8.719148">
        <ele>153.458468</ele>
        <time>2026-06-18T18:17:38.056Z</time>
      </trkpt>
      <trkpt lat="50.450986" lon="8.721457">
        <ele>152.795807</ele>
        <time>2026-06-18T18:18:11.175Z</time>
      </trkpt>
      <trkpt lat="50.451340" lon="8.722730">
        <ele>154.068627</ele>
        <time>2026-06-18T18:18:36.484Z</time>
      </trkpt>
      <trkpt lat="50.451526" lon="8.723752">
        <ele>155.914845</ele>
        <time>2026-06-18T18:19:00.370Z</time>
      </trkpt>
      <trkpt lat="50.451608" lon="8.724501">
        <ele>157.402578</ele>
        <time>2026-06-18T18:19:18.360Z</time>
      </trkpt>
      <trkpt lat="50.451561" lon="8.724992">
        <ele>158.308382</ele>
        <time>2026-06-18T18:19:29.949Z</time>
      </trkpt>
      <trkpt lat="50.451526" lon="8.725927">
        <ele>159.253732</ele>
        <time>2026-06-18T18:19:47.502Z</time>
      </trkpt>
      <trkpt lat="50.451573" lon="8.726605">
        <ele>159.304007</ele>
        <time>2026-06-18T18:19:56.928Z</time>
      </trkpt>
      <trkpt lat="50.452017" lon="8.728359">
        <ele>156.879454</ele>
        <time>2026-06-18T18:20:17.966Z</time>
      </trkpt>
      <trkpt lat="50.452157" lon="8.729061">
        <ele>155.721990</ele>
        <time>2026-06-18T18:20:25.814Z</time>
      </trkpt>
      <trkpt lat="50.452262" lon="8.729985">
        <ele>154.449890</ele>
        <time>2026-06-18T18:20:36.249Z</time>
      </trkpt>
      <trkpt lat="50.452366" lon="8.730604">
        <ele>154.135603</ele>
        <time>2026-06-18T18:20:44.185Z</time>
      </trkpt>
      <trkpt lat="50.452361" lon="8.730829">
        <ele>154.122783</ele>
        <time>2026-06-18T18:20:46.891Z</time>
      </trkpt>
      <trkpt lat="50.452303" lon="8.730936">
        <ele>154.142288</ele>
        <time>2026-06-18T18:20:48.674Z</time>
      </trkpt>
      <trkpt lat="50.451768" lon="8.731191">
        <ele>154.635663</ele>
        <time>2026-06-18T18:21:01.838Z</time>
      </trkpt>
      <trkpt lat="50.451476" lon="8.731329">
        <ele>155.159509</ele>
        <time>2026-06-18T18:21:10.394Z</time>
      </trkpt>
      <trkpt lat="50.451319" lon="8.731477">
        <ele>155.696261</ele>
        <time>2026-06-18T18:21:16.122Z</time>
      </trkpt>
      <trkpt lat="50.449853" lon="8.733203">
        <ele>162.498091</ele>
        <time>2026-06-18T18:22:25.695Z</time>
      </trkpt>
      <trkpt lat="50.449383" lon="8.733762">
        <ele>164.679137</ele>
        <time>2026-06-18T18:22:48.251Z</time>
      </trkpt>
      <trkpt lat="50.448244" lon="8.735064">
        <ele>169.350936</ele>
        <time>2026-06-18T18:23:38.654Z</time>
      </trkpt>
      <trkpt lat="50.446745" lon="8.736627">
        <ele>174.159633</ele>
        <time>2026-06-18T18:24:39.031Z</time>
      </trkpt>
      <trkpt lat="50.444951" lon="8.738062">
        <ele>173.112799</ele>
        <time>2026-06-18T18:25:14.541Z</time>
      </trkpt>
      <trkpt lat="50.443877" lon="8.738798">
        <ele>170.158299</ele>
        <time>2026-06-18T18:25:31.813Z</time>
      </trkpt>
      <trkpt lat="50.442926" lon="8.739448">
        <ele>168.406286</ele>
        <time>2026-06-18T18:25:48.259Z</time>
      </trkpt>
      <trkpt lat="50.442803" lon="8.738853">
        <ele>167.755545</ele>
        <time>2026-06-18T18:25:54.735Z</time>
      </trkpt>
      <trkpt lat="50.442629" lon="8.737509">
        <ele>165.177077</ele>
        <time>2026-06-18T18:26:07.471Z</time>
      </trkpt>
      <trkpt lat="50.442572" lon="8.737311">
        <ele>164.668372</ele>
        <time>2026-06-18T18:26:09.399Z</time>
      </trkpt>
      <trkpt lat="50.442493" lon="8.737161">
        <ele>164.192934</ele>
        <time>2026-06-18T18:26:11.118Z</time>
      </trkpt>
      <trkpt lat="50.442321" lon="8.736968">
        <ele>163.308813</ele>
        <time>2026-06-18T18:26:14.023Z</time>
      </trkpt>
      <trkpt lat="50.442112" lon="8.736825">
        <ele>162.380382</ele>
        <time>2026-06-18T18:26:17.150Z</time>
      </trkpt>
      <trkpt lat="50.441856" lon="8.736907">
        <ele>161.192019</ele>
        <time>2026-06-18T18:26:20.711Z</time>
      </trkpt>
      <trkpt lat="50.441400" lon="8.737238">
        <ele>158.803411</ele>
        <time>2026-06-18T18:26:27.469Z</time>
      </trkpt>
      <trkpt lat="50.441294" lon="8.737238">
        <ele>158.300774</ele>
        <time>2026-06-18T18:26:28.900Z</time>
      </trkpt>
      <trkpt lat="50.441055" lon="8.737100">
        <ele>157.104064</ele>
        <time>2026-06-18T18:26:32.347Z</time>
      </trkpt>
      <trkpt lat="50.440631" lon="8.736616">
        <ele>154.712923</ele>
        <time>2026-06-18T18:26:39.400Z</time>
      </trkpt>
      <trkpt lat="50.439836" lon="8.735345">
        <ele>149.819472</ele>
        <time>2026-06-18T18:26:54.888Z</time>
      </trkpt>
      <trkpt lat="50.439262" lon="8.734339">
        <ele>147.246452</ele>
        <time>2026-06-18T18:27:07.409Z</time>
      </trkpt>
      <trkpt lat="50.439202" lon="8.734231">
        <ele>147.052625</ele>
        <time>2026-06-18T18:27:08.807Z</time>
      </trkpt>
      <trkpt lat="50.438857" lon="8.733590">
        <ele>146.254701</ele>
        <time>2026-06-18T18:27:17.446Z</time>
      </trkpt>
      <trkpt lat="50.438397" lon="8.732464">
        <ele>146.593408</ele>
        <time>2026-06-18T18:27:35.622Z</time>
      </trkpt>
      <trkpt lat="50.438322" lon="8.732319">
        <ele>146.789092</ele>
        <time>2026-06-18T18:27:39.016Z</time>
      </trkpt>
      <trkpt lat="50.438187" lon="8.732187">
        <ele>147.128459</ele>
        <time>2026-06-18T18:27:43.828Z</time>
      </trkpt>
      <trkpt lat="50.437936" lon="8.732181">
        <ele>147.804219</ele>
        <time>2026-06-18T18:27:51.988Z</time>
      </trkpt>
      <trkpt lat="50.436911" lon="8.732475">
        <ele>150.727846</ele>
        <time>2026-06-18T18:28:27.004Z</time>
      </trkpt>
      <trkpt lat="50.436131" lon="8.732681">
        <ele>151.754420</ele>
        <time>2026-06-18T18:28:47.362Z</time>
      </trkpt>
      <trkpt lat="50.435862" lon="8.732740">
        <ele>151.879318</ele>
        <time>2026-06-18T18:28:52.994Z</time>
      </trkpt>
      <trkpt lat="50.435642" lon="8.732788">
        <ele>151.862539</ele>
        <time>2026-06-18T18:28:57.143Z</time>
      </trkpt>
      <trkpt lat="50.435529" lon="8.732812">
        <ele>151.825562</ele>
        <time>2026-06-18T18:28:59.256Z</time>
      </trkpt>
      <trkpt lat="50.435165" lon="8.732845">
        <ele>151.793586</ele>
        <time>2026-06-18T18:29:06.004Z</time>
      </trkpt>
      <trkpt lat="50.434331" lon="8.732850">
        <ele>151.706291</ele>
        <time>2026-06-18T18:29:21.900Z</time>
      </trkpt>
      <trkpt lat="50.433987" lon="8.733033">
        <ele>151.711185</ele>
        <time>2026-06-18T18:29:28.758Z</time>
      </trkpt>
      <trkpt lat="50.432017" lon="8.733195">
        <ele>152.519103</ele>
        <time>2026-06-18T18:30:10.243Z</time>
      </trkpt>
      <trkpt lat="50.431704" lon="8.733650">
        <ele>153.604495</ele>
        <time>2026-06-18T18:30:24.103Z</time>
      </trkpt>
      <trkpt lat="50.431429" lon="8.734061">
        <ele>154.629531</ele>
        <time>2026-06-18T18:30:37.203Z</time>
      </trkpt>
      <trkpt lat="50.430915" lon="8.734740">
        <ele>155.809326</ele>
        <time>2026-06-18T18:30:56.108Z</time>
      </trkpt>
      <trkpt lat="50.430717" lon="8.735189">
        <ele>155.850073</ele>
        <time>2026-06-18T18:31:02.833Z</time>
      </trkpt>
      <trkpt lat="50.430622" lon="8.735206">
        <ele>155.702729</ele>
        <time>2026-06-18T18:31:04.351Z</time>
      </trkpt>
      <trkpt lat="50.430444" lon="8.735166">
        <ele>155.291654</ele>
        <time>2026-06-18T18:31:07.068Z</time>
      </trkpt>
      <trkpt lat="50.430261" lon="8.734938">
        <ele>154.570250</ele>
        <time>2026-06-18T18:31:10.445Z</time>
      </trkpt>
      <trkpt lat="50.430208" lon="8.734915">
        <ele>154.366134</ele>
        <time>2026-06-18T18:31:11.211Z</time>
      </trkpt>
      <trkpt lat="50.430104" lon="8.734960">
        <ele>153.965688</ele>
        <time>2026-06-18T18:31:12.717Z</time>
      </trkpt>
      <trkpt lat="50.429875" lon="8.735250">
        <ele>152.657785</ele>
        <time>2026-06-18T18:31:16.704Z</time>
      </trkpt>
      <trkpt lat="50.429823" lon="8.735007">
        <ele>151.805642</ele>
        <time>2026-06-18T18:31:18.876Z</time>
      </trkpt>
      <trkpt lat="50.429668" lon="8.734828">
        <ele>150.843258</ele>
        <time>2026-06-18T18:31:21.409Z</time>
      </trkpt>
      <trkpt lat="50.429394" lon="8.735217">
        <ele>149.225069</ele>
        <time>2026-06-18T18:31:26.447Z</time>
      </trkpt>
      <trkpt lat="50.429345" lon="8.735222">
        <ele>149.026669</ele>
        <time>2026-06-18T18:31:27.127Z</time>
      </trkpt>
      <trkpt lat="50.429293" lon="8.735228">
        <ele>148.816000</ele>
        <time>2026-06-18T18:31:27.845Z</time>
      </trkpt>
      <trkpt lat="50.429041" lon="8.734781">
        <ele>147.447310</ele>
        <time>2026-06-18T18:31:33.205Z</time>
      </trkpt>
      <trkpt lat="50.428877" lon="8.734492">
        <ele>147.092882</ele>
        <time>2026-06-18T18:31:36.795Z</time>
      </trkpt>
    </trkseg>
  </trk>
</gpx>