<?xml version='1.0' encoding='UTF-8'?>
<gpx version="1.1" creator="https://www.komoot.de" xmlns="http://www.topografix.com/GPX/1/1" xmlns:xsi="http://www.w3.org/2001/XMLSchema-instance" xsi:schemaLocation="http://www.topografix.com/GPX/1/1 http://www.topografix.com/GPX/1/1/gpx.xsd">
  <metadata>
    <name>RTF Rund um die Burg Rockenberg Tour 1 159KM</name>
    <author>
      <link href="https://www.komoot.de">
        <text>komoot</text>
        <type>text/html</type>
      </link>
    </author>
  </metadata>
  <trk>
    <name>RTF Rund um die Burg Rockenberg Tour 1 159KM</name>
    <type>racebike</type>
    <trkseg>
      <trkpt lat="50.428590" lon="8.734858">
        <ele>144.964467</ele>
        <time>2026-07-22T20:16:17.271Z</time>
      </trkpt>
      <trkpt lat="50.427978" lon="8.735575">
        <ele>143.638061</ele>
        <time>2026-07-22T20:16:25.560Z</time>
      </trkpt>
      <trkpt lat="50.427065" lon="8.736356">
        <ele>142.575784</ele>
        <time>2026-07-22T20:16:38.167Z</time>
      </trkpt>
      <trkpt lat="50.427226" lon="8.736830">
        <ele>142.621325</ele>
        <time>2026-07-22T20:16:43.678Z</time>
      </trkpt>
      <trkpt lat="50.427261" lon="8.737479">
        <ele>143.016215</ele>
        <time>2026-07-22T20:16:51.370Z</time>
      </trkpt>
      <trkpt lat="50.427669" lon="8.739036">
        <ele>144.594676</ele>
        <time>2026-07-22T20:17:13.625Z</time>
      </trkpt>
      <trkpt lat="50.428178" lon="8.738664">
        <ele>146.232677</ele>
        <time>2026-07-22T20:17:28.881Z</time>
      </trkpt>
      <trkpt lat="50.428232" lon="8.738800">
        <ele>146.412634</ele>
        <time>2026-07-22T20:17:31.314Z</time>
      </trkpt>
      <trkpt lat="50.428389" lon="8.740384">
        <ele>147.312379</ele>
        <time>2026-07-22T20:17:49.804Z</time>
      </trkpt>
      <trkpt lat="50.428440" lon="8.740651">
        <ele>147.491474</ele>
        <time>2026-07-22T20:17:53.026Z</time>
      </trkpt>
      <trkpt lat="50.428609" lon="8.741351">
        <ele>147.978912</ele>
        <time>2026-07-22T20:18:01.879Z</time>
      </trkpt>
      <trkpt lat="50.428791" lon="8.741809">
        <ele>148.958938</ele>
        <time>2026-07-22T20:18:11.064Z</time>
      </trkpt>
      <trkpt lat="50.428929" lon="8.742045">
        <ele>149.416056</ele>
        <time>2026-07-22T20:18:16.379Z</time>
      </trkpt>
      <trkpt lat="50.429010" lon="8.742280">
        <ele>149.497139</ele>
        <time>2026-07-22T20:18:19.425Z</time>
      </trkpt>
      <trkpt lat="50.429161" lon="8.743152">
        <ele>148.388873</ele>
        <time>2026-07-22T20:18:25.579Z</time>
      </trkpt>
      <trkpt lat="50.429313" lon="8.744008">
        <ele>148.166822</ele>
        <time>2026-07-22T20:18:33.264Z</time>
      </trkpt>
      <trkpt lat="50.429483" lon="8.744908">
        <ele>148.497558</ele>
        <time>2026-07-22T20:18:43.638Z</time>
      </trkpt>
      <trkpt lat="50.429587" lon="8.745421">
        <ele>148.765557</ele>
        <time>2026-07-22T20:18:49.701Z</time>
      </trkpt>
      <trkpt lat="50.429598" lon="8.745479">
        <ele>148.809608</ele>
        <time>2026-07-22T20:18:50.430Z</time>
      </trkpt>
      <trkpt lat="50.429760" lon="8.746249">
        <ele>149.492966</ele>
        <time>2026-07-22T20:19:01.010Z</time>
      </trkpt>
      <trkpt lat="50.430144" lon="8.746844">
        <ele>150.087656</ele>
        <time>2026-07-22T20:19:11.515Z</time>
      </trkpt>
      <trkpt lat="50.430245" lon="8.746999">
        <ele>150.227986</ele>
        <time>2026-07-22T20:19:13.842Z</time>
      </trkpt>
      <trkpt lat="50.430597" lon="8.747521">
        <ele>150.980432</ele>
        <time>2026-07-22T20:19:24.222Z</time>
      </trkpt>
      <trkpt lat="50.431742" lon="8.749260">
        <ele>153.097305</ele>
        <time>2026-07-22T20:19:55.948Z</time>
      </trkpt>
      <trkpt lat="50.431885" lon="8.749290">
        <ele>153.484224</ele>
        <time>2026-07-22T20:19:59.953Z</time>
      </trkpt>
      <trkpt lat="50.433124" lon="8.750659">
        <ele>157.478591</ele>
        <time>2026-07-22T20:20:38.549Z</time>
      </trkpt>
      <trkpt lat="50.435121" lon="8.753872">
        <ele>163.891931</ele>
        <time>2026-07-22T20:21:46.700Z</time>
      </trkpt>
      <trkpt lat="50.436229" lon="8.755669">
        <ele>167.451224</ele>
        <time>2026-07-22T20:22:23.713Z</time>
      </trkpt>
      <trkpt lat="50.437222" lon="8.757290">
        <ele>172.656692</ele>
        <time>2026-07-22T20:23:06.640Z</time>
      </trkpt>
      <trkpt lat="50.437311" lon="8.757393">
        <ele>173.033412</ele>
        <time>2026-07-22T20:23:09.494Z</time>
      </trkpt>
      <trkpt lat="50.437440" lon="8.757511">
        <ele>173.530655</ele>
        <time>2026-07-22T20:23:13.745Z</time>
      </trkpt>
      <trkpt lat="50.438931" lon="8.759588">
        <ele>181.990223</ele>
        <time>2026-07-22T20:24:17.811Z</time>
      </trkpt>
      <trkpt lat="50.439254" lon="8.760008">
        <ele>182.810316</ele>
        <time>2026-07-22T20:24:26.595Z</time>
      </trkpt>
      <trkpt lat="50.441776" lon="8.761613">
        <ele>187.925279</ele>
        <time>2026-07-22T20:25:27.270Z</time>
      </trkpt>
      <trkpt lat="50.444046" lon="8.763885">
        <ele>194.530715</ele>
        <time>2026-07-22T20:26:33.948Z</time>
      </trkpt>
      <trkpt lat="50.446363" lon="8.766217">
        <ele>203.114519</ele>
        <time>2026-07-22T20:27:49.172Z</time>
      </trkpt>
      <trkpt lat="50.447217" lon="8.768458">
        <ele>208.986574</ele>
        <time>2026-07-22T20:28:46.622Z</time>
      </trkpt>
      <trkpt lat="50.447592" lon="8.769431">
        <ele>210.569566</ele>
        <time>2026-07-22T20:29:07.801Z</time>
      </trkpt>
      <trkpt lat="50.448470" lon="8.773194">
        <ele>210.085359</ele>
        <time>2026-07-22T20:29:57.141Z</time>
      </trkpt>
      <trkpt lat="50.448497" lon="8.773403">
        <ele>210.078123</ele>
        <time>2026-07-22T20:29:59.462Z</time>
      </trkpt>
      <trkpt lat="50.448167" lon="8.778168">
        <ele>212.541130</ele>
        <time>2026-07-22T20:30:54.650Z</time>
      </trkpt>
      <trkpt lat="50.448181" lon="8.779263">
        <ele>215.022872</ele>
        <time>2026-07-22T20:31:15.806Z</time>
      </trkpt>
      <trkpt lat="50.448312" lon="8.780701">
        <ele>217.457855</ele>
        <time>2026-07-22T20:31:38.882Z</time>
      </trkpt>
      <trkpt lat="50.448342" lon="8.781218">
        <ele>218.098183</ele>
        <time>2026-07-22T20:31:46.467Z</time>
      </trkpt>
      <trkpt lat="50.448532" lon="8.782606">
        <ele>219.631807</ele>
        <time>2026-07-22T20:32:06.059Z</time>
      </trkpt>
      <trkpt lat="50.448534" lon="8.782750">
        <ele>219.720508</ele>
        <time>2026-07-22T20:32:07.535Z</time>
      </trkpt>
      <trkpt lat="50.448603" lon="8.782898">
        <ele>219.809597</ele>
        <time>2026-07-22T20:32:10.005Z</time>
      </trkpt>
      <trkpt lat="50.448216" lon="8.783387">
        <ele>220.949504</ele>
        <time>2026-07-22T20:32:22.418Z</time>
      </trkpt>
      <trkpt lat="50.448062" lon="8.783644">
        <ele>221.154448</ele>
        <time>2026-07-22T20:32:26.321Z</time>
      </trkpt>
      <trkpt lat="50.446063" lon="8.787439">
        <ele>219.093210</ele>
        <time>2026-07-22T20:33:06.692Z</time>
      </trkpt>
      <trkpt lat="50.445818" lon="8.787807">
        <ele>218.885813</ele>
        <time>2026-07-22T20:33:11.044Z</time>
      </trkpt>
      <trkpt lat="50.444719" lon="8.789257">
        <ele>218.833620</ele>
        <time>2026-07-22T20:33:32.318Z</time>
      </trkpt>
      <trkpt lat="50.443455" lon="8.790984">
        <ele>220.245952</ele>
        <time>2026-07-22T20:34:02.532Z</time>
      </trkpt>
      <trkpt lat="50.442698" lon="8.791978">
        <ele>221.645657</ele>
        <time>2026-07-22T20:34:23.404Z</time>
      </trkpt>
      <trkpt lat="50.442129" lon="8.792528">
        <ele>221.918147</ele>
        <time>2026-07-22T20:34:34.291Z</time>
      </trkpt>
      <trkpt lat="50.441797" lon="8.792733">
        <ele>221.561960</ele>
        <time>2026-07-22T20:34:38.677Z</time>
      </trkpt>
      <trkpt lat="50.441156" lon="8.793007">
        <ele>220.429817</ele>
        <time>2026-07-22T20:34:46.089Z</time>
      </trkpt>
      <trkpt lat="50.440902" lon="8.793117">
        <ele>220.114343</ele>
        <time>2026-07-22T20:34:49.259Z</time>
      </trkpt>
      <trkpt lat="50.440476" lon="8.793383">
        <ele>219.765323</ele>
        <time>2026-07-22T20:34:54.925Z</time>
      </trkpt>
      <trkpt lat="50.440027" lon="8.793776">
        <ele>219.806693</ele>
        <time>2026-07-22T20:35:02.468Z</time>
      </trkpt>
      <trkpt lat="50.439802" lon="8.794043">
        <ele>220.233155</ele>
        <time>2026-07-22T20:35:09.263Z</time>
      </trkpt>
      <trkpt lat="50.439531" lon="8.794427">
        <ele>220.273406</ele>
        <time>2026-07-22T20:35:14.441Z</time>
      </trkpt>
      <trkpt lat="50.439393" lon="8.794670">
        <ele>220.226922</ele>
        <time>2026-07-22T20:35:17.341Z</time>
      </trkpt>
      <trkpt lat="50.439133" lon="8.795226">
        <ele>220.173342</ele>
        <time>2026-07-22T20:35:23.557Z</time>
      </trkpt>
      <trkpt lat="50.438934" lon="8.795806">
        <ele>220.020558</ele>
        <time>2026-07-22T20:35:29.402Z</time>
      </trkpt>
      <trkpt lat="50.438705" lon="8.796750">
        <ele>219.994396</ele>
        <time>2026-07-22T20:35:38.463Z</time>
      </trkpt>
      <trkpt lat="50.438271" lon="8.798862">
        <ele>222.213928</ele>
        <time>2026-07-22T20:36:09.128Z</time>
      </trkpt>
      <trkpt lat="50.437613" lon="8.802048">
        <ele>223.966577</ele>
        <time>2026-07-22T20:36:47.634Z</time>
      </trkpt>
      <trkpt lat="50.437236" lon="8.803450">
        <ele>220.763307</ele>
        <time>2026-07-22T20:36:57.362Z</time>
      </trkpt>
      <trkpt lat="50.435299" lon="8.810559">
        <ele>201.329120</ele>
        <time>2026-07-22T20:37:45.556Z</time>
      </trkpt>
      <trkpt lat="50.435042" lon="8.811212">
        <ele>199.592251</ele>
        <time>2026-07-22T20:37:50.504Z</time>
      </trkpt>
      <trkpt lat="50.435025" lon="8.811256">
        <ele>199.440064</ele>
        <time>2026-07-22T20:37:50.814Z</time>
      </trkpt>
      <trkpt lat="50.434770" lon="8.811798">
        <ele>197.128828</ele>
        <time>2026-07-22T20:37:54.763Z</time>
      </trkpt>
      <trkpt lat="50.433739" lon="8.813392">
        <ele>190.461406</ele>
        <time>2026-07-22T20:38:08.582Z</time>
      </trkpt>
      <trkpt lat="50.433701" lon="8.813454">
        <ele>190.267257</ele>
        <time>2026-07-22T20:38:09.151Z</time>
      </trkpt>
      <trkpt lat="50.433034" lon="8.814558">
        <ele>188.216493</ele>
        <time>2026-07-22T20:38:19.621Z</time>
      </trkpt>
      <trkpt lat="50.432386" lon="8.815649">
        <ele>187.364193</ele>
        <time>2026-07-22T20:38:31.727Z</time>
      </trkpt>
      <trkpt lat="50.432041" lon="8.816216">
        <ele>186.630461</ele>
        <time>2026-07-22T20:38:37.566Z</time>
      </trkpt>
      <trkpt lat="50.431081" lon="8.817781">
        <ele>182.374475</ele>
        <time>2026-07-22T20:38:51.624Z</time>
      </trkpt>
      <trkpt lat="50.428815" lon="8.821523">
        <ele>169.334031</ele>
        <time>2026-07-22T20:39:23.725Z</time>
      </trkpt>
      <trkpt lat="50.428461" lon="8.822138">
        <ele>168.466861</ele>
        <time>2026-07-22T20:39:29.821Z</time>
      </trkpt>
      <trkpt lat="50.428308" lon="8.822507">
        <ele>168.639961</ele>
        <time>2026-07-22T20:39:35.043Z</time>
      </trkpt>
      <trkpt lat="50.428187" lon="8.822964">
        <ele>169.094422</ele>
        <time>2026-07-22T20:39:41.489Z</time>
      </trkpt>
      <trkpt lat="50.428078" lon="8.823576">
        <ele>169.527517</ele>
        <time>2026-07-22T20:39:49.860Z</time>
      </trkpt>
      <trkpt lat="50.427836" lon="8.825055">
        <ele>169.078936</ele>
        <time>2026-07-22T20:40:02.807Z</time>
      </trkpt>
      <trkpt lat="50.427785" lon="8.825558">
        <ele>168.161808</ele>
        <time>2026-07-22T20:40:06.125Z</time>
      </trkpt>
      <trkpt lat="50.427782" lon="8.825995">
        <ele>167.068051</ele>
        <time>2026-07-22T20:40:08.829Z</time>
      </trkpt>
      <trkpt lat="50.427830" lon="8.827071">
        <ele>164.357946</ele>
        <time>2026-07-22T20:40:15.448Z</time>
      </trkpt>
      <trkpt lat="50.427745" lon="8.827923">
        <ele>163.372071</ele>
        <time>2026-07-22T20:40:21.905Z</time>
      </trkpt>
      <trkpt lat="50.427680" lon="8.828358">
        <ele>162.651452</ele>
        <time>2026-07-22T20:40:25.007Z</time>
      </trkpt>
      <trkpt lat="50.427931" lon="8.828429">
        <ele>161.475043</ele>
        <time>2026-07-22T20:40:28.438Z</time>
      </trkpt>
      <trkpt lat="50.428222" lon="8.828516">
        <ele>159.914721</ele>
        <time>2026-07-22T20:40:32.585Z</time>
      </trkpt>
      <trkpt lat="50.428272" lon="8.828540">
        <ele>159.601431</ele>
        <time>2026-07-22T20:40:33.232Z</time>
      </trkpt>
      <trkpt lat="50.428575" lon="8.828675">
        <ele>156.705438</ele>
        <time>2026-07-22T20:40:37.023Z</time>
      </trkpt>
      <trkpt lat="50.429154" lon="8.828647">
        <ele>153.929515</ele>
        <time>2026-07-22T20:40:45.043Z</time>
      </trkpt>
      <trkpt lat="50.429223" lon="8.828701">
        <ele>153.831862</ele>
        <time>2026-07-22T20:40:46.322Z</time>
      </trkpt>
      <trkpt lat="50.429293" lon="8.828738">
        <ele>153.854429</ele>
        <time>2026-07-22T20:40:47.492Z</time>
      </trkpt>
      <trkpt lat="50.430021" lon="8.828652">
        <ele>155.094856</ele>
        <time>2026-07-22T20:41:03.478Z</time>
      </trkpt>
      <trkpt lat="50.430225" lon="8.828602">
        <ele>155.804366</ele>
        <time>2026-07-22T20:41:09.746Z</time>
      </trkpt>
      <trkpt lat="50.430363" lon="8.828490">
        <ele>156.362967</ele>
        <time>2026-07-22T20:41:14.176Z</time>
      </trkpt>
      <trkpt lat="50.430483" lon="8.828332">
        <ele>156.898273</ele>
        <time>2026-07-22T20:41:18.540Z</time>
      </trkpt>
      <trkpt lat="50.430651" lon="8.828027">
        <ele>157.776297</ele>
        <time>2026-07-22T20:41:25.845Z</time>
      </trkpt>
      <trkpt lat="50.431013" lon="8.827204">
        <ele>160.593582</ele>
        <time>2026-07-22T20:41:46.680Z</time>
      </trkpt>
      <trkpt lat="50.431128" lon="8.826978">
        <ele>161.407687</ele>
        <time>2026-07-22T20:41:52.745Z</time>
      </trkpt>
      <trkpt lat="50.431331" lon="8.826665">
        <ele>162.609266</ele>
        <time>2026-07-22T20:42:02.144Z</time>
      </trkpt>
      <trkpt lat="50.431364" lon="8.826626">
        <ele>162.723538</ele>
        <time>2026-07-22T20:42:03.274Z</time>
      </trkpt>
      <trkpt lat="50.431575" lon="8.826372">
        <ele>163.348265</ele>
        <time>2026-07-22T20:42:09.559Z</time>
      </trkpt>
      <trkpt lat="50.431838" lon="8.826147">
        <ele>163.759337</ele>
        <time>2026-07-22T20:42:15.473Z</time>
      </trkpt>
      <trkpt lat="50.432118" lon="8.825974">
        <ele>163.871398</ele>
        <time>2026-07-22T20:42:20.508Z</time>
      </trkpt>
      <trkpt lat="50.432411" lon="8.825861">
        <ele>163.734282</ele>
        <time>2026-07-22T20:42:24.586Z</time>
      </trkpt>
      <trkpt lat="50.432742" lon="8.825810">
        <ele>163.273405</ele>
        <time>2026-07-22T20:42:28.341Z</time>
      </trkpt>
      <trkpt lat="50.433071" lon="8.825836">
        <ele>162.408659</ele>
        <time>2026-07-22T20:42:31.865Z</time>
      </trkpt>
      <trkpt lat="50.433433" lon="8.825954">
        <ele>161.141655</ele>
        <time>2026-07-22T20:42:35.477Z</time>
      </trkpt>
      <trkpt lat="50.433939" lon="8.826302">
        <ele>160.796649</ele>
        <time>2026-07-22T20:42:42.699Z</time>
      </trkpt>
      <trkpt lat="50.434216" lon="8.826590">
        <ele>161.109194</ele>
        <time>2026-07-22T20:42:49.077Z</time>
      </trkpt>
      <trkpt lat="50.435345" lon="8.827951">
        <ele>163.109643</ele>
        <time>2026-07-22T20:43:18.933Z</time>
      </trkpt>
      <trkpt lat="50.435466" lon="8.828125">
        <ele>163.138637</ele>
        <time>2026-07-22T20:43:21.164Z</time>
      </trkpt>
      <trkpt lat="50.435661" lon="8.828494">
        <ele>162.468449</ele>
        <time>2026-07-22T20:43:24.587Z</time>
      </trkpt>
      <trkpt lat="50.436498" lon="8.830396">
        <ele>156.790001</ele>
        <time>2026-07-22T20:43:38.981Z</time>
      </trkpt>
      <trkpt lat="50.437090" lon="8.831734">
        <ele>152.156855</ele>
        <time>2026-07-22T20:43:48.986Z</time>
      </trkpt>
      <trkpt lat="50.437367" lon="8.832358">
        <ele>149.048144</ele>
        <time>2026-07-22T20:43:53.347Z</time>
      </trkpt>
      <trkpt lat="50.437480" lon="8.832540">
        <ele>148.731556</ele>
        <time>2026-07-22T20:43:54.940Z</time>
      </trkpt>
      <trkpt lat="50.437653" lon="8.832743">
        <ele>148.866561</ele>
        <time>2026-07-22T20:44:01.142Z</time>
      </trkpt>
      <trkpt lat="50.437787" lon="8.832841">
        <ele>149.064321</ele>
        <time>2026-07-22T20:44:03.841Z</time>
      </trkpt>
      <trkpt lat="50.438278" lon="8.833043">
        <ele>149.385310</ele>
        <time>2026-07-22T20:44:16.194Z</time>
      </trkpt>
      <trkpt lat="50.438745" lon="8.833219">
        <ele>149.309138</ele>
        <time>2026-07-22T20:44:25.053Z</time>
      </trkpt>
      <trkpt lat="50.438879" lon="8.833283">
        <ele>149.357841</ele>
        <time>2026-07-22T20:44:28.423Z</time>
      </trkpt>
      <trkpt lat="50.439043" lon="8.833305">
        <ele>149.438398</ele>
        <time>2026-07-22T20:44:32.347Z</time>
      </trkpt>
      <trkpt lat="50.439270" lon="8.833307">
        <ele>149.340640</ele>
        <time>2026-07-22T20:44:35.153Z</time>
      </trkpt>
      <trkpt lat="50.439628" lon="8.833217">
        <ele>149.635444</ele>
        <time>2026-07-22T20:44:40.656Z</time>
      </trkpt>
      <trkpt lat="50.440148" lon="8.833160">
        <ele>150.787869</ele>
        <time>2026-07-22T20:44:55.021Z</time>
      </trkpt>
      <trkpt lat="50.440245" lon="8.833546">
        <ele>150.485143</ele>
        <time>2026-07-22T20:44:57.979Z</time>
      </trkpt>
      <trkpt lat="50.440338" lon="8.834318">
        <ele>149.323389</ele>
        <time>2026-07-22T20:45:03.283Z</time>
      </trkpt>
      <trkpt lat="50.440357" lon="8.834521">
        <ele>149.069605</ele>
        <time>2026-07-22T20:45:04.708Z</time>
      </trkpt>
      <trkpt lat="50.440457" lon="8.835353">
        <ele>148.520762</ele>
        <time>2026-07-22T20:45:11.568Z</time>
      </trkpt>
      <trkpt lat="50.440683" lon="8.836911">
        <ele>146.330190</ele>
        <time>2026-07-22T20:45:22.498Z</time>
      </trkpt>
      <trkpt lat="50.440692" lon="8.837094">
        <ele>146.141394</ele>
        <time>2026-07-22T20:45:23.775Z</time>
      </trkpt>
      <trkpt lat="50.441357" lon="8.841017">
        <ele>143.289470</ele>
        <time>2026-07-22T20:45:55.067Z</time>
      </trkpt>
      <trkpt lat="50.441392" lon="8.841250">
        <ele>143.144509</ele>
        <time>2026-07-22T20:45:56.884Z</time>
      </trkpt>
      <trkpt lat="50.441437" lon="8.841551">
        <ele>143.021659</ele>
        <time>2026-07-22T20:45:59.403Z</time>
      </trkpt>
      <trkpt lat="50.441514" lon="8.841863">
        <ele>142.915175</ele>
        <time>2026-07-22T20:46:03.738Z</time>
      </trkpt>
      <trkpt lat="50.441710" lon="8.842173">
        <ele>142.702573</ele>
        <time>2026-07-22T20:46:08.255Z</time>
      </trkpt>
      <trkpt lat="50.442445" lon="8.843083">
        <ele>143.002791</ele>
        <time>2026-07-22T20:46:28.113Z</time>
      </trkpt>
      <trkpt lat="50.443101" lon="8.843973">
        <ele>146.214837</ele>
        <time>2026-07-22T20:47:00.220Z</time>
      </trkpt>
      <trkpt lat="50.444380" lon="8.845563">
        <ele>147.879410</ele>
        <time>2026-07-22T20:47:38.857Z</time>
      </trkpt>
      <trkpt lat="50.444469" lon="8.845678">
        <ele>148.083786</ele>
        <time>2026-07-22T20:47:42.246Z</time>
      </trkpt>
      <trkpt lat="50.444800" lon="8.845989">
        <ele>148.839429</ele>
        <time>2026-07-22T20:47:51.250Z</time>
      </trkpt>
      <trkpt lat="50.445327" lon="8.846703">
        <ele>148.913086</ele>
        <time>2026-07-22T20:48:01.649Z</time>
      </trkpt>
      <trkpt lat="50.445736" lon="8.847302">
        <ele>149.003964</ele>
        <time>2026-07-22T20:48:10.625Z</time>
      </trkpt>
      <trkpt lat="50.445850" lon="8.847594">
        <ele>148.830796</ele>
        <time>2026-07-22T20:48:13.258Z</time>
      </trkpt>
      <trkpt lat="50.445905" lon="8.847777">
        <ele>148.690860</ele>
        <time>2026-07-22T20:48:14.731Z</time>
      </trkpt>
      <trkpt lat="50.446106" lon="8.848109">
        <ele>148.586274</ele>
        <time>2026-07-22T20:48:18.326Z</time>
      </trkpt>
      <trkpt lat="50.446690" lon="8.848917">
        <ele>149.378095</ele>
        <time>2026-07-22T20:48:33.807Z</time>
      </trkpt>
      <trkpt lat="50.447213" lon="8.849641">
        <ele>149.901731</ele>
        <time>2026-07-22T20:48:46.425Z</time>
      </trkpt>
      <trkpt lat="50.448190" lon="8.850967">
        <ele>150.809879</ele>
        <time>2026-07-22T20:49:09.540Z</time>
      </trkpt>
      <trkpt lat="50.450711" lon="8.854390">
        <ele>147.526647</ele>
        <time>2026-07-22T20:49:50.006Z</time>
      </trkpt>
      <trkpt lat="50.451149" lon="8.854750">
        <ele>147.989390</ele>
        <time>2026-07-22T20:49:59.548Z</time>
      </trkpt>
      <trkpt lat="50.451603" lon="8.851669">
        <ele>149.996340</ele>
        <time>2026-07-22T20:50:37.537Z</time>
      </trkpt>
      <trkpt lat="50.451832" lon="8.850177">
        <ele>150.904472</ele>
        <time>2026-07-22T20:50:55.583Z</time>
      </trkpt>
      <trkpt lat="50.452298" lon="8.847145">
        <ele>153.036918</ele>
        <time>2026-07-22T20:51:33.258Z</time>
      </trkpt>
      <trkpt lat="50.452335" lon="8.846447">
        <ele>153.890367</ele>
        <time>2026-07-22T20:51:43.510Z</time>
      </trkpt>
      <trkpt lat="50.453396" lon="8.847614">
        <ele>156.168261</ele>
        <time>2026-07-22T20:52:19.019Z</time>
      </trkpt>
      <trkpt lat="50.455964" lon="8.850611">
        <ele>160.019000</ele>
        <time>2026-07-22T20:53:38.747Z</time>
      </trkpt>
      <trkpt lat="50.457427" lon="8.851497">
        <ele>162.557144</ele>
        <time>2026-07-22T20:54:20.887Z</time>
      </trkpt>
      <trkpt lat="50.459026" lon="8.852413">
        <ele>163.536088</ele>
        <time>2026-07-22T20:55:00.015Z</time>
      </trkpt>
      <trkpt lat="50.459539" lon="8.852740">
        <ele>162.833345</ele>
        <time>2026-07-22T20:55:08.961Z</time>
      </trkpt>
      <trkpt lat="50.460477" lon="8.853343">
        <ele>162.040965</ele>
        <time>2026-07-22T20:55:27.041Z</time>
      </trkpt>
      <trkpt lat="50.461291" lon="8.853751">
        <ele>161.877978</ele>
        <time>2026-07-22T20:55:43.532Z</time>
      </trkpt>
      <trkpt lat="50.463074" lon="8.854778">
        <ele>164.362986</ele>
        <time>2026-07-22T20:56:32.139Z</time>
      </trkpt>
      <trkpt lat="50.464577" lon="8.855644">
        <ele>165.463340</ele>
        <time>2026-07-22T20:57:09.151Z</time>
      </trkpt>
      <trkpt lat="50.465955" lon="8.856443">
        <ele>165.328511</ele>
        <time>2026-07-22T20:57:38.514Z</time>
      </trkpt>
      <trkpt lat="50.466065" lon="8.856505">
        <ele>165.200381</ele>
        <time>2026-07-22T20:57:40.424Z</time>
      </trkpt>
      <trkpt lat="50.468078" lon="8.857475">
        <ele>162.700714</ele>
        <time>2026-07-22T20:58:05.546Z</time>
      </trkpt>
      <trkpt lat="50.469961" lon="8.858344">
        <ele>160.374088</ele>
        <time>2026-07-22T20:58:28.959Z</time>
      </trkpt>
      <trkpt lat="50.470113" lon="8.858432">
        <ele>160.201994</ele>
        <time>2026-07-22T20:58:30.804Z</time>
      </trkpt>
      <trkpt lat="50.471122" lon="8.858903">
        <ele>160.157177</ele>
        <time>2026-07-22T20:58:46.634Z</time>
      </trkpt>
      <trkpt lat="50.472497" lon="8.859516">
        <ele>159.421489</ele>
        <time>2026-07-22T20:59:12.979Z</time>
      </trkpt>
      <trkpt lat="50.472565" lon="8.859527">
        <ele>159.393462</ele>
        <time>2026-07-22T20:59:14.225Z</time>
      </trkpt>
      <trkpt lat="50.473513" lon="8.861014">
        <ele>158.919195</ele>
        <time>2026-07-22T20:59:39.591Z</time>
      </trkpt>
      <trkpt lat="50.474430" lon="8.862452">
        <ele>159.078752</ele>
        <time>2026-07-22T21:00:06.491Z</time>
      </trkpt>
      <trkpt lat="50.474980" lon="8.863348">
        <ele>158.892959</ele>
        <time>2026-07-22T21:00:21.979Z</time>
      </trkpt>
      <trkpt lat="50.475429" lon="8.864314">
        <ele>158.658187</ele>
        <time>2026-07-22T21:00:36.363Z</time>
      </trkpt>
      <trkpt lat="50.475491" lon="8.864496">
        <ele>158.669441</ele>
        <time>2026-07-22T21:00:39.355Z</time>
      </trkpt>
      <trkpt lat="50.475602" lon="8.865010">
        <ele>158.661156</ele>
        <time>2026-07-22T21:00:46.266Z</time>
      </trkpt>
      <trkpt lat="50.475774" lon="8.866211">
        <ele>158.177301</ele>
        <time>2026-07-22T21:01:00.118Z</time>
      </trkpt>
      <trkpt lat="50.475830" lon="8.866951">
        <ele>158.530752</ele>
        <time>2026-07-22T21:01:11.958Z</time>
      </trkpt>
      <trkpt lat="50.475695" lon="8.868884">
        <ele>158.590329</ele>
        <time>2026-07-22T21:01:30.237Z</time>
      </trkpt>
      <trkpt lat="50.475507" lon="8.870305">
        <ele>158.286390</ele>
        <time>2026-07-22T21:01:43.150Z</time>
      </trkpt>
      <trkpt lat="50.476006" lon="8.872873">
        <ele>152.776204</ele>
        <time>2026-07-22T21:02:00.348Z</time>
      </trkpt>
      <trkpt lat="50.476869" lon="8.874830">
        <ele>149.783840</ele>
        <time>2026-07-22T21:02:16.999Z</time>
      </trkpt>
      <trkpt lat="50.477808" lon="8.876523">
        <ele>148.879191</ele>
        <time>2026-07-22T21:02:35.802Z</time>
      </trkpt>
      <trkpt lat="50.477878" lon="8.876686">
        <ele>148.753994</ele>
        <time>2026-07-22T21:02:37.409Z</time>
      </trkpt>
      <trkpt lat="50.477946" lon="8.876830">
        <ele>148.553764</ele>
        <time>2026-07-22T21:02:38.661Z</time>
      </trkpt>
      <trkpt lat="50.478038" lon="8.876961">
        <ele>148.347566</ele>
        <time>2026-07-22T21:02:39.967Z</time>
      </trkpt>
      <trkpt lat="50.478145" lon="8.877172">
        <ele>148.088144</ele>
        <time>2026-07-22T21:02:41.920Z</time>
      </trkpt>
      <trkpt lat="50.478165" lon="8.877443">
        <ele>148.269017</ele>
        <time>2026-07-22T21:02:45.244Z</time>
      </trkpt>
      <trkpt lat="50.478212" lon="8.877648">
        <ele>148.564447</ele>
        <time>2026-07-22T21:02:48.760Z</time>
      </trkpt>
      <trkpt lat="50.478322" lon="8.877835">
        <ele>148.981648</ele>
        <time>2026-07-22T21:02:53.573Z</time>
      </trkpt>
      <trkpt lat="50.478172" lon="8.879255">
        <ele>149.573717</ele>
        <time>2026-07-22T21:03:57.236Z</time>
      </trkpt>
      <trkpt lat="50.478150" lon="8.879468">
        <ele>149.575493</ele>
        <time>2026-07-22T21:04:06.771Z</time>
      </trkpt>
      <trkpt lat="50.477951" lon="8.881012">
        <ele>149.192750</ele>
        <time>2026-07-22T21:05:16.472Z</time>
      </trkpt>
      <trkpt lat="50.477997" lon="8.881030">
        <ele>149.179374</ele>
        <time>2026-07-22T21:05:16.993Z</time>
      </trkpt>
      <trkpt lat="50.477593" lon="8.884229">
        <ele>148.661474</ele>
        <time>2026-07-22T21:05:45.717Z</time>
      </trkpt>
      <trkpt lat="50.477512" lon="8.884881">
        <ele>148.956849</ele>
        <time>2026-07-22T21:05:53.613Z</time>
      </trkpt>
      <trkpt lat="50.477402" lon="8.885776">
        <ele>149.108098</ele>
        <time>2026-07-22T21:06:02.809Z</time>
      </trkpt>
      <trkpt lat="50.477387" lon="8.885896">
        <ele>149.149430</ele>
        <time>2026-07-22T21:06:04.030Z</time>
      </trkpt>
      <trkpt lat="50.477270" lon="8.886808">
        <ele>149.362814</ele>
        <time>2026-07-22T21:06:14.207Z</time>
      </trkpt>
      <trkpt lat="50.477881" lon="8.886873">
        <ele>147.792035</ele>
        <time>2026-07-22T21:06:20.604Z</time>
      </trkpt>
      <trkpt lat="50.478486" lon="8.886939">
        <ele>146.029956</ele>
        <time>2026-07-22T21:06:26.810Z</time>
      </trkpt>
      <trkpt lat="50.479632" lon="8.887102">
        <ele>143.248214</ele>
        <time>2026-07-22T21:06:39.011Z</time>
      </trkpt>
      <trkpt lat="50.479828" lon="8.887140">
        <ele>142.986267</ele>
        <time>2026-07-22T21:06:41.372Z</time>
      </trkpt>
      <trkpt lat="50.479973" lon="8.887246">
        <ele>142.901530</ele>
        <time>2026-07-22T21:06:43.538Z</time>
      </trkpt>
      <trkpt lat="50.480060" lon="8.887366">
        <ele>142.904489</ele>
        <time>2026-07-22T21:06:45.318Z</time>
      </trkpt>
      <trkpt lat="50.479901" lon="8.889007">
        <ele>142.950844</ele>
        <time>2026-07-22T21:07:01.192Z</time>
      </trkpt>
      <trkpt lat="50.479778" lon="8.890326">
        <ele>142.597274</ele>
        <time>2026-07-22T21:07:12.544Z</time>
      </trkpt>
      <trkpt lat="50.479773" lon="8.890371">
        <ele>142.580678</ele>
        <time>2026-07-22T21:07:12.923Z</time>
      </trkpt>
      <trkpt lat="50.479762" lon="8.890598">
        <ele>142.497994</ele>
        <time>2026-07-22T21:07:14.821Z</time>
      </trkpt>
      <trkpt lat="50.479811" lon="8.890789">
        <ele>142.441186</ele>
        <time>2026-07-22T21:07:16.623Z</time>
      </trkpt>
      <trkpt lat="50.479777" lon="8.891513">
        <ele>142.456259</ele>
        <time>2026-07-22T21:07:23.312Z</time>
      </trkpt>
      <trkpt lat="50.479737" lon="8.891653">
        <ele>142.547112</ele>
        <time>2026-07-22T21:07:24.981Z</time>
      </trkpt>
      <trkpt lat="50.479664" lon="8.892077">
        <ele>143.673235</ele>
        <time>2026-07-22T21:07:33.632Z</time>
      </trkpt>
      <trkpt lat="50.479676" lon="8.892245">
        <ele>144.238620</ele>
        <time>2026-07-22T21:07:37.656Z</time>
      </trkpt>
      <trkpt lat="50.480096" lon="8.893525">
        <ele>149.708521</ele>
        <time>2026-07-22T21:08:13.553Z</time>
      </trkpt>
      <trkpt lat="50.480128" lon="8.893638">
        <ele>150.111702</ele>
        <time>2026-07-22T21:08:16.748Z</time>
      </trkpt>
      <trkpt lat="50.480158" lon="8.893738">
        <ele>150.433968</ele>
        <time>2026-07-22T21:08:19.360Z</time>
      </trkpt>
      <trkpt lat="50.480282" lon="8.894224">
        <ele>151.510664</ele>
        <time>2026-07-22T21:08:28.296Z</time>
      </trkpt>
      <trkpt lat="50.480353" lon="8.894548">
        <ele>151.529418</ele>
        <time>2026-07-22T21:08:31.438Z</time>
      </trkpt>
      <trkpt lat="50.480662" lon="8.895716">
        <ele>149.686487</ele>
        <time>2026-07-22T21:08:40.004Z</time>
      </trkpt>
      <trkpt lat="50.480946" lon="8.897094">
        <ele>147.308630</ele>
        <time>2026-07-22T21:08:49.725Z</time>
      </trkpt>
      <trkpt lat="50.481224" lon="8.898443">
        <ele>145.143836</ele>
        <time>2026-07-22T21:08:59.281Z</time>
      </trkpt>
      <trkpt lat="50.481286" lon="8.898536">
        <ele>144.953266</ele>
        <time>2026-07-22T21:09:00.245Z</time>
      </trkpt>
      <trkpt lat="50.481216" lon="8.898814">
        <ele>144.455512</ele>
        <time>2026-07-22T21:09:02.286Z</time>
      </trkpt>
      <trkpt lat="50.481092" lon="8.899413">
        <ele>143.074143</ele>
        <time>2026-07-22T21:09:06.241Z</time>
      </trkpt>
      <trkpt lat="50.481019" lon="8.899880">
        <ele>142.302069</ele>
        <time>2026-07-22T21:09:09.543Z</time>
      </trkpt>
      <trkpt lat="50.480934" lon="8.900931">
        <ele>140.725055</ele>
        <time>2026-07-22T21:09:16.773Z</time>
      </trkpt>
      <trkpt lat="50.480901" lon="8.901056">
        <ele>140.377234</ele>
        <time>2026-07-22T21:09:17.968Z</time>
      </trkpt>
      <trkpt lat="50.480622" lon="8.901144">
        <ele>139.343591</ele>
        <time>2026-07-22T21:09:20.721Z</time>
      </trkpt>
      <trkpt lat="50.480489" lon="8.901200">
        <ele>139.109150</ele>
        <time>2026-07-22T21:09:22.357Z</time>
      </trkpt>
      <trkpt lat="50.478277" lon="8.902337">
        <ele>138.821623</ele>
        <time>2026-07-22T21:09:56.117Z</time>
      </trkpt>
      <trkpt lat="50.477691" lon="8.902608">
        <ele>138.982353</ele>
        <time>2026-07-22T21:10:05.742Z</time>
      </trkpt>
      <trkpt lat="50.477439" lon="8.902720">
        <ele>138.999997</ele>
        <time>2026-07-22T21:10:09.645Z</time>
      </trkpt>
      <trkpt lat="50.477193" lon="8.902748">
        <ele>138.966694</ele>
        <time>2026-07-22T21:10:13.329Z</time>
      </trkpt>
      <trkpt lat="50.477029" lon="8.902757">
        <ele>138.843227</ele>
        <time>2026-07-22T21:10:15.571Z</time>
      </trkpt>
      <trkpt lat="50.476956" lon="8.902791">
        <ele>138.747238</ele>
        <time>2026-07-22T21:10:16.470Z</time>
      </trkpt>
      <trkpt lat="50.476811" lon="8.903108">
        <ele>138.299702</ele>
        <time>2026-07-22T21:10:19.163Z</time>
      </trkpt>
      <trkpt lat="50.476714" lon="8.903382">
        <ele>137.990064</ele>
        <time>2026-07-22T21:10:21.373Z</time>
      </trkpt>
      <trkpt lat="50.476493" lon="8.904022">
        <ele>137.844837</ele>
        <time>2026-07-22T21:10:27.876Z</time>
      </trkpt>
      <trkpt lat="50.476818" lon="8.904396">
        <ele>138.058481</ele>
        <time>2026-07-22T21:10:34.865Z</time>
      </trkpt>
      <trkpt lat="50.476878" lon="8.904460">
        <ele>138.088285</ele>
        <time>2026-07-22T21:10:36.005Z</time>
      </trkpt>
      <trkpt lat="50.477004" lon="8.904595">
        <ele>138.034439</ele>
        <time>2026-07-22T21:10:38.138Z</time>
      </trkpt>
      <trkpt lat="50.477330" lon="8.904750">
        <ele>137.724111</ele>
        <time>2026-07-22T21:10:42.263Z</time>
      </trkpt>
      <trkpt lat="50.477548" lon="8.904805">
        <ele>137.593357</ele>
        <time>2026-07-22T21:10:45.138Z</time>
      </trkpt>
      <trkpt lat="50.477697" lon="8.904831">
        <ele>137.502108</ele>
        <time>2026-07-22T21:10:47.055Z</time>
      </trkpt>
      <trkpt lat="50.478208" lon="8.904932">
        <ele>137.201844</ele>
        <time>2026-07-22T21:10:53.875Z</time>
      </trkpt>
      <trkpt lat="50.478777" lon="8.905095">
        <ele>136.937297</ele>
        <time>2026-07-22T21:11:01.563Z</time>
      </trkpt>
      <trkpt lat="50.481185" lon="8.906360">
        <ele>137.444641</ele>
        <time>2026-07-22T21:11:40.786Z</time>
      </trkpt>
      <trkpt lat="50.483363" lon="8.907518">
        <ele>146.235279</ele>
        <time>2026-07-22T21:12:51.046Z</time>
      </trkpt>
      <trkpt lat="50.486289" lon="8.908786">
        <ele>153.302424</ele>
        <time>2026-07-22T21:14:03.882Z</time>
      </trkpt>
      <trkpt lat="50.487873" lon="8.909763">
        <ele>157.268291</ele>
        <time>2026-07-22T21:14:45.307Z</time>
      </trkpt>
      <trkpt lat="50.488975" lon="8.910098">
        <ele>159.195443</ele>
        <time>2026-07-22T21:15:09.480Z</time>
      </trkpt>
      <trkpt lat="50.489275" lon="8.910254">
        <ele>159.679383</ele>
        <time>2026-07-22T21:15:16.057Z</time>
      </trkpt>
      <trkpt lat="50.490868" lon="8.911332">
        <ele>161.803140</ele>
        <time>2026-07-22T21:15:50.323Z</time>
      </trkpt>
      <trkpt lat="50.491067" lon="8.911516">
        <ele>162.046764</ele>
        <time>2026-07-22T21:15:54.673Z</time>
      </trkpt>
      <trkpt lat="50.491373" lon="8.911917">
        <ele>162.211432</ele>
        <time>2026-07-22T21:16:01.009Z</time>
      </trkpt>
      <trkpt lat="50.491405" lon="8.911966">
        <ele>162.249929</ele>
        <time>2026-07-22T21:16:01.719Z</time>
      </trkpt>
      <trkpt lat="50.491865" lon="8.912809">
        <ele>162.879718</ele>
        <time>2026-07-22T21:16:14.981Z</time>
      </trkpt>
      <trkpt lat="50.492596" lon="8.914278">
        <ele>163.462900</ele>
        <time>2026-07-22T21:16:36.395Z</time>
      </trkpt>
      <trkpt lat="50.493368" lon="8.915822">
        <ele>156.593862</ele>
        <time>2026-07-22T21:16:47.870Z</time>
      </trkpt>
      <trkpt lat="50.493934" lon="8.916956">
        <ele>153.968214</ele>
        <time>2026-07-22T21:16:57.514Z</time>
      </trkpt>
      <trkpt lat="50.495570" lon="8.920267">
        <ele>146.036908</ele>
        <time>2026-07-22T21:17:24.776Z</time>
      </trkpt>
      <trkpt lat="50.495726" lon="8.920528">
        <ele>145.995639</ele>
        <time>2026-07-22T21:17:28.248Z</time>
      </trkpt>
      <trkpt lat="50.496091" lon="8.920987">
        <ele>146.926777</ele>
        <time>2026-07-22T21:17:38.906Z</time>
      </trkpt>
      <trkpt lat="50.496750" lon="8.921520">
        <ele>148.630057</ele>
        <time>2026-07-22T21:17:57.571Z</time>
      </trkpt>
      <trkpt lat="50.497779" lon="8.922326">
        <ele>148.173267</ele>
        <time>2026-07-22T21:18:12.881Z</time>
      </trkpt>
      <trkpt lat="50.498100" lon="8.922647">
        <ele>147.759512</ele>
        <time>2026-07-22T21:18:17.457Z</time>
      </trkpt>
      <trkpt lat="50.498409" lon="8.923020">
        <ele>147.151550</ele>
        <time>2026-07-22T21:18:21.798Z</time>
      </trkpt>
      <trkpt lat="50.498562" lon="8.923236">
        <ele>147.015664</ele>
        <time>2026-07-22T21:18:24.558Z</time>
      </trkpt>
      <trkpt lat="50.499459" lon="8.924698">
        <ele>147.071925</ele>
        <time>2026-07-22T21:18:43.606Z</time>
      </trkpt>
      <trkpt lat="50.500385" lon="8.926174">
        <ele>149.073972</ele>
        <time>2026-07-22T21:19:11.801Z</time>
      </trkpt>
      <trkpt lat="50.500762" lon="8.926794">
        <ele>149.725526</ele>
        <time>2026-07-22T21:19:22.081Z</time>
      </trkpt>
      <trkpt lat="50.501349" lon="8.927722">
        <ele>151.250130</ele>
        <time>2026-07-22T21:19:40.337Z</time>
      </trkpt>
      <trkpt lat="50.501760" lon="8.928378">
        <ele>152.978293</ele>
        <time>2026-07-22T21:19:55.845Z</time>
      </trkpt>
      <trkpt lat="50.502216" lon="8.929104">
        <ele>155.354519</ele>
        <time>2026-07-22T21:20:15.841Z</time>
      </trkpt>
      <trkpt lat="50.502355" lon="8.929333">
        <ele>155.715893</ele>
        <time>2026-07-22T21:20:19.707Z</time>
      </trkpt>
      <trkpt lat="50.502910" lon="8.930129">
        <ele>156.768869</ele>
        <time>2026-07-22T21:20:34.757Z</time>
      </trkpt>
      <trkpt lat="50.503344" lon="8.930654">
        <ele>158.165961</ele>
        <time>2026-07-22T21:20:48.821Z</time>
      </trkpt>
      <trkpt lat="50.503734" lon="8.931039">
        <ele>160.287434</ele>
        <time>2026-07-22T21:21:04.025Z</time>
      </trkpt>
      <trkpt lat="50.504310" lon="8.931498">
        <ele>164.902735</ele>
        <time>2026-07-22T21:21:33.036Z</time>
      </trkpt>
      <trkpt lat="50.504368" lon="8.931541">
        <ele>165.187734</ele>
        <time>2026-07-22T21:21:34.784Z</time>
      </trkpt>
      <trkpt lat="50.504504" lon="8.931637">
        <ele>165.557250</ele>
        <time>2026-07-22T21:21:37.748Z</time>
      </trkpt>
      <trkpt lat="50.504723" lon="8.931795">
        <ele>166.353160</ele>
        <time>2026-07-22T21:21:44.550Z</time>
      </trkpt>
      <trkpt lat="50.504819" lon="8.931866">
        <ele>166.756124</ele>
        <time>2026-07-22T21:21:48.094Z</time>
      </trkpt>
      <trkpt lat="50.504867" lon="8.931902">
        <ele>166.963716</ele>
        <time>2026-07-22T21:21:49.858Z</time>
      </trkpt>
      <trkpt lat="50.505100" lon="8.932070">
        <ele>167.836053</ele>
        <time>2026-07-22T21:21:57.347Z</time>
      </trkpt>
      <trkpt lat="50.505266" lon="8.932188">
        <ele>168.189254</ele>
        <time>2026-07-22T21:22:01.425Z</time>
      </trkpt>
      <trkpt lat="50.505592" lon="8.932416">
        <ele>168.262240</ele>
        <time>2026-07-22T21:22:07.309Z</time>
      </trkpt>
      <trkpt lat="50.506008" lon="8.932716">
        <ele>166.691155</ele>
        <time>2026-07-22T21:22:11.903Z</time>
      </trkpt>
      <trkpt lat="50.506131" lon="8.932806">
        <ele>165.704428</ele>
        <time>2026-07-22T21:22:13.098Z</time>
      </trkpt>
      <trkpt lat="50.506376" lon="8.932975">
        <ele>163.557514</ele>
        <time>2026-07-22T21:22:15.437Z</time>
      </trkpt>
      <trkpt lat="50.506880" lon="8.933329">
        <ele>161.155571</ele>
        <time>2026-07-22T21:22:20.818Z</time>
      </trkpt>
      <trkpt lat="50.507582" lon="8.933833">
        <ele>157.749910</ele>
        <time>2026-07-22T21:22:28.206Z</time>
      </trkpt>
      <trkpt lat="50.508347" lon="8.934401">
        <ele>154.983735</ele>
        <time>2026-07-22T21:22:36.773Z</time>
      </trkpt>
      <trkpt lat="50.508664" lon="8.934773">
        <ele>154.125493</ele>
        <time>2026-07-22T21:22:41.124Z</time>
      </trkpt>
      <trkpt lat="50.508793" lon="8.934985">
        <ele>153.633195</ele>
        <time>2026-07-22T21:22:43.048Z</time>
      </trkpt>
      <trkpt lat="50.509006" lon="8.935453">
        <ele>152.664551</ele>
        <time>2026-07-22T21:22:46.921Z</time>
      </trkpt>
      <trkpt lat="50.509227" lon="8.936132">
        <ele>151.081239</ele>
        <time>2026-07-22T21:22:51.807Z</time>
      </trkpt>
      <trkpt lat="50.509358" lon="8.936427">
        <ele>150.231871</ele>
        <time>2026-07-22T21:22:54.042Z</time>
      </trkpt>
      <trkpt lat="50.509453" lon="8.936594">
        <ele>149.981810</ele>
        <time>2026-07-22T21:22:55.514Z</time>
      </trkpt>
      <trkpt lat="50.509667" lon="8.936838">
        <ele>149.984300</ele>
        <time>2026-07-22T21:22:59.943Z</time>
      </trkpt>
      <trkpt lat="50.509986" lon="8.937059">
        <ele>150.563481</ele>
        <time>2026-07-22T21:23:08.457Z</time>
      </trkpt>
      <trkpt lat="50.511354" lon="8.937832">
        <ele>151.516157</ele>
        <time>2026-07-22T21:23:33.057Z</time>
      </trkpt>
      <trkpt lat="50.512355" lon="8.938432">
        <ele>152.448747</ele>
        <time>2026-07-22T21:23:53.101Z</time>
      </trkpt>
      <trkpt lat="50.512594" lon="8.938703">
        <ele>152.491687</ele>
        <time>2026-07-22T21:23:57.417Z</time>
      </trkpt>
      <trkpt lat="50.512927" lon="8.939159">
        <ele>152.372804</ele>
        <time>2026-07-22T21:24:03.373Z</time>
      </trkpt>
      <trkpt lat="50.513068" lon="8.939419">
        <ele>152.236675</ele>
        <time>2026-07-22T21:24:06.261Z</time>
      </trkpt>
      <trkpt lat="50.513169" lon="8.939663">
        <ele>152.160966</ele>
        <time>2026-07-22T21:24:08.738Z</time>
      </trkpt>
      <trkpt lat="50.513391" lon="8.940349">
        <ele>151.834087</ele>
        <time>2026-07-22T21:24:14.968Z</time>
      </trkpt>
      <trkpt lat="50.513523" lon="8.940613">
        <ele>151.790477</ele>
        <time>2026-07-22T21:24:17.970Z</time>
      </trkpt>
      <trkpt lat="50.513817" lon="8.941007">
        <ele>151.729981</ele>
        <time>2026-07-22T21:24:23.335Z</time>
      </trkpt>
      <trkpt lat="50.514145" lon="8.941256">
        <ele>151.810850</ele>
        <time>2026-07-22T21:24:29.131Z</time>
      </trkpt>
      <trkpt lat="50.514322" lon="8.941323">
        <ele>151.903947</ele>
        <time>2026-07-22T21:24:32.399Z</time>
      </trkpt>
      <trkpt lat="50.514944" lon="8.941401">
        <ele>152.231164</ele>
        <time>2026-07-22T21:24:43.058Z</time>
      </trkpt>
      <trkpt lat="50.515073" lon="8.941444">
        <ele>152.213194</ele>
        <time>2026-07-22T21:24:44.937Z</time>
      </trkpt>
      <trkpt lat="50.515295" lon="8.941633">
        <ele>152.056711</ele>
        <time>2026-07-22T21:24:48.170Z</time>
      </trkpt>
      <trkpt lat="50.515509" lon="8.942045">
        <ele>151.705012</ele>
        <time>2026-07-22T21:24:52.303Z</time>
      </trkpt>
      <trkpt lat="50.515591" lon="8.942319">
        <ele>151.510891</ele>
        <time>2026-07-22T21:24:54.661Z</time>
      </trkpt>
      <trkpt lat="50.515675" lon="8.942883">
        <ele>151.246347</ele>
        <time>2026-07-22T21:24:59.271Z</time>
      </trkpt>
      <trkpt lat="50.515676" lon="8.943146">
        <ele>151.212577</ele>
        <time>2026-07-22T21:25:01.579Z</time>
      </trkpt>
      <trkpt lat="50.515609" lon="8.944261">
        <ele>151.414416</ele>
        <time>2026-07-22T21:25:12.889Z</time>
      </trkpt>
      <trkpt lat="50.515655" lon="8.944818">
        <ele>151.605776</ele>
        <time>2026-07-22T21:25:19.090Z</time>
      </trkpt>
      <trkpt lat="50.515743" lon="8.945230">
        <ele>151.806298</ele>
        <time>2026-07-22T21:25:24.108Z</time>
      </trkpt>
      <trkpt lat="50.516169" lon="8.946519">
        <ele>152.580872</ele>
        <time>2026-07-22T21:25:40.879Z</time>
      </trkpt>
      <trkpt lat="50.516236" lon="8.946813">
        <ele>152.681861</ele>
        <time>2026-07-22T21:25:44.148Z</time>
      </trkpt>
      <trkpt lat="50.516265" lon="8.947071">
        <ele>152.707554</ele>
        <time>2026-07-22T21:25:46.813Z</time>
      </trkpt>
      <trkpt lat="50.516248" lon="8.947651">
        <ele>152.784319</ele>
        <time>2026-07-22T21:25:52.558Z</time>
      </trkpt>
      <trkpt lat="50.516197" lon="8.947945">
        <ele>152.772445</ele>
        <time>2026-07-22T21:25:55.370Z</time>
      </trkpt>
      <trkpt lat="50.516116" lon="8.948198">
        <ele>152.723695</ele>
        <time>2026-07-22T21:25:57.862Z</time>
      </trkpt>
      <trkpt lat="50.516027" lon="8.948386">
        <ele>152.704519</ele>
        <time>2026-07-22T21:25:59.962Z</time>
      </trkpt>
      <trkpt lat="50.515863" lon="8.948634">
        <ele>152.699997</ele>
        <time>2026-07-22T21:26:03.373Z</time>
      </trkpt>
      <trkpt lat="50.515732" lon="8.948890">
        <ele>152.700104</ele>
        <time>2026-07-22T21:26:06.588Z</time>
      </trkpt>
      <trkpt lat="50.515660" lon="8.949091">
        <ele>152.717227</ele>
        <time>2026-07-22T21:26:08.830Z</time>
      </trkpt>
      <trkpt lat="50.515572" lon="8.949579">
        <ele>152.805059</ele>
        <time>2026-07-22T21:26:13.808Z</time>
      </trkpt>
      <trkpt lat="50.515558" lon="8.951362">
        <ele>153.303275</ele>
        <time>2026-07-22T21:26:32.597Z</time>
      </trkpt>
      <trkpt lat="50.515582" lon="8.951654">
        <ele>153.363351</ele>
        <time>2026-07-22T21:26:35.754Z</time>
      </trkpt>
      <trkpt lat="50.515704" lon="8.952264">
        <ele>153.415884</ele>
        <time>2026-07-22T21:26:41.672Z</time>
      </trkpt>
      <trkpt lat="50.516054" lon="8.953520">
        <ele>154.951749</ele>
        <time>2026-07-22T21:27:00.646Z</time>
      </trkpt>
      <trkpt lat="50.516115" lon="8.953846">
        <ele>155.444640</ele>
        <time>2026-07-22T21:27:06.488Z</time>
      </trkpt>
      <trkpt lat="50.516165" lon="8.954376">
        <ele>155.993476</ele>
        <time>2026-07-22T21:27:13.818Z</time>
      </trkpt>
      <trkpt lat="50.516285" lon="8.956272">
        <ele>154.755919</ele>
        <time>2026-07-22T21:27:28.200Z</time>
      </trkpt>
      <trkpt lat="50.516429" lon="8.956910">
        <ele>155.509103</ele>
        <time>2026-07-22T21:27:37.667Z</time>
      </trkpt>
      <trkpt lat="50.516465" lon="8.957040">
        <ele>155.836455</ele>
        <time>2026-07-22T21:27:40.540Z</time>
      </trkpt>
      <trkpt lat="50.516482" lon="8.957107">
        <ele>156.002995</ele>
        <time>2026-07-22T21:27:42.104Z</time>
      </trkpt>
      <trkpt lat="50.516613" lon="8.957727">
        <ele>157.531966</ele>
        <time>2026-07-22T21:27:54.876Z</time>
      </trkpt>
      <trkpt lat="50.516699" lon="8.958707">
        <ele>159.155692</ele>
        <time>2026-07-22T21:28:10.697Z</time>
      </trkpt>
      <trkpt lat="50.516804" lon="8.959026">
        <ele>159.819866</ele>
        <time>2026-07-22T21:28:15.628Z</time>
      </trkpt>
      <trkpt lat="50.516870" lon="8.958883">
        <ele>160.244894</ele>
        <time>2026-07-22T21:28:19.502Z</time>
      </trkpt>
      <trkpt lat="50.516944" lon="8.958732">
        <ele>160.882613</ele>
        <time>2026-07-22T21:28:24.713Z</time>
      </trkpt>
      <trkpt lat="50.516988" lon="8.958557">
        <ele>161.474370</ele>
        <time>2026-07-22T21:28:28.708Z</time>
      </trkpt>
      <trkpt lat="50.517125" lon="8.957576">
        <ele>162.495375</ele>
        <time>2026-07-22T21:28:41.237Z</time>
      </trkpt>
      <trkpt lat="50.517163" lon="8.957448">
        <ele>162.928799</ele>
        <time>2026-07-22T21:28:44.026Z</time>
      </trkpt>
      <trkpt lat="50.517250" lon="8.957396">
        <ele>163.483795</ele>
        <time>2026-07-22T21:28:48.155Z</time>
      </trkpt>
      <trkpt lat="50.517340" lon="8.957472">
        <ele>164.058229</ele>
        <time>2026-07-22T21:28:53.021Z</time>
      </trkpt>
      <trkpt lat="50.517534" lon="8.958331">
        <ele>166.855872</ele>
        <time>2026-07-22T21:29:12.207Z</time>
      </trkpt>
      <trkpt lat="50.517644" lon="8.958569">
        <ele>167.588055</ele>
        <time>2026-07-22T21:29:17.782Z</time>
      </trkpt>
      <trkpt lat="50.517758" lon="8.958624">
        <ele>168.056526</ele>
        <time>2026-07-22T21:29:21.183Z</time>
      </trkpt>
      <trkpt lat="50.517890" lon="8.958608">
        <ele>168.708584</ele>
        <time>2026-07-22T21:29:25.691Z</time>
      </trkpt>
      <trkpt lat="50.518316" lon="8.958440">
        <ele>171.249732</ele>
        <time>2026-07-22T21:29:43.311Z</time>
      </trkpt>
      <trkpt lat="50.518440" lon="8.958372">
        <ele>171.748619</ele>
        <time>2026-07-22T21:29:47.432Z</time>
      </trkpt>
      <trkpt lat="50.519383" lon="8.957883">
        <ele>173.156986</ele>
        <time>2026-07-22T21:30:06.685Z</time>
      </trkpt>
      <trkpt lat="50.519850" lon="8.957696">
        <ele>174.173295</ele>
        <time>2026-07-22T21:30:18.347Z</time>
      </trkpt>
      <trkpt lat="50.521622" lon="8.957500">
        <ele>177.066995</ele>
        <time>2026-07-22T21:30:56.704Z</time>
      </trkpt>
      <trkpt lat="50.521839" lon="8.957523">
        <ele>177.011684</ele>
        <time>2026-07-22T21:30:59.379Z</time>
      </trkpt>
      <trkpt lat="50.522762" lon="8.957900">
        <ele>176.466573</ele>
        <time>2026-07-22T21:31:11.791Z</time>
      </trkpt>
      <trkpt lat="50.523665" lon="8.958231">
        <ele>177.454307</ele>
        <time>2026-07-22T21:31:29.712Z</time>
      </trkpt>
      <trkpt lat="50.524575" lon="8.958547">
        <ele>177.213381</ele>
        <time>2026-07-22T21:31:42.543Z</time>
      </trkpt>
      <trkpt lat="50.524988" lon="8.958631">
        <ele>177.316852</ele>
        <time>2026-07-22T21:31:48.691Z</time>
      </trkpt>
      <trkpt lat="50.525290" lon="8.958574">
        <ele>178.334395</ele>
        <time>2026-07-22T21:31:58.275Z</time>
      </trkpt>
      <trkpt lat="50.525562" lon="8.958399">
        <ele>179.184275</ele>
        <time>2026-07-22T21:32:05.796Z</time>
      </trkpt>
      <trkpt lat="50.525802" lon="8.958144">
        <ele>179.899969</ele>
        <time>2026-07-22T21:32:12.892Z</time>
      </trkpt>
      <trkpt lat="50.526143" lon="8.957670">
        <ele>180.978432</ele>
        <time>2026-07-22T21:32:23.854Z</time>
      </trkpt>
      <trkpt lat="50.526152" lon="8.957657">
        <ele>181.004417</ele>
        <time>2026-07-22T21:32:24.131Z</time>
      </trkpt>
      <trkpt lat="50.526584" lon="8.957065">
        <ele>182.136345</ele>
        <time>2026-07-22T21:32:37.249Z</time>
      </trkpt>
      <trkpt lat="50.528919" lon="8.953844">
        <ele>185.242924</ele>
        <time>2026-07-22T21:33:35.007Z</time>
      </trkpt>
      <trkpt lat="50.529308" lon="8.953384">
        <ele>186.629365</ele>
        <time>2026-07-22T21:33:47.919Z</time>
      </trkpt>
      <trkpt lat="50.530052" lon="8.952637">
        <ele>191.585933</ele>
        <time>2026-07-22T21:34:19.496Z</time>
      </trkpt>
      <trkpt lat="50.530107" lon="8.952586">
        <ele>192.196654</ele>
        <time>2026-07-22T21:34:23.076Z</time>
      </trkpt>
      <trkpt lat="50.530508" lon="8.952325">
        <ele>198.602331</ele>
        <time>2026-07-22T21:34:58.920Z</time>
      </trkpt>
      <trkpt lat="50.531568" lon="8.951908">
        <ele>208.275426</ele>
        <time>2026-07-22T21:35:52.947Z</time>
      </trkpt>
      <trkpt lat="50.531849" lon="8.951852">
        <ele>210.126762</ele>
        <time>2026-07-22T21:36:04.020Z</time>
      </trkpt>
      <trkpt lat="50.532261" lon="8.951840">
        <ele>212.062267</ele>
        <time>2026-07-22T21:36:18.001Z</time>
      </trkpt>
      <trkpt lat="50.533032" lon="8.951886">
        <ele>215.103050</ele>
        <time>2026-07-22T21:36:41.234Z</time>
      </trkpt>
      <trkpt lat="50.533937" lon="8.951989">
        <ele>218.604193</ele>
        <time>2026-07-22T21:37:09.197Z</time>
      </trkpt>
      <trkpt lat="50.535073" lon="8.952172">
        <ele>220.667522</ele>
        <time>2026-07-22T21:37:34.210Z</time>
      </trkpt>
      <trkpt lat="50.537997" lon="8.954086">
        <ele>224.228374</ele>
        <time>2026-07-22T21:38:35.827Z</time>
      </trkpt>
      <trkpt lat="50.539214" lon="8.954761">
        <ele>222.397194</ele>
        <time>2026-07-22T21:38:50.825Z</time>
      </trkpt>
      <trkpt lat="50.539562" lon="8.954939">
        <ele>219.935148</ele>
        <time>2026-07-22T21:38:54.061Z</time>
      </trkpt>
      <trkpt lat="50.540661" lon="8.955186">
        <ele>215.784846</ele>
        <time>2026-07-22T21:39:05.177Z</time>
      </trkpt>
      <trkpt lat="50.540914" lon="8.955174">
        <ele>214.427099</ele>
        <time>2026-07-22T21:39:07.538Z</time>
      </trkpt>
      <trkpt lat="50.541210" lon="8.955101">
        <ele>212.340719</ele>
        <time>2026-07-22T21:39:10.224Z</time>
      </trkpt>
      <trkpt lat="50.541230" lon="8.955098">
        <ele>212.186639</ele>
        <time>2026-07-22T21:39:10.401Z</time>
      </trkpt>
      <trkpt lat="50.541364" lon="8.955099">
        <ele>211.158947</ele>
        <time>2026-07-22T21:39:11.559Z</time>
      </trkpt>
      <trkpt lat="50.541737" lon="8.955165">
        <ele>209.112876</ele>
        <time>2026-07-22T21:39:15.071Z</time>
      </trkpt>
      <trkpt lat="50.542226" lon="8.955317">
        <ele>207.007053</ele>
        <time>2026-07-22T21:39:19.985Z</time>
      </trkpt>
      <trkpt lat="50.543037" lon="8.955590">
        <ele>202.458024</ele>
        <time>2026-07-22T21:39:27.689Z</time>
      </trkpt>
      <trkpt lat="50.543737" lon="8.955913">
        <ele>198.259448</ele>
        <time>2026-07-22T21:39:34.357Z</time>
      </trkpt>
      <trkpt lat="50.543932" lon="8.955986">
        <ele>197.664429</ele>
        <time>2026-07-22T21:39:36.640Z</time>
      </trkpt>
      <trkpt lat="50.544076" lon="8.956030">
        <ele>197.373592</ele>
        <time>2026-07-22T21:39:38.214Z</time>
      </trkpt>
      <trkpt lat="50.544287" lon="8.955986">
        <ele>196.830929</ele>
        <time>2026-07-22T21:39:40.413Z</time>
      </trkpt>
      <trkpt lat="50.544615" lon="8.955704">
        <ele>196.138901</ele>
        <time>2026-07-22T21:39:44.647Z</time>
      </trkpt>
      <trkpt lat="50.544717" lon="8.955627">
        <ele>195.932292</ele>
        <time>2026-07-22T21:39:46.003Z</time>
      </trkpt>
      <trkpt lat="50.545202" lon="8.955553">
        <ele>194.813349</ele>
        <time>2026-07-22T21:39:51.170Z</time>
      </trkpt>
      <trkpt lat="50.545988" lon="8.955526">
        <ele>192.995200</ele>
        <time>2026-07-22T21:39:59.636Z</time>
      </trkpt>
      <trkpt lat="50.546319" lon="8.955530">
        <ele>192.215362</ele>
        <time>2026-07-22T21:40:03.104Z</time>
      </trkpt>
      <trkpt lat="50.546644" lon="8.955611">
        <ele>191.538494</ele>
        <time>2026-07-22T21:40:06.738Z</time>
      </trkpt>
      <trkpt lat="50.546710" lon="8.955642">
        <ele>191.434148</ele>
        <time>2026-07-22T21:40:07.518Z</time>
      </trkpt>
      <trkpt lat="50.546726" lon="8.955649">
        <ele>191.418515</ele>
        <time>2026-07-22T21:40:07.709Z</time>
      </trkpt>
      <trkpt lat="50.546896" lon="8.955763">
        <ele>191.251264</ele>
        <time>2026-07-22T21:40:10.024Z</time>
      </trkpt>
      <trkpt lat="50.547324" lon="8.956098">
        <ele>191.477892</ele>
        <time>2026-07-22T21:40:18.122Z</time>
      </trkpt>
      <trkpt lat="50.547459" lon="8.956209">
        <ele>191.512391</ele>
        <time>2026-07-22T21:40:20.354Z</time>
      </trkpt>
      <trkpt lat="50.547672" lon="8.956384">
        <ele>191.609721</ele>
        <time>2026-07-22T21:40:24.148Z</time>
      </trkpt>
      <trkpt lat="50.547755" lon="8.956581">
        <ele>191.719544</ele>
        <time>2026-07-22T21:40:26.823Z</time>
      </trkpt>
      <trkpt lat="50.547839" lon="8.956521">
        <ele>191.792030</ele>
        <time>2026-07-22T21:40:28.562Z</time>
      </trkpt>
      <trkpt lat="50.547892" lon="8.956499">
        <ele>191.898582</ele>
        <time>2026-07-22T21:40:29.700Z</time>
      </trkpt>
      <trkpt lat="50.548264" lon="8.956397">
        <ele>192.729279</ele>
        <time>2026-07-22T21:40:39.100Z</time>
      </trkpt>
      <trkpt lat="50.548319" lon="8.956369">
        <ele>192.757327</ele>
        <time>2026-07-22T21:40:40.250Z</time>
      </trkpt>
      <trkpt lat="50.548454" lon="8.956263">
        <ele>192.645587</ele>
        <time>2026-07-22T21:40:42.159Z</time>
      </trkpt>
      <trkpt lat="50.548508" lon="8.956206">
        <ele>192.554430</ele>
        <time>2026-07-22T21:40:42.855Z</time>
      </trkpt>
      <trkpt lat="50.548625" lon="8.955851">
        <ele>192.029558</ele>
        <time>2026-07-22T21:40:45.530Z</time>
      </trkpt>
      <trkpt lat="50.548721" lon="8.955493">
        <ele>191.854961</ele>
        <time>2026-07-22T21:40:49.072Z</time>
      </trkpt>
      <trkpt lat="50.548744" lon="8.955413">
        <ele>191.822285</ele>
        <time>2026-07-22T21:40:49.823Z</time>
      </trkpt>
      <trkpt lat="50.548913" lon="8.954801">
        <ele>191.379407</ele>
        <time>2026-07-22T21:40:54.807Z</time>
      </trkpt>
      <trkpt lat="50.548945" lon="8.954683">
        <ele>191.324454</ele>
        <time>2026-07-22T21:40:55.838Z</time>
      </trkpt>
      <trkpt lat="50.549004" lon="8.954478">
        <ele>191.316867</ele>
        <time>2026-07-22T21:40:57.990Z</time>
      </trkpt>
      <trkpt lat="50.549209" lon="8.953790">
        <ele>191.533795</ele>
        <time>2026-07-22T21:41:05.729Z</time>
      </trkpt>
      <trkpt lat="50.549517" lon="8.952725">
        <ele>193.368969</ele>
        <time>2026-07-22T21:41:24.703Z</time>
      </trkpt>
      <trkpt lat="50.549613" lon="8.952309">
        <ele>193.801286</ele>
        <time>2026-07-22T21:41:30.677Z</time>
      </trkpt>
      <trkpt lat="50.549882" lon="8.951379">
        <ele>193.720735</ele>
        <time>2026-07-22T21:41:39.779Z</time>
      </trkpt>
      <trkpt lat="50.549924" lon="8.951251">
        <ele>193.777467</ele>
        <time>2026-07-22T21:41:41.313Z</time>
      </trkpt>
      <trkpt lat="50.550045" lon="8.950796">
        <ele>194.118044</ele>
        <time>2026-07-22T21:41:47.364Z</time>
      </trkpt>
      <trkpt lat="50.550064" lon="8.950710">
        <ele>194.202730</ele>
        <time>2026-07-22T21:41:48.596Z</time>
      </trkpt>
      <trkpt lat="50.550084" lon="8.950627">
        <ele>194.290848</ele>
        <time>2026-07-22T21:41:49.860Z</time>
      </trkpt>
      <trkpt lat="50.550156" lon="8.950369">
        <ele>194.496070</ele>
        <time>2026-07-22T21:41:53.691Z</time>
      </trkpt>
      <trkpt lat="50.550851" lon="8.947938">
        <ele>193.841544</ele>
        <time>2026-07-22T21:42:16.460Z</time>
      </trkpt>
      <trkpt lat="50.550991" lon="8.947278">
        <ele>193.338434</ele>
        <time>2026-07-22T21:42:21.488Z</time>
      </trkpt>
      <trkpt lat="50.551241" lon="8.944719">
        <ele>195.018203</ele>
        <time>2026-07-22T21:42:53.239Z</time>
      </trkpt>
      <trkpt lat="50.551377" lon="8.943926">
        <ele>195.881505</ele>
        <time>2026-07-22T21:43:04.390Z</time>
      </trkpt>
      <trkpt lat="50.551577" lon="8.942986">
        <ele>196.721251</ele>
        <time>2026-07-22T21:43:17.493Z</time>
      </trkpt>
      <trkpt lat="50.551678" lon="8.942300">
        <ele>196.508994</ele>
        <time>2026-07-22T21:43:23.166Z</time>
      </trkpt>
      <trkpt lat="50.551702" lon="8.942003">
        <ele>196.434059</ele>
        <time>2026-07-22T21:43:25.874Z</time>
      </trkpt>
      <trkpt lat="50.551727" lon="8.941702">
        <ele>196.561736</ele>
        <time>2026-07-22T21:43:28.951Z</time>
      </trkpt>
      <trkpt lat="50.551796" lon="8.939901">
        <ele>198.563623</ele>
        <time>2026-07-22T21:43:54.503Z</time>
      </trkpt>
      <trkpt lat="50.551813" lon="8.938940">
        <ele>199.174951</ele>
        <time>2026-07-22T21:44:05.350Z</time>
      </trkpt>
      <trkpt lat="50.551830" lon="8.938371">
        <ele>199.847618</ele>
        <time>2026-07-22T21:44:14.025Z</time>
      </trkpt>
      <trkpt lat="50.551850" lon="8.937643">
        <ele>200.593117</ele>
        <time>2026-07-22T21:44:22.961Z</time>
      </trkpt>
      <trkpt lat="50.551875" lon="8.936799">
        <ele>202.625872</ele>
        <time>2026-07-22T21:44:39.940Z</time>
      </trkpt>
      <trkpt lat="50.551888" lon="8.936301">
        <ele>203.557227</ele>
        <time>2026-07-22T21:44:48.530Z</time>
      </trkpt>
      <trkpt lat="50.551894" lon="8.935821">
        <ele>203.983413</ele>
        <time>2026-07-22T21:44:54.962Z</time>
      </trkpt>
      <trkpt lat="50.551916" lon="8.935127">
        <ele>203.850719</ele>
        <time>2026-07-22T21:45:00.836Z</time>
      </trkpt>
      <trkpt lat="50.551942" lon="8.934429">
        <ele>203.080472</ele>
        <time>2026-07-22T21:45:06.002Z</time>
      </trkpt>
      <trkpt lat="50.551961" lon="8.933789">
        <ele>201.193386</ele>
        <time>2026-07-22T21:45:09.794Z</time>
      </trkpt>
      <trkpt lat="50.551974" lon="8.932259">
        <ele>197.617080</ele>
        <time>2026-07-22T21:45:19.463Z</time>
      </trkpt>
      <trkpt lat="50.551913" lon="8.931069">
        <ele>195.148614</ele>
        <time>2026-07-22T21:45:27.136Z</time>
      </trkpt>
      <trkpt lat="50.551703" lon="8.928465">
        <ele>191.915487</ele>
        <time>2026-07-22T21:45:45.435Z</time>
      </trkpt>
      <trkpt lat="50.551596" lon="8.927162">
        <ele>191.564259</ele>
        <time>2026-07-22T21:45:57.007Z</time>
      </trkpt>
      <trkpt lat="50.551361" lon="8.924257">
        <ele>188.961964</ele>
        <time>2026-07-22T21:46:18.774Z</time>
      </trkpt>
      <trkpt lat="50.551310" lon="8.923530">
        <ele>188.028849</ele>
        <time>2026-07-22T21:46:23.799Z</time>
      </trkpt>
      <trkpt lat="50.551165" lon="8.921773">
        <ele>185.992936</ele>
        <time>2026-07-22T21:46:36.356Z</time>
      </trkpt>
      <trkpt lat="50.551108" lon="8.921036">
        <ele>185.150954</ele>
        <time>2026-07-22T21:46:41.603Z</time>
      </trkpt>
      <trkpt lat="50.551029" lon="8.920061">
        <ele>184.360900</ele>
        <time>2026-07-22T21:46:49.011Z</time>
      </trkpt>
      <trkpt lat="50.550914" lon="8.918721">
        <ele>184.066836</ele>
        <time>2026-07-22T21:47:00.863Z</time>
      </trkpt>
      <trkpt lat="50.550826" lon="8.917651">
        <ele>183.358979</ele>
        <time>2026-07-22T21:47:09.092Z</time>
      </trkpt>
      <trkpt lat="50.550822" lon="8.917606">
        <ele>183.364982</ele>
        <time>2026-07-22T21:47:09.470Z</time>
      </trkpt>
      <trkpt lat="50.550741" lon="8.916772">
        <ele>183.510024</ele>
        <time>2026-07-22T21:47:18.185Z</time>
      </trkpt>
      <trkpt lat="50.550725" lon="8.916641">
        <ele>183.550972</ele>
        <time>2026-07-22T21:47:19.782Z</time>
      </trkpt>
      <trkpt lat="50.550713" lon="8.916557">
        <ele>183.647681</ele>
        <time>2026-07-22T21:47:20.817Z</time>
      </trkpt>
      <trkpt lat="50.550684" lon="8.916360">
        <ele>183.874826</ele>
        <time>2026-07-22T21:47:23.377Z</time>
      </trkpt>
      <trkpt lat="50.550513" lon="8.915564">
        <ele>185.383425</ele>
        <time>2026-07-22T21:47:38.077Z</time>
      </trkpt>
      <trkpt lat="50.550463" lon="8.915402">
        <ele>185.533533</ele>
        <time>2026-07-22T21:47:40.014Z</time>
      </trkpt>
      <trkpt lat="50.550213" lon="8.914773">
        <ele>186.433725</ele>
        <time>2026-07-22T21:47:50.084Z</time>
      </trkpt>
      <trkpt lat="50.549998" lon="8.914411">
        <ele>187.629266</ele>
        <time>2026-07-22T21:48:00.696Z</time>
      </trkpt>
      <trkpt lat="50.549763" lon="8.914065">
        <ele>188.267597</ele>
        <time>2026-07-22T21:48:06.913Z</time>
      </trkpt>
      <trkpt lat="50.549507" lon="8.913766">
        <ele>189.364466</ele>
        <time>2026-07-22T21:48:16.565Z</time>
      </trkpt>
      <trkpt lat="50.549184" lon="8.913491">
        <ele>190.442038</ele>
        <time>2026-07-22T21:48:26.743Z</time>
      </trkpt>
      <trkpt lat="50.547464" lon="8.912503">
        <ele>193.724548</ele>
        <time>2026-07-22T21:49:07.361Z</time>
      </trkpt>
      <trkpt lat="50.547094" lon="8.912177">
        <ele>192.914260</ele>
        <time>2026-07-22T21:49:11.897Z</time>
      </trkpt>
      <trkpt lat="50.546779" lon="8.911824">
        <ele>192.103744</ele>
        <time>2026-07-22T21:49:16.063Z</time>
      </trkpt>
      <trkpt lat="50.546426" lon="8.911278">
        <ele>191.218808</ele>
        <time>2026-07-22T21:49:21.505Z</time>
      </trkpt>
      <trkpt lat="50.546154" lon="8.910681">
        <ele>191.203949</ele>
        <time>2026-07-22T21:49:29.005Z</time>
      </trkpt>
      <trkpt lat="50.545480" lon="8.908823">
        <ele>191.612249</ele>
        <time>2026-07-22T21:49:50.513Z</time>
      </trkpt>
      <trkpt lat="50.545391" lon="8.908578">
        <ele>191.958212</ele>
        <time>2026-07-22T21:49:53.933Z</time>
      </trkpt>
      <trkpt lat="50.547257" lon="8.907193">
        <ele>202.367459</ele>
        <time>2026-07-22T21:51:07.216Z</time>
      </trkpt>
      <trkpt lat="50.547523" lon="8.907186">
        <ele>203.560535</ele>
        <time>2026-07-22T21:51:15.990Z</time>
      </trkpt>
      <trkpt lat="50.548487" lon="8.907423">
        <ele>206.826140</ele>
        <time>2026-07-22T21:51:43.599Z</time>
      </trkpt>
      <trkpt lat="50.548696" lon="8.907448">
        <ele>207.251559</ele>
        <time>2026-07-22T21:51:48.326Z</time>
      </trkpt>
      <trkpt lat="50.548931" lon="8.907401">
        <ele>207.419140</ele>
        <time>2026-07-22T21:51:52.779Z</time>
      </trkpt>
      <trkpt lat="50.549544" lon="8.907118">
        <ele>207.044605</ele>
        <time>2026-07-22T21:52:00.995Z</time>
      </trkpt>
      <trkpt lat="50.549565" lon="8.907109">
        <ele>206.993199</ele>
        <time>2026-07-22T21:52:01.231Z</time>
      </trkpt>
      <trkpt lat="50.550031" lon="8.906961">
        <ele>205.792794</ele>
        <time>2026-07-22T21:52:06.168Z</time>
      </trkpt>
      <trkpt lat="50.550759" lon="8.906950">
        <ele>204.724404</ele>
        <time>2026-07-22T21:52:14.488Z</time>
      </trkpt>
      <trkpt lat="50.551602" lon="8.906947">
        <ele>205.079677</ele>
        <time>2026-07-22T21:52:29.473Z</time>
      </trkpt>
      <trkpt lat="50.554142" lon="8.906706">
        <ele>202.412872</ele>
        <time>2026-07-22T21:53:00.236Z</time>
      </trkpt>
      <trkpt lat="50.554367" lon="8.906682">
        <ele>201.922592</ele>
        <time>2026-07-22T21:53:02.591Z</time>
      </trkpt>
      <trkpt lat="50.554679" lon="8.906629">
        <ele>201.288185</ele>
        <time>2026-07-22T21:53:06.004Z</time>
      </trkpt>
      <trkpt lat="50.555017" lon="8.906519">
        <ele>201.323060</ele>
        <time>2026-07-22T21:53:12.438Z</time>
      </trkpt>
      <trkpt lat="50.555443" lon="8.906372">
        <ele>200.520298</ele>
        <time>2026-07-22T21:53:17.098Z</time>
      </trkpt>
      <trkpt lat="50.555748" lon="8.906279">
        <ele>199.944938</ele>
        <time>2026-07-22T21:53:20.561Z</time>
      </trkpt>
      <trkpt lat="50.556494" lon="8.906095">
        <ele>199.263510</ele>
        <time>2026-07-22T21:53:30.073Z</time>
      </trkpt>
      <trkpt lat="50.557091" lon="8.905995">
        <ele>198.329389</ele>
        <time>2026-07-22T21:53:36.904Z</time>
      </trkpt>
      <trkpt lat="50.557503" lon="8.905965">
        <ele>196.975027</ele>
        <time>2026-07-22T21:53:41.076Z</time>
      </trkpt>
      <trkpt lat="50.557911" lon="8.906026">
        <ele>195.046291</ele>
        <time>2026-07-22T21:53:45.098Z</time>
      </trkpt>
      <trkpt lat="50.558212" lon="8.906078">
        <ele>192.423846</ele>
        <time>2026-07-22T21:53:47.700Z</time>
      </trkpt>
      <trkpt lat="50.558230" lon="8.906081">
        <ele>192.249837</ele>
        <time>2026-07-22T21:53:47.853Z</time>
      </trkpt>
      <trkpt lat="50.558393" lon="8.906102">
        <ele>191.341242</ele>
        <time>2026-07-22T21:53:49.371Z</time>
      </trkpt>
      <trkpt lat="50.558495" lon="8.906113">
        <ele>190.910060</ele>
        <time>2026-07-22T21:53:50.381Z</time>
      </trkpt>
      <trkpt lat="50.559006" lon="8.906132">
        <ele>190.195274</ele>
        <time>2026-07-22T21:53:56.310Z</time>
      </trkpt>
      <trkpt lat="50.559128" lon="8.906138">
        <ele>190.147466</ele>
        <time>2026-07-22T21:53:58.251Z</time>
      </trkpt>
      <trkpt lat="50.559265" lon="8.906171">
        <ele>190.325737</ele>
        <time>2026-07-22T21:54:00.845Z</time>
      </trkpt>
      <trkpt lat="50.559659" lon="8.906772">
        <ele>191.234432</ele>
        <time>2026-07-22T21:54:12.843Z</time>
      </trkpt>
      <trkpt lat="50.559799" lon="8.906819">
        <ele>191.592651</ele>
        <time>2026-07-22T21:54:16.560Z</time>
      </trkpt>
      <trkpt lat="50.559890" lon="8.906766">
        <ele>191.797553</ele>
        <time>2026-07-22T21:54:18.981Z</time>
      </trkpt>
      <trkpt lat="50.559915" lon="8.906713">
        <ele>191.830205</ele>
        <time>2026-07-22T21:54:19.853Z</time>
      </trkpt>
      <trkpt lat="50.559942" lon="8.906496">
        <ele>191.939579</ele>
        <time>2026-07-22T21:54:21.970Z</time>
      </trkpt>
      <trkpt lat="50.559900" lon="8.905904">
        <ele>191.698895</ele>
        <time>2026-07-22T21:54:26.890Z</time>
      </trkpt>
      <trkpt lat="50.559896" lon="8.905847">
        <ele>191.669712</ele>
        <time>2026-07-22T21:54:27.333Z</time>
      </trkpt>
      <trkpt lat="50.559879" lon="8.905587">
        <ele>191.507861</ele>
        <time>2026-07-22T21:54:29.307Z</time>
      </trkpt>
      <trkpt lat="50.559827" lon="8.905280">
        <ele>191.349173</ele>
        <time>2026-07-22T21:54:31.758Z</time>
      </trkpt>
      <trkpt lat="50.559800" lon="8.905146">
        <ele>191.310871</ele>
        <time>2026-07-22T21:54:32.947Z</time>
      </trkpt>
      <trkpt lat="50.559629" lon="8.904408">
        <ele>191.890802</ele>
        <time>2026-07-22T21:54:43.041Z</time>
      </trkpt>
      <trkpt lat="50.559447" lon="8.903584">
        <ele>192.542664</ele>
        <time>2026-07-22T21:54:53.797Z</time>
      </trkpt>
      <trkpt lat="50.559422" lon="8.903445">
        <ele>192.678807</ele>
        <time>2026-07-22T21:54:55.790Z</time>
      </trkpt>
      <trkpt lat="50.559372" lon="8.903077">
        <ele>193.032571</ele>
        <time>2026-07-22T21:55:00.387Z</time>
      </trkpt>
      <trkpt lat="50.559334" lon="8.902736">
        <ele>193.519953</ele>
        <time>2026-07-22T21:55:05.793Z</time>
      </trkpt>
      <trkpt lat="50.559317" lon="8.902118">
        <ele>194.454759</ele>
        <time>2026-07-22T21:55:15.914Z</time>
      </trkpt>
      <trkpt lat="50.559374" lon="8.901584">
        <ele>194.645742</ele>
        <time>2026-07-22T21:55:21.264Z</time>
      </trkpt>
      <trkpt lat="50.559519" lon="8.901022">
        <ele>194.963371</ele>
        <time>2026-07-22T21:55:28.282Z</time>
      </trkpt>
      <trkpt lat="50.559607" lon="8.900859">
        <ele>194.966102</ele>
        <time>2026-07-22T21:55:30.662Z</time>
      </trkpt>
      <trkpt lat="50.559693" lon="8.900764">
        <ele>194.953576</ele>
        <time>2026-07-22T21:55:32.022Z</time>
      </trkpt>
      <trkpt lat="50.559744" lon="8.900731">
        <ele>194.903424</ele>
        <time>2026-07-22T21:55:32.676Z</time>
      </trkpt>
      <trkpt lat="50.560037" lon="8.900530">
        <ele>194.450256</ele>
        <time>2026-07-22T21:55:36.589Z</time>
      </trkpt>
      <trkpt lat="50.560448" lon="8.900243">
        <ele>192.786135</ele>
        <time>2026-07-22T21:55:41.017Z</time>
      </trkpt>
      <trkpt lat="50.560801" lon="8.899993">
        <ele>190.939691</ele>
        <time>2026-07-22T21:55:44.574Z</time>
      </trkpt>
      <trkpt lat="50.560848" lon="8.899957">
        <ele>190.835784</ele>
        <time>2026-07-22T21:55:45.192Z</time>
      </trkpt>
      <trkpt lat="50.561047" lon="8.899782">
        <ele>190.916861</ele>
        <time>2026-07-22T21:55:50.235Z</time>
      </trkpt>
      <trkpt lat="50.561271" lon="8.899480">
        <ele>191.469053</ele>
        <time>2026-07-22T21:55:57.055Z</time>
      </trkpt>
      <trkpt lat="50.561447" lon="8.899161">
        <ele>191.853927</ele>
        <time>2026-07-22T21:56:02.067Z</time>
      </trkpt>
      <trkpt lat="50.561717" lon="8.898543">
        <ele>192.940692</ele>
        <time>2026-07-22T21:56:14.039Z</time>
      </trkpt>
      <trkpt lat="50.561802" lon="8.898347">
        <ele>193.181983</ele>
        <time>2026-07-22T21:56:17.209Z</time>
      </trkpt>
      <trkpt lat="50.561921" lon="8.898091">
        <ele>193.355894</ele>
        <time>2026-07-22T21:56:20.665Z</time>
      </trkpt>
      <trkpt lat="50.562070" lon="8.897846">
        <ele>193.282584</ele>
        <time>2026-07-22T21:56:24.081Z</time>
      </trkpt>
      <trkpt lat="50.562163" lon="8.897717">
        <ele>193.024280</ele>
        <time>2026-07-22T21:56:25.404Z</time>
      </trkpt>
      <trkpt lat="50.562576" lon="8.897369">
        <ele>191.532768</ele>
        <time>2026-07-22T21:56:30.035Z</time>
      </trkpt>
      <trkpt lat="50.562975" lon="8.897191">
        <ele>190.900772</ele>
        <time>2026-07-22T21:56:35.032Z</time>
      </trkpt>
      <trkpt lat="50.563310" lon="8.897144">
        <ele>190.521861</ele>
        <time>2026-07-22T21:56:39.021Z</time>
      </trkpt>
      <trkpt lat="50.563993" lon="8.897204">
        <ele>190.032809</ele>
        <time>2026-07-22T21:56:47.658Z</time>
      </trkpt>
      <trkpt lat="50.564630" lon="8.897303">
        <ele>190.038433</ele>
        <time>2026-07-22T21:56:57.361Z</time>
      </trkpt>
      <trkpt lat="50.565598" lon="8.897451">
        <ele>190.715227</ele>
        <time>2026-07-22T21:57:14.459Z</time>
      </trkpt>
      <trkpt lat="50.566095" lon="8.897499">
        <ele>191.322391</ele>
        <time>2026-07-22T21:57:24.227Z</time>
      </trkpt>
      <trkpt lat="50.566555" lon="8.897445">
        <ele>192.029134</ele>
        <time>2026-07-22T21:57:34.255Z</time>
      </trkpt>
      <trkpt lat="50.567055" lon="8.897265">
        <ele>192.278084</ele>
        <time>2026-07-22T21:57:42.785Z</time>
      </trkpt>
      <trkpt lat="50.567443" lon="8.896994">
        <ele>192.334479</ele>
        <time>2026-07-22T21:57:48.800Z</time>
      </trkpt>
      <trkpt lat="50.567701" lon="8.896706">
        <ele>192.532680</ele>
        <time>2026-07-22T21:57:54.680Z</time>
      </trkpt>
      <trkpt lat="50.567807" lon="8.896554">
        <ele>192.572758</ele>
        <time>2026-07-22T21:57:57.270Z</time>
      </trkpt>
      <trkpt lat="50.567946" lon="8.896312">
        <ele>192.482487</ele>
        <time>2026-07-22T21:57:59.908Z</time>
      </trkpt>
      <trkpt lat="50.568075" lon="8.896016">
        <ele>192.303537</ele>
        <time>2026-07-22T21:58:02.626Z</time>
      </trkpt>
      <trkpt lat="50.568229" lon="8.895557">
        <ele>192.458236</ele>
        <time>2026-07-22T21:58:08.004Z</time>
      </trkpt>
      <trkpt lat="50.568659" lon="8.893659">
        <ele>194.990945</ele>
        <time>2026-07-22T21:58:37.659Z</time>
      </trkpt>
      <trkpt lat="50.568783" lon="8.893193">
        <ele>195.599420</ele>
        <time>2026-07-22T21:58:44.816Z</time>
      </trkpt>
      <trkpt lat="50.568900" lon="8.892907">
        <ele>196.016564</ele>
        <time>2026-07-22T21:58:49.624Z</time>
      </trkpt>
      <trkpt lat="50.569041" lon="8.892653">
        <ele>196.501996</ele>
        <time>2026-07-22T21:58:54.666Z</time>
      </trkpt>
      <trkpt lat="50.569202" lon="8.892435">
        <ele>197.005875</ele>
        <time>2026-07-22T21:58:59.850Z</time>
      </trkpt>
      <trkpt lat="50.569445" lon="8.892213">
        <ele>197.697889</ele>
        <time>2026-07-22T21:59:06.875Z</time>
      </trkpt>
      <trkpt lat="50.569595" lon="8.892119">
        <ele>198.081901</ele>
        <time>2026-07-22T21:59:10.972Z</time>
      </trkpt>
      <trkpt lat="50.570478" lon="8.891740">
        <ele>199.972282</ele>
        <time>2026-07-22T21:59:31.893Z</time>
      </trkpt>
      <trkpt lat="50.570805" lon="8.891490">
        <ele>200.619384</ele>
        <time>2026-07-22T21:59:39.250Z</time>
      </trkpt>
      <trkpt lat="50.571408" lon="8.890811">
        <ele>202.529065</ele>
        <time>2026-07-22T21:59:58.479Z</time>
      </trkpt>
      <trkpt lat="50.571982" lon="8.890126">
        <ele>205.039630</ele>
        <time>2026-07-22T22:00:18.462Z</time>
      </trkpt>
      <trkpt lat="50.572234" lon="8.889743">
        <ele>207.826372</ele>
        <time>2026-07-22T22:00:35.144Z</time>
      </trkpt>
      <trkpt lat="50.572572" lon="8.889127">
        <ele>212.949253</ele>
        <time>2026-07-22T22:01:04.201Z</time>
      </trkpt>
      <trkpt lat="50.572852" lon="8.888757">
        <ele>216.042495</ele>
        <time>2026-07-22T22:01:22.654Z</time>
      </trkpt>
      <trkpt lat="50.573323" lon="8.888361">
        <ele>219.179380</ele>
        <time>2026-07-22T22:01:43.028Z</time>
      </trkpt>
      <trkpt lat="50.574063" lon="8.887757">
        <ele>219.797872</ele>
        <time>2026-07-22T22:01:57.121Z</time>
      </trkpt>
      <trkpt lat="50.574469" lon="8.887442">
        <ele>219.959508</ele>
        <time>2026-07-22T22:02:04.507Z</time>
      </trkpt>
      <trkpt lat="50.574813" lon="8.887335">
        <ele>219.878091</ele>
        <time>2026-07-22T22:02:09.322Z</time>
      </trkpt>
      <trkpt lat="50.575158" lon="8.887385">
        <ele>219.673081</ele>
        <time>2026-07-22T22:02:13.785Z</time>
      </trkpt>
      <trkpt lat="50.575237" lon="8.887389">
        <ele>219.647270</ele>
        <time>2026-07-22T22:02:14.841Z</time>
      </trkpt>
      <trkpt lat="50.575494" lon="8.887353">
        <ele>220.057494</ele>
        <time>2026-07-22T22:02:20.033Z</time>
      </trkpt>
      <trkpt lat="50.575711" lon="8.887262">
        <ele>220.563274</ele>
        <time>2026-07-22T22:02:26.353Z</time>
      </trkpt>
      <trkpt lat="50.575668" lon="8.887120">
        <ele>220.602439</ele>
        <time>2026-07-22T22:02:27.981Z</time>
      </trkpt>
      <trkpt lat="50.575647" lon="8.886926">
        <ele>220.625944</ele>
        <time>2026-07-22T22:02:29.582Z</time>
      </trkpt>
      <trkpt lat="50.575667" lon="8.886762">
        <ele>220.590132</ele>
        <time>2026-07-22T22:02:31.011Z</time>
      </trkpt>
      <trkpt lat="50.575755" lon="8.886437">
        <ele>220.390207</ele>
        <time>2026-07-22T22:02:33.903Z</time>
      </trkpt>
      <trkpt lat="50.576165" lon="8.885271">
        <ele>218.412050</ele>
        <time>2026-07-22T22:02:42.907Z</time>
      </trkpt>
      <trkpt lat="50.576428" lon="8.884647">
        <ele>217.276463</ele>
        <time>2026-07-22T22:02:47.997Z</time>
      </trkpt>
      <trkpt lat="50.576847" lon="8.883632">
        <ele>215.214393</ele>
        <time>2026-07-22T22:02:56.006Z</time>
      </trkpt>
      <trkpt lat="50.577003" lon="8.883146">
        <ele>214.387470</ele>
        <time>2026-07-22T22:02:59.667Z</time>
      </trkpt>
      <trkpt lat="50.577105" lon="8.882611">
        <ele>213.513854</ele>
        <time>2026-07-22T22:03:03.472Z</time>
      </trkpt>
      <trkpt lat="50.577131" lon="8.882087">
        <ele>212.847896</ele>
        <time>2026-07-22T22:03:07.089Z</time>
      </trkpt>
      <trkpt lat="50.577093" lon="8.881584">
        <ele>212.396769</ele>
        <time>2026-07-22T22:03:10.796Z</time>
      </trkpt>
      <trkpt lat="50.577028" lon="8.881248">
        <ele>212.117676</ele>
        <time>2026-07-22T22:03:13.526Z</time>
      </trkpt>
      <trkpt lat="50.576926" lon="8.880887">
        <ele>211.900165</ele>
        <time>2026-07-22T22:03:16.600Z</time>
      </trkpt>
      <trkpt lat="50.576575" lon="8.880061">
        <ele>211.336105</ele>
        <time>2026-07-22T22:03:24.681Z</time>
      </trkpt>
      <trkpt lat="50.575664" lon="8.878154">
        <ele>207.618873</ele>
        <time>2026-07-22T22:03:40.716Z</time>
      </trkpt>
      <trkpt lat="50.575471" lon="8.877732">
        <ele>206.445726</ele>
        <time>2026-07-22T22:03:43.967Z</time>
      </trkpt>
      <trkpt lat="50.575378" lon="8.877475">
        <ele>205.919517</ele>
        <time>2026-07-22T22:03:45.899Z</time>
      </trkpt>
      <trkpt lat="50.575260" lon="8.877015">
        <ele>205.188574</ele>
        <time>2026-07-22T22:03:49.321Z</time>
      </trkpt>
      <trkpt lat="50.575225" lon="8.876823">
        <ele>204.887359</ele>
        <time>2026-07-22T22:03:50.690Z</time>
      </trkpt>
      <trkpt lat="50.575190" lon="8.876294">
        <ele>204.032492</ele>
        <time>2026-07-22T22:03:54.196Z</time>
      </trkpt>
      <trkpt lat="50.575231" lon="8.875297">
        <ele>202.727777</ele>
        <time>2026-07-22T22:04:01.084Z</time>
      </trkpt>
      <trkpt lat="50.575659" lon="8.869359">
        <ele>203.021571</ele>
        <time>2026-07-22T22:04:58.976Z</time>
      </trkpt>
      <trkpt lat="50.575640" lon="8.867497">
        <ele>203.812010</ele>
        <time>2026-07-22T22:05:19.691Z</time>
      </trkpt>
      <trkpt lat="50.575605" lon="8.866803">
        <ele>204.197149</ele>
        <time>2026-07-22T22:05:27.764Z</time>
      </trkpt>
      <trkpt lat="50.575560" lon="8.866442">
        <ele>204.368345</ele>
        <time>2026-07-22T22:05:32.264Z</time>
      </trkpt>
      <trkpt lat="50.575356" lon="8.865690">
        <ele>204.549364</ele>
        <time>2026-07-22T22:05:40.450Z</time>
      </trkpt>
      <trkpt lat="50.575277" lon="8.865457">
        <ele>204.555319</ele>
        <time>2026-07-22T22:05:42.716Z</time>
      </trkpt>
      <trkpt lat="50.575191" lon="8.865142">
        <ele>204.533454</ele>
        <time>2026-07-22T22:05:46.132Z</time>
      </trkpt>
      <trkpt lat="50.575123" lon="8.864751">
        <ele>204.427865</ele>
        <time>2026-07-22T22:05:49.510Z</time>
      </trkpt>
      <trkpt lat="50.575042" lon="8.863635">
        <ele>204.217813</ele>
        <time>2026-07-22T22:05:59.500Z</time>
      </trkpt>
      <trkpt lat="50.575019" lon="8.861423">
        <ele>204.319811</ele>
        <time>2026-07-22T22:06:20.592Z</time>
      </trkpt>
      <trkpt lat="50.575031" lon="8.860722">
        <ele>204.568135</ele>
        <time>2026-07-22T22:06:28.245Z</time>
      </trkpt>
      <trkpt lat="50.575536" lon="8.857035">
        <ele>204.052355</ele>
        <time>2026-07-22T22:07:01.731Z</time>
      </trkpt>
      <trkpt lat="50.575695" lon="8.855934">
        <ele>204.534713</ele>
        <time>2026-07-22T22:07:14.468Z</time>
      </trkpt>
      <trkpt lat="50.575854" lon="8.855100">
        <ele>205.292571</ele>
        <time>2026-07-22T22:07:25.876Z</time>
      </trkpt>
      <trkpt lat="50.576645" lon="8.852385">
        <ele>207.717810</ele>
        <time>2026-07-22T22:08:03.918Z</time>
      </trkpt>
      <trkpt lat="50.576785" lon="8.851814">
        <ele>207.783774</ele>
        <time>2026-07-22T22:08:09.340Z</time>
      </trkpt>
      <trkpt lat="50.576808" lon="8.851449">
        <ele>207.964108</ele>
        <time>2026-07-22T22:08:13.932Z</time>
      </trkpt>
      <trkpt lat="50.576810" lon="8.851391">
        <ele>207.998163</ele>
        <time>2026-07-22T22:08:14.689Z</time>
      </trkpt>
      <trkpt lat="50.577024" lon="8.851288">
        <ele>208.014978</ele>
        <time>2026-07-22T22:08:18.497Z</time>
      </trkpt>
      <trkpt lat="50.577255" lon="8.851032">
        <ele>207.489656</ele>
        <time>2026-07-22T22:08:21.485Z</time>
      </trkpt>
      <trkpt lat="50.577658" lon="8.850528">
        <ele>206.177107</ele>
        <time>2026-07-22T22:08:26.890Z</time>
      </trkpt>
      <trkpt lat="50.577863" lon="8.850255">
        <ele>205.889628</ele>
        <time>2026-07-22T22:08:30.163Z</time>
      </trkpt>
      <trkpt lat="50.578004" lon="8.850018">
        <ele>205.726205</ele>
        <time>2026-07-22T22:08:32.821Z</time>
      </trkpt>
      <trkpt lat="50.578120" lon="8.849710">
        <ele>205.636438</ele>
        <time>2026-07-22T22:08:35.867Z</time>
      </trkpt>
      <trkpt lat="50.578248" lon="8.849265">
        <ele>205.627873</ele>
        <time>2026-07-22T22:08:40.872Z</time>
      </trkpt>
      <trkpt lat="50.578361" lon="8.849016">
        <ele>205.481757</ele>
        <time>2026-07-22T22:08:43.261Z</time>
      </trkpt>
      <trkpt lat="50.578822" lon="8.848406">
        <ele>204.815154</ele>
        <time>2026-07-22T22:08:50.273Z</time>
      </trkpt>
      <trkpt lat="50.579056" lon="8.847970">
        <ele>205.145205</ele>
        <time>2026-07-22T22:08:57.535Z</time>
      </trkpt>
      <trkpt lat="50.579503" lon="8.847223">
        <ele>205.292189</ele>
        <time>2026-07-22T22:09:07.818Z</time>
      </trkpt>
      <trkpt lat="50.579549" lon="8.847110">
        <ele>205.299996</ele>
        <time>2026-07-22T22:09:09.106Z</time>
      </trkpt>
      <trkpt lat="50.579608" lon="8.846886">
        <ele>205.306153</ele>
        <time>2026-07-22T22:09:11.411Z</time>
      </trkpt>
      <trkpt lat="50.579797" lon="8.845747">
        <ele>205.375596</ele>
        <time>2026-07-22T22:09:22.855Z</time>
      </trkpt>
      <trkpt lat="50.579894" lon="8.844886">
        <ele>205.100187</ele>
        <time>2026-07-22T22:09:30.004Z</time>
      </trkpt>
      <trkpt lat="50.579950" lon="8.844613">
        <ele>205.029183</ele>
        <time>2026-07-22T22:09:32.528Z</time>
      </trkpt>
      <trkpt lat="50.580061" lon="8.844370">
        <ele>204.995938</ele>
        <time>2026-07-22T22:09:35.301Z</time>
      </trkpt>
      <trkpt lat="50.580195" lon="8.844212">
        <ele>204.981161</ele>
        <time>2026-07-22T22:09:37.704Z</time>
      </trkpt>
      <trkpt lat="50.580356" lon="8.844117">
        <ele>204.925072</ele>
        <time>2026-07-22T22:09:40.125Z</time>
      </trkpt>
      <trkpt lat="50.580590" lon="8.844111">
        <ele>204.905445</ele>
        <time>2026-07-22T22:09:43.382Z</time>
      </trkpt>
      <trkpt lat="50.581570" lon="8.844421">
        <ele>205.026224</ele>
        <time>2026-07-22T22:09:58.696Z</time>
      </trkpt>
      <trkpt lat="50.581663" lon="8.844474">
        <ele>205.073498</ele>
        <time>2026-07-22T22:10:00.412Z</time>
      </trkpt>
      <trkpt lat="50.582142" lon="8.844982">
        <ele>205.194595</ele>
        <time>2026-07-22T22:10:09.573Z</time>
      </trkpt>
      <trkpt lat="50.582312" lon="8.845123">
        <ele>205.216998</ele>
        <time>2026-07-22T22:10:12.557Z</time>
      </trkpt>
      <trkpt lat="50.582497" lon="8.845200">
        <ele>205.294781</ele>
        <time>2026-07-22T22:10:15.648Z</time>
      </trkpt>
      <trkpt lat="50.582798" lon="8.845263">
        <ele>205.368716</ele>
        <time>2026-07-22T22:10:20.385Z</time>
      </trkpt>
      <trkpt lat="50.583111" lon="8.845320">
        <ele>205.347998</ele>
        <time>2026-07-22T22:10:24.781Z</time>
      </trkpt>
      <trkpt lat="50.583280" lon="8.845284">
        <ele>205.529340</ele>
        <time>2026-07-22T22:10:27.639Z</time>
      </trkpt>
      <trkpt lat="50.583492" lon="8.845101">
        <ele>206.103523</ele>
        <time>2026-07-22T22:10:34.086Z</time>
      </trkpt>
      <trkpt lat="50.583559" lon="8.844993">
        <ele>206.384124</ele>
        <time>2026-07-22T22:10:36.750Z</time>
      </trkpt>
      <trkpt lat="50.583653" lon="8.844730">
        <ele>206.869427</ele>
        <time>2026-07-22T22:10:41.778Z</time>
      </trkpt>
      <trkpt lat="50.583798" lon="8.843083">
        <ele>208.853187</ele>
        <time>2026-07-22T22:11:05.637Z</time>
      </trkpt>
      <trkpt lat="50.583903" lon="8.842260">
        <ele>209.306943</ele>
        <time>2026-07-22T22:11:14.148Z</time>
      </trkpt>
      <trkpt lat="50.584085" lon="8.841317">
        <ele>212.360628</ele>
        <time>2026-07-22T22:11:36.398Z</time>
      </trkpt>
      <trkpt lat="50.584230" lon="8.840811">
        <ele>213.919075</ele>
        <time>2026-07-22T22:11:47.990Z</time>
      </trkpt>
      <trkpt lat="50.585213" lon="8.838092">
        <ele>220.059311</ele>
        <time>2026-07-22T22:12:41.701Z</time>
      </trkpt>
      <trkpt lat="50.585420" lon="8.837659">
        <ele>221.712951</ele>
        <time>2026-07-22T22:12:53.400Z</time>
      </trkpt>
      <trkpt lat="50.585531" lon="8.837491">
        <ele>222.484582</ele>
        <time>2026-07-22T22:12:58.787Z</time>
      </trkpt>
      <trkpt lat="50.585844" lon="8.837124">
        <ele>224.451666</ele>
        <time>2026-07-22T22:13:12.399Z</time>
      </trkpt>
      <trkpt lat="50.586111" lon="8.836902">
        <ele>226.423158</ele>
        <time>2026-07-22T22:13:24.835Z</time>
      </trkpt>
      <trkpt lat="50.586315" lon="8.836815">
        <ele>227.867906</ele>
        <time>2026-07-22T22:13:34.214Z</time>
      </trkpt>
      <trkpt lat="50.586780" lon="8.836763">
        <ele>230.767544</ele>
        <time>2026-07-22T22:13:52.874Z</time>
      </trkpt>
      <trkpt lat="50.586964" lon="8.836701">
        <ele>231.476248</ele>
        <time>2026-07-22T22:13:59.109Z</time>
      </trkpt>
      <trkpt lat="50.587940" lon="8.836113">
        <ele>231.232421</ele>
        <time>2026-07-22T22:14:13.553Z</time>
      </trkpt>
      <trkpt lat="50.588791" lon="8.835576">
        <ele>227.534812</ele>
        <time>2026-07-22T22:14:22.412Z</time>
      </trkpt>
      <trkpt lat="50.588922" lon="8.835455">
        <ele>226.799036</ele>
        <time>2026-07-22T22:14:23.941Z</time>
      </trkpt>
      <trkpt lat="50.589075" lon="8.835192">
        <ele>225.677534</ele>
        <time>2026-07-22T22:14:25.973Z</time>
      </trkpt>
      <trkpt lat="50.589394" lon="8.834302">
        <ele>224.160497</ele>
        <time>2026-07-22T22:14:33.057Z</time>
      </trkpt>
      <trkpt lat="50.589530" lon="8.834041">
        <ele>223.995515</ele>
        <time>2026-07-22T22:14:35.856Z</time>
      </trkpt>
      <trkpt lat="50.589644" lon="8.833880">
        <ele>224.041866</ele>
        <time>2026-07-22T22:14:38.207Z</time>
      </trkpt>
      <trkpt lat="50.590368" lon="8.833092">
        <ele>225.543619</ele>
        <time>2026-07-22T22:14:57.219Z</time>
      </trkpt>
      <trkpt lat="50.591259" lon="8.832319">
        <ele>228.687846</ele>
        <time>2026-07-22T22:15:25.158Z</time>
      </trkpt>
      <trkpt lat="50.591400" lon="8.832238">
        <ele>229.230737</ele>
        <time>2026-07-22T22:15:29.147Z</time>
      </trkpt>
      <trkpt lat="50.591649" lon="8.832181">
        <ele>230.451986</ele>
        <time>2026-07-22T22:15:38.543Z</time>
      </trkpt>
      <trkpt lat="50.591665" lon="8.831940">
        <ele>231.172412</ele>
        <time>2026-07-22T22:15:44.848Z</time>
      </trkpt>
      <trkpt lat="50.590995" lon="8.831607">
        <ele>228.297596</ele>
        <time>2026-07-22T22:15:51.538Z</time>
      </trkpt>
      <trkpt lat="50.590474" lon="8.831052">
        <ele>225.367671</ele>
        <time>2026-07-22T22:15:57.541Z</time>
      </trkpt>
      <trkpt lat="50.589773" lon="8.830267">
        <ele>220.587761</ele>
        <time>2026-07-22T22:16:05.527Z</time>
      </trkpt>
      <trkpt lat="50.589505" lon="8.829977">
        <ele>218.664317</ele>
        <time>2026-07-22T22:16:08.522Z</time>
      </trkpt>
      <trkpt lat="50.589286" lon="8.829726">
        <ele>216.968936</ele>
        <time>2026-07-22T22:16:10.975Z</time>
      </trkpt>
      <trkpt lat="50.589122" lon="8.829490">
        <ele>215.778571</ele>
        <time>2026-07-22T22:16:13.055Z</time>
      </trkpt>
      <trkpt lat="50.588688" lon="8.828734">
        <ele>212.943683</ele>
        <time>2026-07-22T22:16:19.294Z</time>
      </trkpt>
      <trkpt lat="50.588506" lon="8.828377">
        <ele>211.953570</ele>
        <time>2026-07-22T22:16:22.181Z</time>
      </trkpt>
      <trkpt lat="50.588417" lon="8.828178">
        <ele>211.606105</ele>
        <time>2026-07-22T22:16:23.807Z</time>
      </trkpt>
      <trkpt lat="50.587901" lon="8.826723">
        <ele>210.559131</ele>
        <time>2026-07-22T22:16:36.971Z</time>
      </trkpt>
      <trkpt lat="50.587723" lon="8.826134">
        <ele>209.754140</ele>
        <time>2026-07-22T22:16:41.539Z</time>
      </trkpt>
      <trkpt lat="50.587340" lon="8.824364">
        <ele>208.604662</ele>
        <time>2026-07-22T22:16:56.082Z</time>
      </trkpt>
      <trkpt lat="50.587207" lon="8.824030">
        <ele>208.414451</ele>
        <time>2026-07-22T22:16:59.276Z</time>
      </trkpt>
      <trkpt lat="50.587091" lon="8.823873">
        <ele>208.335890</ele>
        <time>2026-07-22T22:17:01.303Z</time>
      </trkpt>
      <trkpt lat="50.587072" lon="8.823849">
        <ele>208.323380</ele>
        <time>2026-07-22T22:17:01.657Z</time>
      </trkpt>
      <trkpt lat="50.586446" lon="8.823194">
        <ele>208.658581</ele>
        <time>2026-07-22T22:17:13.939Z</time>
      </trkpt>
      <trkpt lat="50.586378" lon="8.823104">
        <ele>208.760643</ele>
        <time>2026-07-22T22:17:15.786Z</time>
      </trkpt>
      <trkpt lat="50.586144" lon="8.822829">
        <ele>209.364297</ele>
        <time>2026-07-22T22:17:22.320Z</time>
      </trkpt>
      <trkpt lat="50.585993" lon="8.822685">
        <ele>210.190626</ele>
        <time>2026-07-22T22:17:27.719Z</time>
      </trkpt>
      <trkpt lat="50.585837" lon="8.822629">
        <ele>211.443305</ele>
        <time>2026-07-22T22:17:35.367Z</time>
      </trkpt>
      <trkpt lat="50.585186" lon="8.822617">
        <ele>217.815348</ele>
        <time>2026-07-22T22:18:12.126Z</time>
      </trkpt>
      <trkpt lat="50.584818" lon="8.822509">
        <ele>220.481274</ele>
        <time>2026-07-22T22:18:27.801Z</time>
      </trkpt>
      <trkpt lat="50.584607" lon="8.822405">
        <ele>221.370987</ele>
        <time>2026-07-22T22:18:34.377Z</time>
      </trkpt>
      <trkpt lat="50.584204" lon="8.822149">
        <ele>222.544860</ele>
        <time>2026-07-22T22:18:45.745Z</time>
      </trkpt>
      <trkpt lat="50.583992" lon="8.821949">
        <ele>222.745322</ele>
        <time>2026-07-22T22:18:49.951Z</time>
      </trkpt>
      <trkpt lat="50.583906" lon="8.821822">
        <ele>222.710660</ele>
        <time>2026-07-22T22:18:51.621Z</time>
      </trkpt>
      <trkpt lat="50.583575" lon="8.821128">
        <ele>222.626638</ele>
        <time>2026-07-22T22:18:59.302Z</time>
      </trkpt>
      <trkpt lat="50.583418" lon="8.820934">
        <ele>222.740211</ele>
        <time>2026-07-22T22:19:02.521Z</time>
      </trkpt>
      <trkpt lat="50.582559" lon="8.820243">
        <ele>224.528084</ele>
        <time>2026-07-22T22:19:23.727Z</time>
      </trkpt>
      <trkpt lat="50.582362" lon="8.820085">
        <ele>225.298840</ele>
        <time>2026-07-22T22:19:31.077Z</time>
      </trkpt>
      <trkpt lat="50.581577" lon="8.819457">
        <ele>227.781888</ele>
        <time>2026-07-22T22:19:53.757Z</time>
      </trkpt>
      <trkpt lat="50.581158" lon="8.819253">
        <ele>228.734130</ele>
        <time>2026-07-22T22:20:04.148Z</time>
      </trkpt>
      <trkpt lat="50.580968" lon="8.819180">
        <ele>228.890131</ele>
        <time>2026-07-22T22:20:07.433Z</time>
      </trkpt>
      <trkpt lat="50.580576" lon="8.819031">
        <ele>229.263526</ele>
        <time>2026-07-22T22:20:13.934Z</time>
      </trkpt>
      <trkpt lat="50.580429" lon="8.818974">
        <ele>229.891765</ele>
        <time>2026-07-22T22:20:19.631Z</time>
      </trkpt>
      <trkpt lat="50.580228" lon="8.818918">
        <ele>230.863362</ele>
        <time>2026-07-22T22:20:27.281Z</time>
      </trkpt>
      <trkpt lat="50.579804" lon="8.819019">
        <ele>232.118995</ele>
        <time>2026-07-22T22:20:38.294Z</time>
      </trkpt>
      <trkpt lat="50.579641" lon="8.818965">
        <ele>232.370110</ele>
        <time>2026-07-22T22:20:41.858Z</time>
      </trkpt>
      <trkpt lat="50.579421" lon="8.818770">
        <ele>231.724066</ele>
        <time>2026-07-22T22:20:44.527Z</time>
      </trkpt>
      <trkpt lat="50.579321" lon="8.818691">
        <ele>231.213042</ele>
        <time>2026-07-22T22:20:45.593Z</time>
      </trkpt>
      <trkpt lat="50.579164" lon="8.818629">
        <ele>230.400719</ele>
        <time>2026-07-22T22:20:47.093Z</time>
      </trkpt>
      <trkpt lat="50.578825" lon="8.818538">
        <ele>228.436817</ele>
        <time>2026-07-22T22:20:50.295Z</time>
      </trkpt>
      <trkpt lat="50.578419" lon="8.818542">
        <ele>225.852604</ele>
        <time>2026-07-22T22:20:53.928Z</time>
      </trkpt>
      <trkpt lat="50.577776" lon="8.818798">
        <ele>224.227512</ele>
        <time>2026-07-22T22:21:01.063Z</time>
      </trkpt>
      <trkpt lat="50.577638" lon="8.818762">
        <ele>224.153862</ele>
        <time>2026-07-22T22:21:03.194Z</time>
      </trkpt>
      <trkpt lat="50.577571" lon="8.818692">
        <ele>224.213644</ele>
        <time>2026-07-22T22:21:04.758Z</time>
      </trkpt>
      <trkpt lat="50.577534" lon="8.818543">
        <ele>224.288637</ele>
        <time>2026-07-22T22:21:06.745Z</time>
      </trkpt>
      <trkpt lat="50.577475" lon="8.817817">
        <ele>224.544883</ele>
        <time>2026-07-22T22:21:14.627Z</time>
      </trkpt>
      <trkpt lat="50.577434" lon="8.817441">
        <ele>224.436461</ele>
        <time>2026-07-22T22:21:17.657Z</time>
      </trkpt>
      <trkpt lat="50.577396" lon="8.817037">
        <ele>224.419796</ele>
        <time>2026-07-22T22:21:21.773Z</time>
      </trkpt>
      <trkpt lat="50.577494" lon="8.815265">
        <ele>224.740186</ele>
        <time>2026-07-22T22:21:39.735Z</time>
      </trkpt>
      <trkpt lat="50.577541" lon="8.814804">
        <ele>225.123636</ele>
        <time>2026-07-22T22:21:45.240Z</time>
      </trkpt>
      <trkpt lat="50.577594" lon="8.814585">
        <ele>225.657896</ele>
        <time>2026-07-22T22:21:49.340Z</time>
      </trkpt>
      <trkpt lat="50.577537" lon="8.814545">
        <ele>225.976893</ele>
        <time>2026-07-22T22:21:51.739Z</time>
      </trkpt>
      <trkpt lat="50.577097" lon="8.814248">
        <ele>228.647188</ele>
        <time>2026-07-22T22:22:10.746Z</time>
      </trkpt>
      <trkpt lat="50.576845" lon="8.814222">
        <ele>229.361259</ele>
        <time>2026-07-22T22:22:17.004Z</time>
      </trkpt>
      <trkpt lat="50.576284" lon="8.814471">
        <ele>228.968733</ele>
        <time>2026-07-22T22:22:24.353Z</time>
      </trkpt>
      <trkpt lat="50.576073" lon="8.814503">
        <ele>228.710769</ele>
        <time>2026-07-22T22:22:26.811Z</time>
      </trkpt>
      <trkpt lat="50.575922" lon="8.814487">
        <ele>228.524614</ele>
        <time>2026-07-22T22:22:28.646Z</time>
      </trkpt>
      <trkpt lat="50.575756" lon="8.814468">
        <ele>228.392535</ele>
        <time>2026-07-22T22:22:30.690Z</time>
      </trkpt>
      <trkpt lat="50.575534" lon="8.814427">
        <ele>228.204562</ele>
        <time>2026-07-22T22:22:33.571Z</time>
      </trkpt>
      <trkpt lat="50.574760" lon="8.814293">
        <ele>227.720332</ele>
        <time>2026-07-22T22:22:43.417Z</time>
      </trkpt>
      <trkpt lat="50.574462" lon="8.814185">
        <ele>228.110444</ele>
        <time>2026-07-22T22:22:49.875Z</time>
      </trkpt>
      <trkpt lat="50.573946" lon="8.813907">
        <ele>229.084878</ele>
        <time>2026-07-22T22:23:01.935Z</time>
      </trkpt>
      <trkpt lat="50.573458" lon="8.813732">
        <ele>229.869235</ele>
        <time>2026-07-22T22:23:11.993Z</time>
      </trkpt>
      <trkpt lat="50.573118" lon="8.813538">
        <ele>230.781149</ele>
        <time>2026-07-22T22:23:21.695Z</time>
      </trkpt>
      <trkpt lat="50.572838" lon="8.813315">
        <ele>231.373100</ele>
        <time>2026-07-22T22:23:29.035Z</time>
      </trkpt>
      <trkpt lat="50.572402" lon="8.812881">
        <ele>231.547768</ele>
        <time>2026-07-22T22:23:37.163Z</time>
      </trkpt>
      <trkpt lat="50.571986" lon="8.812381">
        <ele>231.217331</ele>
        <time>2026-07-22T22:23:43.805Z</time>
      </trkpt>
      <trkpt lat="50.571402" lon="8.811533">
        <ele>231.014041</ele>
        <time>2026-07-22T22:23:54.774Z</time>
      </trkpt>
      <trkpt lat="50.571203" lon="8.811379">
        <ele>230.975006</ele>
        <time>2026-07-22T22:23:57.991Z</time>
      </trkpt>
      <trkpt lat="50.570984" lon="8.811375">
        <ele>231.034440</ele>
        <time>2026-07-22T22:24:01.044Z</time>
      </trkpt>
      <trkpt lat="50.570454" lon="8.811441">
        <ele>231.641178</ele>
        <time>2026-07-22T22:24:11.487Z</time>
      </trkpt>
      <trkpt lat="50.569791" lon="8.811283">
        <ele>233.157183</ele>
        <time>2026-07-22T22:24:27.393Z</time>
      </trkpt>
      <trkpt lat="50.568596" lon="8.810792">
        <ele>237.499477</ele>
        <time>2026-07-22T22:25:03.052Z</time>
      </trkpt>
      <trkpt lat="50.567500" lon="8.810311">
        <ele>242.985153</ele>
        <time>2026-07-22T22:25:42.973Z</time>
      </trkpt>
      <trkpt lat="50.566213" lon="8.809781">
        <ele>245.860487</ele>
        <time>2026-07-22T22:26:13.993Z</time>
      </trkpt>
      <trkpt lat="50.565375" lon="8.809330">
        <ele>245.640293</ele>
        <time>2026-07-22T22:26:26.088Z</time>
      </trkpt>
      <trkpt lat="50.565099" lon="8.809198">
        <ele>245.187807</ele>
        <time>2026-07-22T22:26:29.361Z</time>
      </trkpt>
      <trkpt lat="50.564794" lon="8.809136">
        <ele>244.547902</ele>
        <time>2026-07-22T22:26:32.800Z</time>
      </trkpt>
      <trkpt lat="50.564109" lon="8.809053">
        <ele>242.473114</ele>
        <time>2026-07-22T22:26:39.767Z</time>
      </trkpt>
      <trkpt lat="50.563801" lon="8.808905">
        <ele>241.973643</ele>
        <time>2026-07-22T22:26:43.514Z</time>
      </trkpt>
      <trkpt lat="50.563119" lon="8.808471">
        <ele>240.805463</ele>
        <time>2026-07-22T22:26:51.842Z</time>
      </trkpt>
      <trkpt lat="50.562550" lon="8.808240">
        <ele>239.915806</ele>
        <time>2026-07-22T22:26:58.620Z</time>
      </trkpt>
      <trkpt lat="50.562496" lon="8.808226">
        <ele>239.853705</ele>
        <time>2026-07-22T22:26:59.258Z</time>
      </trkpt>
      <trkpt lat="50.561211" lon="8.807991">
        <ele>238.512373</ele>
        <time>2026-07-22T22:27:14.818Z</time>
      </trkpt>
      <trkpt lat="50.560875" lon="8.807871">
        <ele>238.874320</ele>
        <time>2026-07-22T22:27:22.208Z</time>
      </trkpt>
      <trkpt lat="50.560576" lon="8.807665">
        <ele>239.109943</ele>
        <time>2026-07-22T22:27:28.208Z</time>
      </trkpt>
      <trkpt lat="50.560197" lon="8.807347">
        <ele>238.687175</ele>
        <time>2026-07-22T22:27:33.264Z</time>
      </trkpt>
      <trkpt lat="50.560158" lon="8.807300">
        <ele>238.628104</ele>
        <time>2026-07-22T22:27:33.827Z</time>
      </trkpt>
      <trkpt lat="50.559961" lon="8.806956">
        <ele>238.270251</ele>
        <time>2026-07-22T22:27:37.485Z</time>
      </trkpt>
      <trkpt lat="50.559461" lon="8.805920">
        <ele>236.983522</ele>
        <time>2026-07-22T22:27:46.903Z</time>
      </trkpt>
      <trkpt lat="50.559232" lon="8.805267">
        <ele>236.101517</ele>
        <time>2026-07-22T22:27:52.152Z</time>
      </trkpt>
      <trkpt lat="50.559106" lon="8.804803">
        <ele>235.638160</ele>
        <time>2026-07-22T22:27:55.718Z</time>
      </trkpt>
      <trkpt lat="50.558782" lon="8.803040">
        <ele>237.196323</ele>
        <time>2026-07-22T22:28:19.707Z</time>
      </trkpt>
      <trkpt lat="50.558674" lon="8.802746">
        <ele>237.422801</ele>
        <time>2026-07-22T22:28:24.032Z</time>
      </trkpt>
      <trkpt lat="50.558190" lon="8.801684">
        <ele>236.492224</ele>
        <time>2026-07-22T22:28:33.914Z</time>
      </trkpt>
      <trkpt lat="50.557888" lon="8.801024">
        <ele>235.890813</ele>
        <time>2026-07-22T22:28:39.953Z</time>
      </trkpt>
      <trkpt lat="50.557736" lon="8.800720">
        <ele>236.106933</ele>
        <time>2026-07-22T22:28:45.213Z</time>
      </trkpt>
      <trkpt lat="50.557329" lon="8.799890">
        <ele>235.487394</ele>
        <time>2026-07-22T22:28:53.372Z</time>
      </trkpt>
      <trkpt lat="50.557219" lon="8.799609">
        <ele>235.163940</ele>
        <time>2026-07-22T22:28:55.807Z</time>
      </trkpt>
      <trkpt lat="50.557144" lon="8.799260">
        <ele>234.630639</ele>
        <time>2026-07-22T22:28:58.272Z</time>
      </trkpt>
      <trkpt lat="50.557140" lon="8.798834">
        <ele>234.136100</ele>
        <time>2026-07-22T22:29:01.329Z</time>
      </trkpt>
      <trkpt lat="50.557202" lon="8.797866">
        <ele>232.536448</ele>
        <time>2026-07-22T22:29:07.773Z</time>
      </trkpt>
      <trkpt lat="50.557191" lon="8.797671">
        <ele>232.311456</ele>
        <time>2026-07-22T22:29:09.156Z</time>
      </trkpt>
      <trkpt lat="50.557119" lon="8.797410">
        <ele>232.032452</ele>
        <time>2026-07-22T22:29:11.232Z</time>
      </trkpt>
      <trkpt lat="50.556942" lon="8.797042">
        <ele>231.829207</ele>
        <time>2026-07-22T22:29:14.899Z</time>
      </trkpt>
      <trkpt lat="50.556995" lon="8.796949">
        <ele>231.822029</ele>
        <time>2026-07-22T22:29:16.190Z</time>
      </trkpt>
      <trkpt lat="50.557062" lon="8.796911">
        <ele>231.963412</ele>
        <time>2026-07-22T22:29:17.673Z</time>
      </trkpt>
      <trkpt lat="50.557148" lon="8.796927">
        <ele>232.154660</ele>
        <time>2026-07-22T22:29:19.828Z</time>
      </trkpt>
      <trkpt lat="50.557522" lon="8.796997">
        <ele>233.121134</ele>
        <time>2026-07-22T22:29:29.729Z</time>
      </trkpt>
      <trkpt lat="50.557650" lon="8.797030">
        <ele>233.374694</ele>
        <time>2026-07-22T22:29:32.637Z</time>
      </trkpt>
      <trkpt lat="50.558649" lon="8.797496">
        <ele>234.564093</ele>
        <time>2026-07-22T22:29:52.314Z</time>
      </trkpt>
      <trkpt lat="50.559255" lon="8.797791">
        <ele>235.937031</ele>
        <time>2026-07-22T22:30:07.513Z</time>
      </trkpt>
      <trkpt lat="50.559851" lon="8.798232">
        <ele>237.599398</ele>
        <time>2026-07-22T22:30:24.438Z</time>
      </trkpt>
      <trkpt lat="50.560103" lon="8.798365">
        <ele>238.015954</ele>
        <time>2026-07-22T22:30:29.097Z</time>
      </trkpt>
      <trkpt lat="50.560491" lon="8.798294">
        <ele>239.045027</ele>
        <time>2026-07-22T22:30:39.289Z</time>
      </trkpt>
      <trkpt lat="50.561158" lon="8.798076">
        <ele>241.642944</ele>
        <time>2026-07-22T22:30:59.301Z</time>
      </trkpt>
      <trkpt lat="50.561467" lon="8.797975">
        <ele>243.442150</ele>
        <time>2026-07-22T22:31:12.626Z</time>
      </trkpt>
      <trkpt lat="50.562571" lon="8.797613">
        <ele>247.516208</ele>
        <time>2026-07-22T22:31:45.845Z</time>
      </trkpt>
      <trkpt lat="50.563984" lon="8.797354">
        <ele>247.801249</ele>
        <time>2026-07-22T22:32:07.328Z</time>
      </trkpt>
      <trkpt lat="50.564852" lon="8.797170">
        <ele>247.910074</ele>
        <time>2026-07-22T22:32:20.551Z</time>
      </trkpt>
      <trkpt lat="50.566387" lon="8.797244">
        <ele>248.599953</ele>
        <time>2026-07-22T22:32:45.666Z</time>
      </trkpt>
      <trkpt lat="50.569126" lon="8.797178">
        <ele>255.230242</ele>
        <time>2026-07-22T22:33:53.251Z</time>
      </trkpt>
      <trkpt lat="50.569458" lon="8.797138">
        <ele>256.189091</ele>
        <time>2026-07-22T22:34:02.425Z</time>
      </trkpt>
      <trkpt lat="50.569344" lon="8.796415">
        <ele>256.884083</ele>
        <time>2026-07-22T22:34:11.799Z</time>
      </trkpt>
      <trkpt lat="50.569336" lon="8.796364">
        <ele>256.921667</ele>
        <time>2026-07-22T22:34:12.453Z</time>
      </trkpt>
      <trkpt lat="50.569098" lon="8.795145">
        <ele>257.952102</ele>
        <time>2026-07-22T22:34:28.926Z</time>
      </trkpt>
      <trkpt lat="50.568945" lon="8.794913">
        <ele>257.991593</ele>
        <time>2026-07-22T22:34:32.379Z</time>
      </trkpt>
      <trkpt lat="50.568478" lon="8.794384">
        <ele>257.135270</ele>
        <time>2026-07-22T22:34:38.797Z</time>
      </trkpt>
      <trkpt lat="50.567020" lon="8.791958">
        <ele>254.854948</ele>
        <time>2026-07-22T22:35:04.766Z</time>
      </trkpt>
      <trkpt lat="50.566445" lon="8.790919">
        <ele>251.584104</ele>
        <time>2026-07-22T22:35:13.396Z</time>
      </trkpt>
      <trkpt lat="50.566247" lon="8.790731">
        <ele>250.587094</ele>
        <time>2026-07-22T22:35:15.595Z</time>
      </trkpt>
      <trkpt lat="50.565676" lon="8.790430">
        <ele>247.990837</ele>
        <time>2026-07-22T22:35:21.350Z</time>
      </trkpt>
      <trkpt lat="50.565181" lon="8.790209">
        <ele>247.641455</ele>
        <time>2026-07-22T22:35:28.236Z</time>
      </trkpt>
      <trkpt lat="50.564950" lon="8.790046">
        <ele>247.841731</ele>
        <time>2026-07-22T22:35:33.059Z</time>
      </trkpt>
      <trkpt lat="50.564186" lon="8.789363">
        <ele>249.012387</ele>
        <time>2026-07-22T22:35:51.551Z</time>
      </trkpt>
      <trkpt lat="50.563677" lon="8.788940">
        <ele>247.511407</ele>
        <time>2026-07-22T22:35:57.421Z</time>
      </trkpt>
      <trkpt lat="50.562596" lon="8.788019">
        <ele>246.144492</ele>
        <time>2026-07-22T22:36:12.441Z</time>
      </trkpt>
      <trkpt lat="50.562065" lon="8.787530">
        <ele>244.688678</ele>
        <time>2026-07-22T22:36:19.030Z</time>
      </trkpt>
      <trkpt lat="50.561845" lon="8.787339">
        <ele>243.537909</ele>
        <time>2026-07-22T22:36:21.404Z</time>
      </trkpt>
      <trkpt lat="50.561405" lon="8.787086">
        <ele>241.686861</ele>
        <time>2026-07-22T22:36:25.980Z</time>
      </trkpt>
      <trkpt lat="50.560798" lon="8.786759">
        <ele>239.004793</ele>
        <time>2026-07-22T22:36:32.228Z</time>
      </trkpt>
      <trkpt lat="50.560519" lon="8.786608">
        <ele>237.818321</ele>
        <time>2026-07-22T22:36:35.100Z</time>
      </trkpt>
      <trkpt lat="50.560155" lon="8.786318">
        <ele>236.365747</ele>
        <time>2026-07-22T22:36:39.105Z</time>
      </trkpt>
      <trkpt lat="50.559800" lon="8.785971">
        <ele>235.572396</ele>
        <time>2026-07-22T22:36:43.839Z</time>
      </trkpt>
      <trkpt lat="50.559551" lon="8.785754">
        <ele>234.939161</ele>
        <time>2026-07-22T22:36:46.901Z</time>
      </trkpt>
      <trkpt lat="50.559246" lon="8.785581">
        <ele>234.399949</ele>
        <time>2026-07-22T22:36:50.528Z</time>
      </trkpt>
      <trkpt lat="50.558926" lon="8.785501">
        <ele>233.920674</ele>
        <time>2026-07-22T22:36:54.243Z</time>
      </trkpt>
      <trkpt lat="50.558602" lon="8.785515">
        <ele>233.608538</ele>
        <time>2026-07-22T22:36:58.426Z</time>
      </trkpt>
      <trkpt lat="50.558347" lon="8.785582">
        <ele>233.325334</ele>
        <time>2026-07-22T22:37:01.695Z</time>
      </trkpt>
      <trkpt lat="50.557809" lon="8.785736">
        <ele>232.277748</ele>
        <time>2026-07-22T22:37:07.604Z</time>
      </trkpt>
      <trkpt lat="50.557418" lon="8.785714">
        <ele>232.227117</ele>
        <time>2026-07-22T22:37:13.110Z</time>
      </trkpt>
      <trkpt lat="50.557267" lon="8.785659">
        <ele>232.292974</ele>
        <time>2026-07-22T22:37:16.164Z</time>
      </trkpt>
      <trkpt lat="50.557054" lon="8.785568">
        <ele>232.374527</ele>
        <time>2026-07-22T22:37:19.681Z</time>
      </trkpt>
      <trkpt lat="50.556787" lon="8.785454">
        <ele>232.399997</ele>
        <time>2026-07-22T22:37:23.742Z</time>
      </trkpt>
      <trkpt lat="50.556381" lon="8.785293">
        <ele>232.431435</ele>
        <time>2026-07-22T22:37:29.976Z</time>
      </trkpt>
      <trkpt lat="50.556221" lon="8.785277">
        <ele>232.445804</ele>
        <time>2026-07-22T22:37:32.540Z</time>
      </trkpt>
      <trkpt lat="50.556013" lon="8.785316">
        <ele>232.419563</ele>
        <time>2026-07-22T22:37:35.524Z</time>
      </trkpt>
      <trkpt lat="50.555986" lon="8.785325">
        <ele>232.414610</ele>
        <time>2026-07-22T22:37:35.907Z</time>
      </trkpt>
      <trkpt lat="50.555831" lon="8.785407">
        <ele>232.379573</ele>
        <time>2026-07-22T22:37:38.168Z</time>
      </trkpt>
      <trkpt lat="50.555680" lon="8.785533">
        <ele>232.298941</ele>
        <time>2026-07-22T22:37:40.507Z</time>
      </trkpt>
      <trkpt lat="50.555528" lon="8.785713">
        <ele>232.108431</ele>
        <time>2026-07-22T22:37:42.952Z</time>
      </trkpt>
      <trkpt lat="50.555224" lon="8.786086">
        <ele>230.978950</ele>
        <time>2026-07-22T22:37:47.059Z</time>
      </trkpt>
      <trkpt lat="50.554823" lon="8.786577">
        <ele>227.999655</ele>
        <time>2026-07-22T22:37:51.654Z</time>
      </trkpt>
      <trkpt lat="50.554714" lon="8.786711">
        <ele>227.492156</ele>
        <time>2026-07-22T22:37:52.960Z</time>
      </trkpt>
      <trkpt lat="50.554646" lon="8.786575">
        <ele>227.394955</ele>
        <time>2026-07-22T22:37:54.371Z</time>
      </trkpt>
      <trkpt lat="50.554479" lon="8.786238">
        <ele>228.215715</ele>
        <time>2026-07-22T22:38:02.909Z</time>
      </trkpt>
      <trkpt lat="50.554356" lon="8.785994">
        <ele>228.997584</ele>
        <time>2026-07-22T22:38:09.409Z</time>
      </trkpt>
      <trkpt lat="50.554251" lon="8.785711">
        <ele>229.489303</ele>
        <time>2026-07-22T22:38:14.194Z</time>
      </trkpt>
      <trkpt lat="50.554198" lon="8.785472">
        <ele>229.671921</ele>
        <time>2026-07-22T22:38:17.422Z</time>
      </trkpt>
      <trkpt lat="50.554173" lon="8.785089">
        <ele>229.737981</ele>
        <time>2026-07-22T22:38:20.938Z</time>
      </trkpt>
      <trkpt lat="50.554138" lon="8.783417">
        <ele>229.985546</ele>
        <time>2026-07-22T22:38:37.612Z</time>
      </trkpt>
      <trkpt lat="50.554175" lon="8.782932">
        <ele>230.021903</ele>
        <time>2026-07-22T22:38:42.375Z</time>
      </trkpt>
      <trkpt lat="50.554239" lon="8.782583">
        <ele>230.137371</ele>
        <time>2026-07-22T22:38:46.062Z</time>
      </trkpt>
      <trkpt lat="50.554373" lon="8.782095">
        <ele>230.566549</ele>
        <time>2026-07-22T22:38:52.849Z</time>
      </trkpt>
      <trkpt lat="50.554422" lon="8.781922">
        <ele>230.840845</ele>
        <time>2026-07-22T22:38:55.794Z</time>
      </trkpt>
      <trkpt lat="50.554451" lon="8.781661">
        <ele>231.225447</ele>
        <time>2026-07-22T22:39:00.281Z</time>
      </trkpt>
      <trkpt lat="50.554433" lon="8.781439">
        <ele>231.577746</ele>
        <time>2026-07-22T22:39:03.374Z</time>
      </trkpt>
      <trkpt lat="50.554389" lon="8.781239">
        <ele>231.999680</ele>
        <time>2026-07-22T22:39:06.888Z</time>
      </trkpt>
      <trkpt lat="50.554319" lon="8.781031">
        <ele>232.511005</ele>
        <time>2026-07-22T22:39:11.622Z</time>
      </trkpt>
      <trkpt lat="50.554269" lon="8.780899">
        <ele>232.862516</ele>
        <time>2026-07-22T22:39:14.508Z</time>
      </trkpt>
      <trkpt lat="50.554202" lon="8.780627">
        <ele>233.282361</ele>
        <time>2026-07-22T22:39:19.123Z</time>
      </trkpt>
      <trkpt lat="50.553995" lon="8.780566">
        <ele>233.608060</ele>
        <time>2026-07-22T22:39:22.856Z</time>
      </trkpt>
      <trkpt lat="50.553911" lon="8.780517">
        <ele>233.726769</ele>
        <time>2026-07-22T22:39:24.758Z</time>
      </trkpt>
      <trkpt lat="50.553555" lon="8.780278">
        <ele>234.851309</ele>
        <time>2026-07-22T22:39:35.377Z</time>
      </trkpt>
      <trkpt lat="50.553233" lon="8.780154">
        <ele>235.600450</ele>
        <time>2026-07-22T22:39:43.256Z</time>
      </trkpt>
      <trkpt lat="50.552951" lon="8.780127">
        <ele>236.119065</ele>
        <time>2026-07-22T22:39:49.731Z</time>
      </trkpt>
      <trkpt lat="50.552506" lon="8.780149">
        <ele>236.421106</ele>
        <time>2026-07-22T22:39:57.412Z</time>
      </trkpt>
      <trkpt lat="50.552239" lon="8.780158">
        <ele>236.284312</ele>
        <time>2026-07-22T22:40:00.911Z</time>
      </trkpt>
      <trkpt lat="50.551758" lon="8.780171">
        <ele>235.848633</ele>
        <time>2026-07-22T22:40:06.801Z</time>
      </trkpt>
      <trkpt lat="50.551596" lon="8.780166">
        <ele>235.710531</ele>
        <time>2026-07-22T22:40:08.954Z</time>
      </trkpt>
      <trkpt lat="50.551239" lon="8.780092">
        <ele>235.145169</ele>
        <time>2026-07-22T22:40:13.104Z</time>
      </trkpt>
      <trkpt lat="50.551147" lon="8.780062">
        <ele>234.861384</ele>
        <time>2026-07-22T22:40:14.060Z</time>
      </trkpt>
      <trkpt lat="50.550680" lon="8.779898">
        <ele>233.389112</ele>
        <time>2026-07-22T22:40:18.896Z</time>
      </trkpt>
      <trkpt lat="50.550564" lon="8.779753">
        <ele>232.929768</ele>
        <time>2026-07-22T22:40:20.397Z</time>
      </trkpt>
      <trkpt lat="50.550453" lon="8.779457">
        <ele>232.273197</ele>
        <time>2026-07-22T22:40:22.662Z</time>
      </trkpt>
      <trkpt lat="50.550234" lon="8.778778">
        <ele>230.942172</ele>
        <time>2026-07-22T22:40:27.523Z</time>
      </trkpt>
      <trkpt lat="50.550226" lon="8.778673">
        <ele>230.895470</ele>
        <time>2026-07-22T22:40:28.460Z</time>
      </trkpt>
      <trkpt lat="50.550263" lon="8.778587">
        <ele>230.851566</ele>
        <time>2026-07-22T22:40:29.985Z</time>
      </trkpt>
      <trkpt lat="50.550489" lon="8.778355">
        <ele>231.845658</ele>
        <time>2026-07-22T22:40:38.510Z</time>
      </trkpt>
      <trkpt lat="50.550598" lon="8.778209">
        <ele>232.298277</ele>
        <time>2026-07-22T22:40:42.352Z</time>
      </trkpt>
      <trkpt lat="50.550798" lon="8.777796">
        <ele>233.396039</ele>
        <time>2026-07-22T22:40:51.151Z</time>
      </trkpt>
      <trkpt lat="50.551306" lon="8.776504">
        <ele>237.848116</ele>
        <time>2026-07-22T22:41:22.746Z</time>
      </trkpt>
      <trkpt lat="50.551437" lon="8.776079">
        <ele>240.269762</ele>
        <time>2026-07-22T22:41:37.759Z</time>
      </trkpt>
      <trkpt lat="50.551472" lon="8.775832">
        <ele>241.558021</ele>
        <time>2026-07-22T22:41:45.559Z</time>
      </trkpt>
      <trkpt lat="50.551480" lon="8.775514">
        <ele>243.126274</ele>
        <time>2026-07-22T22:41:54.465Z</time>
      </trkpt>
      <trkpt lat="50.551497" lon="8.774957">
        <ele>245.834036</ele>
        <time>2026-07-22T22:42:10.915Z</time>
      </trkpt>
      <trkpt lat="50.551652" lon="8.774234">
        <ele>248.934303</ele>
        <time>2026-07-22T22:42:30.387Z</time>
      </trkpt>
      <trkpt lat="50.551709" lon="8.773977">
        <ele>250.070490</ele>
        <time>2026-07-22T22:42:37.707Z</time>
      </trkpt>
      <trkpt lat="50.551688" lon="8.773836">
        <ele>250.550612</ele>
        <time>2026-07-22T22:42:41.475Z</time>
      </trkpt>
      <trkpt lat="50.551649" lon="8.773769">
        <ele>250.851855</ele>
        <time>2026-07-22T22:42:43.620Z</time>
      </trkpt>
      <trkpt lat="50.551576" lon="8.773721">
        <ele>251.211712</ele>
        <time>2026-07-22T22:42:46.030Z</time>
      </trkpt>
      <trkpt lat="50.551217" lon="8.773735">
        <ele>251.783956</ele>
        <time>2026-07-22T22:42:53.046Z</time>
      </trkpt>
      <trkpt lat="50.551101" lon="8.773701">
        <ele>251.982265</ele>
        <time>2026-07-22T22:42:55.381Z</time>
      </trkpt>
      <trkpt lat="50.550554" lon="8.772920">
        <ele>253.794742</ele>
        <time>2026-07-22T22:43:13.917Z</time>
      </trkpt>
      <trkpt lat="50.550461" lon="8.772712">
        <ele>254.201849</ele>
        <time>2026-07-22T22:43:17.911Z</time>
      </trkpt>
      <trkpt lat="50.550238" lon="8.772049">
        <ele>255.631151</ele>
        <time>2026-07-22T22:43:29.950Z</time>
      </trkpt>
      <trkpt lat="50.550199" lon="8.771933">
        <ele>256.097477</ele>
        <time>2026-07-22T22:43:32.985Z</time>
      </trkpt>
      <trkpt lat="50.550135" lon="8.771749">
        <ele>256.977720</ele>
        <time>2026-07-22T22:43:39.262Z</time>
      </trkpt>
      <trkpt lat="50.550095" lon="8.771634">
        <ele>257.622856</ele>
        <time>2026-07-22T22:43:43.373Z</time>
      </trkpt>
      <trkpt lat="50.549959" lon="8.771305">
        <ele>259.310732</ele>
        <time>2026-07-22T22:43:54.082Z</time>
      </trkpt>
      <trkpt lat="50.549867" lon="8.771095">
        <ele>259.867044</ele>
        <time>2026-07-22T22:43:59.593Z</time>
      </trkpt>
      <trkpt lat="50.549568" lon="8.770470">
        <ele>260.697530</ele>
        <time>2026-07-22T22:44:08.747Z</time>
      </trkpt>
      <trkpt lat="50.549309" lon="8.769954">
        <ele>261.025963</ele>
        <time>2026-07-22T22:44:16.919Z</time>
      </trkpt>
      <trkpt lat="50.549249" lon="8.769833">
        <ele>261.060816</ele>
        <time>2026-07-22T22:44:18.183Z</time>
      </trkpt>
      <trkpt lat="50.549293" lon="8.769721">
        <ele>260.980026</ele>
        <time>2026-07-22T22:44:19.149Z</time>
      </trkpt>
      <trkpt lat="50.549261" lon="8.769559">
        <ele>260.868957</ele>
        <time>2026-07-22T22:44:20.458Z</time>
      </trkpt>
      <trkpt lat="50.549166" lon="8.769502">
        <ele>260.887730</ele>
        <time>2026-07-22T22:44:21.960Z</time>
      </trkpt>
      <trkpt lat="50.549102" lon="8.769549">
        <ele>260.950430</ele>
        <time>2026-07-22T22:44:23.262Z</time>
      </trkpt>
      <trkpt lat="50.549061" lon="8.769674">
        <ele>261.029785</ele>
        <time>2026-07-22T22:44:25.148Z</time>
      </trkpt>
      <trkpt lat="50.549091" lon="8.769807">
        <ele>261.118594</ele>
        <time>2026-07-22T22:44:27.261Z</time>
      </trkpt>
      <trkpt lat="50.549016" lon="8.769906">
        <ele>261.215582</ele>
        <time>2026-07-22T22:44:29.130Z</time>
      </trkpt>
      <trkpt lat="50.548975" lon="8.769827">
        <ele>261.193834</ele>
        <time>2026-07-22T22:44:29.982Z</time>
      </trkpt>
      <trkpt lat="50.549005" lon="8.769610">
        <ele>260.886506</ele>
        <time>2026-07-22T22:44:31.483Z</time>
      </trkpt>
      <trkpt lat="50.548974" lon="8.769486">
        <ele>260.622061</ele>
        <time>2026-07-22T22:44:32.323Z</time>
      </trkpt>
      <trkpt lat="50.548581" lon="8.768705">
        <ele>257.326030</ele>
        <time>2026-07-22T22:44:38.252Z</time>
      </trkpt>
      <trkpt lat="50.548513" lon="8.768639">
        <ele>256.784434</ele>
        <time>2026-07-22T22:44:38.973Z</time>
      </trkpt>
      <trkpt lat="50.547815" lon="8.767257">
        <ele>249.062524</ele>
        <time>2026-07-22T22:44:49.034Z</time>
      </trkpt>
      <trkpt lat="50.546711" lon="8.765053">
        <ele>240.701681</ele>
        <time>2026-07-22T22:45:06.063Z</time>
      </trkpt>
      <trkpt lat="50.546250" lon="8.764133">
        <ele>237.316263</ele>
        <time>2026-07-22T22:45:13.183Z</time>
      </trkpt>
      <trkpt lat="50.545774" lon="8.762866">
        <ele>233.379725</ele>
        <time>2026-07-22T22:45:22.246Z</time>
      </trkpt>
      <trkpt lat="50.544867" lon="8.759564">
        <ele>227.101496</ele>
        <time>2026-07-22T22:45:46.034Z</time>
      </trkpt>
      <trkpt lat="50.544845" lon="8.759397">
        <ele>226.876692</ele>
        <time>2026-07-22T22:45:47.208Z</time>
      </trkpt>
      <trkpt lat="50.544613" lon="8.758763">
        <ele>226.228486</ele>
        <time>2026-07-22T22:45:52.608Z</time>
      </trkpt>
      <trkpt lat="50.544294" lon="8.758051">
        <ele>225.728092</ele>
        <time>2026-07-22T22:45:59.477Z</time>
      </trkpt>
      <trkpt lat="50.543915" lon="8.757424">
        <ele>225.609238</ele>
        <time>2026-07-22T22:46:07.381Z</time>
      </trkpt>
      <trkpt lat="50.543739" lon="8.757134">
        <ele>225.556888</ele>
        <time>2026-07-22T22:46:11.038Z</time>
      </trkpt>
      <trkpt lat="50.543300" lon="8.756625">
        <ele>225.266773</ele>
        <time>2026-07-22T22:46:18.130Z</time>
      </trkpt>
      <trkpt lat="50.542698" lon="8.756037">
        <ele>224.259891</ele>
        <time>2026-07-22T22:46:26.486Z</time>
      </trkpt>
      <trkpt lat="50.540883" lon="8.756808">
        <ele>219.306916</ele>
        <time>2026-07-22T22:46:46.031Z</time>
      </trkpt>
      <trkpt lat="50.540827" lon="8.756856">
        <ele>219.211215</ele>
        <time>2026-07-22T22:46:46.779Z</time>
      </trkpt>
      <trkpt lat="50.539882" lon="8.755077">
        <ele>219.000826</ele>
        <time>2026-07-22T22:47:08.304Z</time>
      </trkpt>
      <trkpt lat="50.539804" lon="8.754911">
        <ele>218.992568</ele>
        <time>2026-07-22T22:47:10.108Z</time>
      </trkpt>
      <trkpt lat="50.539480" lon="8.754249">
        <ele>218.924022</ele>
        <time>2026-07-22T22:47:17.826Z</time>
      </trkpt>
      <trkpt lat="50.539327" lon="8.753470">
        <ele>218.911289</ele>
        <time>2026-07-22T22:47:26.317Z</time>
      </trkpt>
      <trkpt lat="50.539247" lon="8.753509">
        <ele>218.795523</ele>
        <time>2026-07-22T22:47:27.203Z</time>
      </trkpt>
      <trkpt lat="50.539123" lon="8.753569">
        <ele>218.477091</ele>
        <time>2026-07-22T22:47:28.479Z</time>
      </trkpt>
      <trkpt lat="50.539028" lon="8.753615">
        <ele>218.194545</ele>
        <time>2026-07-22T22:47:29.509Z</time>
      </trkpt>
      <trkpt lat="50.538917" lon="8.753669">
        <ele>218.120815</ele>
        <time>2026-07-22T22:47:30.939Z</time>
      </trkpt>
      <trkpt lat="50.538762" lon="8.753744">
        <ele>218.213782</ele>
        <time>2026-07-22T22:47:33.847Z</time>
      </trkpt>
      <trkpt lat="50.538325" lon="8.753958">
        <ele>219.982176</ele>
        <time>2026-07-22T22:47:47.247Z</time>
      </trkpt>
      <trkpt lat="50.538003" lon="8.754112">
        <ele>222.586656</ele>
        <time>2026-07-22T22:48:03.365Z</time>
      </trkpt>
      <trkpt lat="50.537838" lon="8.754191">
        <ele>223.753425</ele>
        <time>2026-07-22T22:48:11.512Z</time>
      </trkpt>
      <trkpt lat="50.537676" lon="8.754211">
        <ele>224.445358</ele>
        <time>2026-07-22T22:48:16.956Z</time>
      </trkpt>
      <trkpt lat="50.537643" lon="8.752502">
        <ele>222.923935</ele>
        <time>2026-07-22T22:48:29.284Z</time>
      </trkpt>
      <trkpt lat="50.537639" lon="8.751800">
        <ele>222.515196</ele>
        <time>2026-07-22T22:48:34.805Z</time>
      </trkpt>
      <trkpt lat="50.537650" lon="8.751437">
        <ele>222.350375</ele>
        <time>2026-07-22T22:48:37.961Z</time>
      </trkpt>
      <trkpt lat="50.537717" lon="8.750684">
        <ele>221.362838</ele>
        <time>2026-07-22T22:48:43.186Z</time>
      </trkpt>
      <trkpt lat="50.537779" lon="8.749915">
        <ele>220.133811</ele>
        <time>2026-07-22T22:48:48.222Z</time>
      </trkpt>
      <trkpt lat="50.537669" lon="8.749866">
        <ele>220.135592</ele>
        <time>2026-07-22T22:48:50.930Z</time>
      </trkpt>
      <trkpt lat="50.537498" lon="8.749760">
        <ele>220.035663</ele>
        <time>2026-07-22T22:48:54.402Z</time>
      </trkpt>
      <trkpt lat="50.537294" lon="8.749502">
        <ele>219.376447</ele>
        <time>2026-07-22T22:48:56.962Z</time>
      </trkpt>
      <trkpt lat="50.537205" lon="8.749059">
        <ele>218.698725</ele>
        <time>2026-07-22T22:49:00.209Z</time>
      </trkpt>
      <trkpt lat="50.537171" lon="8.748722">
        <ele>218.342147</ele>
        <time>2026-07-22T22:49:02.577Z</time>
      </trkpt>
      <trkpt lat="50.537227" lon="8.748448">
        <ele>218.569070</ele>
        <time>2026-07-22T22:49:06.308Z</time>
      </trkpt>
      <trkpt lat="50.537401" lon="8.747900">
        <ele>219.739489</ele>
        <time>2026-07-22T22:49:17.082Z</time>
      </trkpt>
      <trkpt lat="50.537600" lon="8.747517">
        <ele>220.825573</ele>
        <time>2026-07-22T22:49:26.315Z</time>
      </trkpt>
      <trkpt lat="50.537697" lon="8.747329">
        <ele>221.119322</ele>
        <time>2026-07-22T22:49:29.493Z</time>
      </trkpt>
      <trkpt lat="50.537877" lon="8.746991">
        <ele>221.622619</ele>
        <time>2026-07-22T22:49:36.060Z</time>
      </trkpt>
      <trkpt lat="50.537926" lon="8.746905">
        <ele>221.542633</ele>
        <time>2026-07-22T22:49:37.027Z</time>
      </trkpt>
      <trkpt lat="50.537980" lon="8.746890">
        <ele>221.458020</ele>
        <time>2026-07-22T22:49:38.761Z</time>
      </trkpt>
      <trkpt lat="50.538235" lon="8.746302">
        <ele>220.396112</ele>
        <time>2026-07-22T22:49:43.436Z</time>
      </trkpt>
      <trkpt lat="50.538535" lon="8.745321">
        <ele>219.526943</ele>
        <time>2026-07-22T22:49:51.764Z</time>
      </trkpt>
      <trkpt lat="50.538639" lon="8.744872">
        <ele>219.395860</ele>
        <time>2026-07-22T22:49:55.752Z</time>
      </trkpt>
      <trkpt lat="50.538648" lon="8.744356">
        <ele>220.091922</ele>
        <time>2026-07-22T22:50:03.817Z</time>
      </trkpt>
      <trkpt lat="50.538385" lon="8.742661">
        <ele>222.651417</ele>
        <time>2026-07-22T22:50:30.527Z</time>
      </trkpt>
      <trkpt lat="50.538337" lon="8.742515">
        <ele>222.834524</ele>
        <time>2026-07-22T22:50:32.747Z</time>
      </trkpt>
      <trkpt lat="50.538306" lon="8.742217">
        <ele>222.870980</ele>
        <time>2026-07-22T22:50:35.958Z</time>
      </trkpt>
      <trkpt lat="50.538483" lon="8.741077">
        <ele>221.536567</ele>
        <time>2026-07-22T22:50:44.249Z</time>
      </trkpt>
      <trkpt lat="50.538667" lon="8.739920">
        <ele>218.712137</ele>
        <time>2026-07-22T22:50:51.653Z</time>
      </trkpt>
      <trkpt lat="50.538864" lon="8.738867">
        <ele>217.770260</ele>
        <time>2026-07-22T22:51:00.050Z</time>
      </trkpt>
      <trkpt lat="50.538913" lon="8.738360">
        <ele>217.273972</ele>
        <time>2026-07-22T22:51:03.880Z</time>
      </trkpt>
      <trkpt lat="50.538916" lon="8.737531">
        <ele>216.031421</ele>
        <time>2026-07-22T22:51:09.499Z</time>
      </trkpt>
      <trkpt lat="50.538867" lon="8.737027">
        <ele>214.863588</ele>
        <time>2026-07-22T22:51:12.687Z</time>
      </trkpt>
      <trkpt lat="50.538723" lon="8.736168">
        <ele>212.462110</ele>
        <time>2026-07-22T22:51:18.120Z</time>
      </trkpt>
      <trkpt lat="50.538639" lon="8.735510">
        <ele>211.248744</ele>
        <time>2026-07-22T22:51:22.474Z</time>
      </trkpt>
      <trkpt lat="50.538603" lon="8.734677">
        <ele>211.532355</ele>
        <time>2026-07-22T22:51:32.334Z</time>
      </trkpt>
      <trkpt lat="50.538534" lon="8.733242">
        <ele>211.760225</ele>
        <time>2026-07-22T22:51:46.760Z</time>
      </trkpt>
      <trkpt lat="50.538498" lon="8.732605">
        <ele>211.564481</ele>
        <time>2026-07-22T22:51:52.125Z</time>
      </trkpt>
      <trkpt lat="50.538513" lon="8.732452">
        <ele>211.476377</ele>
        <time>2026-07-22T22:51:53.276Z</time>
      </trkpt>
      <trkpt lat="50.538562" lon="8.732306">
        <ele>211.473021</ele>
        <time>2026-07-22T22:51:54.718Z</time>
      </trkpt>
      <trkpt lat="50.538496" lon="8.732196">
        <ele>211.541243</ele>
        <time>2026-07-22T22:51:57.415Z</time>
      </trkpt>
      <trkpt lat="50.538439" lon="8.732116">
        <ele>211.583395</ele>
        <time>2026-07-22T22:51:59.450Z</time>
      </trkpt>
      <trkpt lat="50.538490" lon="8.731747">
        <ele>211.045121</ele>
        <time>2026-07-22T22:52:03.061Z</time>
      </trkpt>
      <trkpt lat="50.538533" lon="8.731607">
        <ele>210.769709</ele>
        <time>2026-07-22T22:52:04.412Z</time>
      </trkpt>
      <trkpt lat="50.538595" lon="8.731570">
        <ele>210.584910</ele>
        <time>2026-07-22T22:52:05.369Z</time>
      </trkpt>
      <trkpt lat="50.538389" lon="8.730528">
        <ele>210.954770</ele>
        <time>2026-07-22T22:52:17.793Z</time>
      </trkpt>
      <trkpt lat="50.538215" lon="8.729295">
        <ele>212.682311</ele>
        <time>2026-07-22T22:52:36.826Z</time>
      </trkpt>
      <trkpt lat="50.538149" lon="8.728733">
        <ele>213.417331</ele>
        <time>2026-07-22T22:52:44.815Z</time>
      </trkpt>
      <trkpt lat="50.538050" lon="8.727691">
        <ele>214.983278</ele>
        <time>2026-07-22T22:53:01.223Z</time>
      </trkpt>
      <trkpt lat="50.537942" lon="8.726879">
        <ele>215.820348</ele>
        <time>2026-07-22T22:53:13.016Z</time>
      </trkpt>
      <trkpt lat="50.537795" lon="8.725989">
        <ele>215.660874</ele>
        <time>2026-07-22T22:53:20.828Z</time>
      </trkpt>
      <trkpt lat="50.537507" lon="8.724695">
        <ele>214.168363</ele>
        <time>2026-07-22T22:53:30.579Z</time>
      </trkpt>
      <trkpt lat="50.537433" lon="8.724365">
        <ele>214.068489</ele>
        <time>2026-07-22T22:53:33.786Z</time>
      </trkpt>
      <trkpt lat="50.537275" lon="8.723733">
        <ele>213.669106</ele>
        <time>2026-07-22T22:53:39.090Z</time>
      </trkpt>
      <trkpt lat="50.537160" lon="8.723391">
        <ele>213.279333</ele>
        <time>2026-07-22T22:53:41.865Z</time>
      </trkpt>
      <trkpt lat="50.536999" lon="8.723036">
        <ele>212.663992</ele>
        <time>2026-07-22T22:53:44.880Z</time>
      </trkpt>
      <trkpt lat="50.536826" lon="8.722734">
        <ele>211.885838</ele>
        <time>2026-07-22T22:53:47.524Z</time>
      </trkpt>
      <trkpt lat="50.536416" lon="8.722047">
        <ele>209.964047</ele>
        <time>2026-07-22T22:53:53.524Z</time>
      </trkpt>
      <trkpt lat="50.535736" lon="8.720910">
        <ele>208.671871</ele>
        <time>2026-07-22T22:54:05.157Z</time>
      </trkpt>
      <trkpt lat="50.535384" lon="8.720297">
        <ele>209.280578</ele>
        <time>2026-07-22T22:54:15.307Z</time>
      </trkpt>
      <trkpt lat="50.535269" lon="8.720014">
        <ele>209.919646</ele>
        <time>2026-07-22T22:54:22.234Z</time>
      </trkpt>
      <trkpt lat="50.535251" lon="8.719946">
        <ele>210.075446</ele>
        <time>2026-07-22T22:54:23.413Z</time>
      </trkpt>
      <trkpt lat="50.535100" lon="8.719387">
        <ele>210.267474</ele>
        <time>2026-07-22T22:54:29.842Z</time>
      </trkpt>
      <trkpt lat="50.534986" lon="8.718825">
        <ele>209.627588</ele>
        <time>2026-07-22T22:54:34.042Z</time>
      </trkpt>
      <trkpt lat="50.534834" lon="8.718084">
        <ele>208.076038</ele>
        <time>2026-07-22T22:54:38.998Z</time>
      </trkpt>
      <trkpt lat="50.534610" lon="8.717184">
        <ele>206.528075</ele>
        <time>2026-07-22T22:54:45.504Z</time>
      </trkpt>
      <trkpt lat="50.534599" lon="8.717145">
        <ele>206.484152</ele>
        <time>2026-07-22T22:54:45.807Z</time>
      </trkpt>
      <trkpt lat="50.534429" lon="8.716479">
        <ele>205.790302</ele>
        <time>2026-07-22T22:54:51.288Z</time>
      </trkpt>
      <trkpt lat="50.534273" lon="8.715898">
        <ele>204.539019</ele>
        <time>2026-07-22T22:54:55.327Z</time>
      </trkpt>
      <trkpt lat="50.534175" lon="8.715411">
        <ele>203.100180</ele>
        <time>2026-07-22T22:54:58.401Z</time>
      </trkpt>
      <trkpt lat="50.534104" lon="8.714922">
        <ele>201.978760</ele>
        <time>2026-07-22T22:55:01.616Z</time>
      </trkpt>
      <trkpt lat="50.534052" lon="8.714602">
        <ele>201.235732</ele>
        <time>2026-07-22T22:55:03.693Z</time>
      </trkpt>
      <trkpt lat="50.534012" lon="8.714328">
        <ele>200.704463</ele>
        <time>2026-07-22T22:55:05.562Z</time>
      </trkpt>
      <trkpt lat="50.533926" lon="8.713729">
        <ele>199.644144</ele>
        <time>2026-07-22T22:55:09.613Z</time>
      </trkpt>
      <trkpt lat="50.533890" lon="8.713424">
        <ele>199.217659</ele>
        <time>2026-07-22T22:55:11.730Z</time>
      </trkpt>
      <trkpt lat="50.533718" lon="8.711932">
        <ele>197.586560</ele>
        <time>2026-07-22T22:55:22.613Z</time>
      </trkpt>
      <trkpt lat="50.533604" lon="8.711121">
        <ele>197.394131</ele>
        <time>2026-07-22T22:55:29.993Z</time>
      </trkpt>
      <trkpt lat="50.533335" lon="8.709898">
        <ele>197.227474</ele>
        <time>2026-07-22T22:55:41.162Z</time>
      </trkpt>
      <trkpt lat="50.533178" lon="8.709306">
        <ele>197.942752</ele>
        <time>2026-07-22T22:55:50.552Z</time>
      </trkpt>
      <trkpt lat="50.533114" lon="8.709048">
        <ele>198.300721</ele>
        <time>2026-07-22T22:55:54.844Z</time>
      </trkpt>
      <trkpt lat="50.533101" lon="8.708852">
        <ele>198.406195</ele>
        <time>2026-07-22T22:55:57.508Z</time>
      </trkpt>
      <trkpt lat="50.533104" lon="8.706486">
        <ele>195.323257</ele>
        <time>2026-07-22T22:56:13.909Z</time>
      </trkpt>
      <trkpt lat="50.533039" lon="8.705195">
        <ele>192.919154</ele>
        <time>2026-07-22T22:56:22.305Z</time>
      </trkpt>
      <trkpt lat="50.532939" lon="8.703658">
        <ele>190.383643</ele>
        <time>2026-07-22T22:56:32.639Z</time>
      </trkpt>
      <trkpt lat="50.533018" lon="8.703576">
        <ele>190.128036</ele>
        <time>2026-07-22T22:56:33.600Z</time>
      </trkpt>
      <trkpt lat="50.533033" lon="8.703477">
        <ele>190.037396</ele>
        <time>2026-07-22T22:56:34.289Z</time>
      </trkpt>
      <trkpt lat="50.532981" lon="8.703345">
        <ele>189.981003</ele>
        <time>2026-07-22T22:56:35.645Z</time>
      </trkpt>
      <trkpt lat="50.532916" lon="8.703322">
        <ele>189.942941</ele>
        <time>2026-07-22T22:56:36.874Z</time>
      </trkpt>
      <trkpt lat="50.532908" lon="8.703194">
        <ele>189.879111</ele>
        <time>2026-07-22T22:56:38.276Z</time>
      </trkpt>
      <trkpt lat="50.532846" lon="8.703193">
        <ele>189.826491</ele>
        <time>2026-07-22T22:56:39.063Z</time>
      </trkpt>
      <trkpt lat="50.532822" lon="8.702894">
        <ele>189.548600</ele>
        <time>2026-07-22T22:56:41.172Z</time>
      </trkpt>
      <trkpt lat="50.532796" lon="8.702582">
        <ele>189.091753</ele>
        <time>2026-07-22T22:56:43.300Z</time>
      </trkpt>
      <trkpt lat="50.532711" lon="8.702007">
        <ele>188.183623</ele>
        <time>2026-07-22T22:56:47.261Z</time>
      </trkpt>
      <trkpt lat="50.532678" lon="8.701948">
        <ele>188.130155</ele>
        <time>2026-07-22T22:56:47.927Z</time>
      </trkpt>
      <trkpt lat="50.532630" lon="8.701958">
        <ele>188.090756</ele>
        <time>2026-07-22T22:56:51.742Z</time>
      </trkpt>
      <trkpt lat="50.532607" lon="8.701914">
        <ele>188.061291</ele>
        <time>2026-07-22T22:56:52.287Z</time>
      </trkpt>
      <trkpt lat="50.532550" lon="8.701531">
        <ele>187.696626</ele>
        <time>2026-07-22T22:56:55.214Z</time>
      </trkpt>
      <trkpt lat="50.532425" lon="8.700215">
        <ele>185.126696</ele>
        <time>2026-07-22T22:57:03.816Z</time>
      </trkpt>
      <trkpt lat="50.532353" lon="8.699449">
        <ele>183.749682</ele>
        <time>2026-07-22T22:57:08.908Z</time>
      </trkpt>
      <trkpt lat="50.532067" lon="8.696537">
        <ele>180.151780</ele>
        <time>2026-07-22T22:57:29.606Z</time>
      </trkpt>
      <trkpt lat="50.531786" lon="8.694521">
        <ele>179.780196</ele>
        <time>2026-07-22T22:57:47.632Z</time>
      </trkpt>
      <trkpt lat="50.531540" lon="8.692759">
        <ele>181.390158</ele>
        <time>2026-07-22T22:58:11.546Z</time>
      </trkpt>
      <trkpt lat="50.531288" lon="8.690996">
        <ele>182.718196</ele>
        <time>2026-07-22T22:58:33.932Z</time>
      </trkpt>
      <trkpt lat="50.531135" lon="8.690087">
        <ele>181.765784</ele>
        <time>2026-07-22T22:58:40.727Z</time>
      </trkpt>
      <trkpt lat="50.530885" lon="8.689225">
        <ele>180.422621</ele>
        <time>2026-07-22T22:58:47.164Z</time>
      </trkpt>
      <trkpt lat="50.530642" lon="8.688680">
        <ele>179.645560</ele>
        <time>2026-07-22T22:58:51.846Z</time>
      </trkpt>
      <trkpt lat="50.530593" lon="8.688591">
        <ele>179.566224</ele>
        <time>2026-07-22T22:58:52.776Z</time>
      </trkpt>
      <trkpt lat="50.530109" lon="8.687719">
        <ele>179.217276</ele>
        <time>2026-07-22T22:59:02.817Z</time>
      </trkpt>
      <trkpt lat="50.530019" lon="8.687508">
        <ele>179.239085</ele>
        <time>2026-07-22T22:59:05.226Z</time>
      </trkpt>
      <trkpt lat="50.529956" lon="8.687282">
        <ele>179.314157</ele>
        <time>2026-07-22T22:59:07.911Z</time>
      </trkpt>
      <trkpt lat="50.529819" lon="8.686647">
        <ele>179.701695</ele>
        <time>2026-07-22T22:59:15.731Z</time>
      </trkpt>
      <trkpt lat="50.529782" lon="8.686478">
        <ele>179.817906</ele>
        <time>2026-07-22T22:59:17.872Z</time>
      </trkpt>
      <trkpt lat="50.529686" lon="8.685470">
        <ele>180.441543</ele>
        <time>2026-07-22T22:59:30.507Z</time>
      </trkpt>
      <trkpt lat="50.529556" lon="8.684199">
        <ele>179.303010</ele>
        <time>2026-07-22T22:59:39.814Z</time>
      </trkpt>
      <trkpt lat="50.529606" lon="8.684187">
        <ele>179.232526</ele>
        <time>2026-07-22T22:59:40.398Z</time>
      </trkpt>
      <trkpt lat="50.529595" lon="8.684073">
        <ele>179.130382</ele>
        <time>2026-07-22T22:59:41.261Z</time>
      </trkpt>
      <trkpt lat="50.529640" lon="8.684023">
        <ele>179.053608</ele>
        <time>2026-07-22T22:59:41.948Z</time>
      </trkpt>
      <trkpt lat="50.529652" lon="8.683938">
        <ele>179.041301</ele>
        <time>2026-07-22T22:59:42.684Z</time>
      </trkpt>
      <trkpt lat="50.529623" lon="8.683861">
        <ele>179.042219</ele>
        <time>2026-07-22T22:59:43.505Z</time>
      </trkpt>
      <trkpt lat="50.529569" lon="8.683836">
        <ele>179.043128</ele>
        <time>2026-07-22T22:59:44.389Z</time>
      </trkpt>
      <trkpt lat="50.529462" lon="8.682846">
        <ele>179.415199</ele>
        <time>2026-07-22T22:59:55.268Z</time>
      </trkpt>
      <trkpt lat="50.529274" lon="8.681121">
        <ele>180.201693</ele>
        <time>2026-07-22T23:00:16.076Z</time>
      </trkpt>
      <trkpt lat="50.529102" lon="8.680005">
        <ele>179.518680</ele>
        <time>2026-07-22T23:00:24.737Z</time>
      </trkpt>
      <trkpt lat="50.528802" lon="8.678007">
        <ele>178.361729</ele>
        <time>2026-07-22T23:00:40.938Z</time>
      </trkpt>
      <trkpt lat="50.528613" lon="8.677239">
        <ele>177.622819</ele>
        <time>2026-07-22T23:00:46.994Z</time>
      </trkpt>
      <trkpt lat="50.528616" lon="8.676902">
        <ele>177.381655</ele>
        <time>2026-07-22T23:00:49.628Z</time>
      </trkpt>
      <trkpt lat="50.528671" lon="8.676696">
        <ele>177.212851</ele>
        <time>2026-07-22T23:00:51.227Z</time>
      </trkpt>
      <trkpt lat="50.528631" lon="8.676619">
        <ele>177.135229</ele>
        <time>2026-07-22T23:00:51.969Z</time>
      </trkpt>
      <trkpt lat="50.528517" lon="8.676220">
        <ele>176.908825</ele>
        <time>2026-07-22T23:00:55.609Z</time>
      </trkpt>
      <trkpt lat="50.528274" lon="8.675593">
        <ele>176.699619</ele>
        <time>2026-07-22T23:01:01.875Z</time>
      </trkpt>
      <trkpt lat="50.527952" lon="8.673506">
        <ele>176.061800</ele>
        <time>2026-07-22T23:01:20.219Z</time>
      </trkpt>
      <trkpt lat="50.527950" lon="8.673427">
        <ele>175.969890</ele>
        <time>2026-07-22T23:01:20.822Z</time>
      </trkpt>
      <trkpt lat="50.527690" lon="8.672503">
        <ele>174.818796</ele>
        <time>2026-07-22T23:01:27.786Z</time>
      </trkpt>
      <trkpt lat="50.527538" lon="8.671900">
        <ele>175.006622</ele>
        <time>2026-07-22T23:01:34.801Z</time>
      </trkpt>
      <trkpt lat="50.527293" lon="8.670803">
        <ele>177.654501</ele>
        <time>2026-07-22T23:01:56.728Z</time>
      </trkpt>
      <trkpt lat="50.527190" lon="8.670231">
        <ele>178.786768</ele>
        <time>2026-07-22T23:02:06.770Z</time>
      </trkpt>
      <trkpt lat="50.527047" lon="8.669363">
        <ele>180.232019</ele>
        <time>2026-07-22T23:02:21.053Z</time>
      </trkpt>
      <trkpt lat="50.526904" lon="8.668190">
        <ele>182.395256</ele>
        <time>2026-07-22T23:02:41.244Z</time>
      </trkpt>
      <trkpt lat="50.526893" lon="8.668069">
        <ele>182.532009</ele>
        <time>2026-07-22T23:02:42.674Z</time>
      </trkpt>
      <trkpt lat="50.526945" lon="8.668002">
        <ele>182.635480</ele>
        <time>2026-07-22T23:02:43.752Z</time>
      </trkpt>
      <trkpt lat="50.526955" lon="8.667899">
        <ele>182.737443</ele>
        <time>2026-07-22T23:02:45.140Z</time>
      </trkpt>
      <trkpt lat="50.526920" lon="8.667811">
        <ele>182.929033</ele>
        <time>2026-07-22T23:02:47.117Z</time>
      </trkpt>
      <trkpt lat="50.526855" lon="8.667780">
        <ele>183.208676</ele>
        <time>2026-07-22T23:02:49.491Z</time>
      </trkpt>
      <trkpt lat="50.526852" lon="8.667673">
        <ele>183.489003</ele>
        <time>2026-07-22T23:02:51.751Z</time>
      </trkpt>
      <trkpt lat="50.526798" lon="8.667120">
        <ele>184.491511</ele>
        <time>2026-07-22T23:03:00.835Z</time>
      </trkpt>
      <trkpt lat="50.526788" lon="8.667047">
        <ele>184.607132</ele>
        <time>2026-07-22T23:03:01.946Z</time>
      </trkpt>
      <trkpt lat="50.526715" lon="8.666558">
        <ele>185.398058</ele>
        <time>2026-07-22T23:03:09.793Z</time>
      </trkpt>
      <trkpt lat="50.526277" lon="8.663609">
        <ele>190.007389</ele>
        <time>2026-07-22T23:03:57.286Z</time>
      </trkpt>
      <trkpt lat="50.526221" lon="8.663016">
        <ele>190.447190</ele>
        <time>2026-07-22T23:04:04.210Z</time>
      </trkpt>
      <trkpt lat="50.526176" lon="8.662236">
        <ele>191.278690</ele>
        <time>2026-07-22T23:04:15.022Z</time>
      </trkpt>
      <trkpt lat="50.526164" lon="8.661906">
        <ele>191.588671</ele>
        <time>2026-07-22T23:04:19.507Z</time>
      </trkpt>
      <trkpt lat="50.526196" lon="8.661658">
        <ele>191.795004</ele>
        <time>2026-07-22T23:04:22.365Z</time>
      </trkpt>
      <trkpt lat="50.526200" lon="8.661508">
        <ele>191.907431</ele>
        <time>2026-07-22T23:04:24.264Z</time>
      </trkpt>
      <trkpt lat="50.526249" lon="8.661451">
        <ele>191.979219</ele>
        <time>2026-07-22T23:04:25.527Z</time>
      </trkpt>
      <trkpt lat="50.526271" lon="8.661308">
        <ele>192.060685</ele>
        <time>2026-07-22T23:04:27.258Z</time>
      </trkpt>
      <trkpt lat="50.526230" lon="8.661205">
        <ele>192.104291</ele>
        <time>2026-07-22T23:04:28.618Z</time>
      </trkpt>
      <trkpt lat="50.526177" lon="8.661170">
        <ele>192.136735</ele>
        <time>2026-07-22T23:04:29.602Z</time>
      </trkpt>
      <trkpt lat="50.526178" lon="8.661014">
        <ele>192.253391</ele>
        <time>2026-07-22T23:04:31.430Z</time>
      </trkpt>
      <trkpt lat="50.526179" lon="8.660454">
        <ele>192.853918</ele>
        <time>2026-07-22T23:04:39.298Z</time>
      </trkpt>
      <trkpt lat="50.526186" lon="8.660401">
        <ele>192.913105</ele>
        <time>2026-07-22T23:04:40.061Z</time>
      </trkpt>
      <trkpt lat="50.526284" lon="8.658891">
        <ele>194.330739</ele>
        <time>2026-07-22T23:04:59.714Z</time>
      </trkpt>
      <trkpt lat="50.526400" lon="8.657196">
        <ele>196.386103</ele>
        <time>2026-07-22T23:05:24.490Z</time>
      </trkpt>
      <trkpt lat="50.526449" lon="8.657179">
        <ele>196.449463</ele>
        <time>2026-07-22T23:05:25.492Z</time>
      </trkpt>
      <trkpt lat="50.526473" lon="8.657108">
        <ele>196.514013</ele>
        <time>2026-07-22T23:05:26.441Z</time>
      </trkpt>
      <trkpt lat="50.526454" lon="8.657035">
        <ele>196.577333</ele>
        <time>2026-07-22T23:05:27.342Z</time>
      </trkpt>
      <trkpt lat="50.526418" lon="8.657009">
        <ele>196.627353</ele>
        <time>2026-07-22T23:05:28.084Z</time>
      </trkpt>
      <trkpt lat="50.526468" lon="8.656130">
        <ele>197.153170</ele>
        <time>2026-07-22T23:05:39.246Z</time>
      </trkpt>
      <trkpt lat="50.526521" lon="8.655456">
        <ele>196.658519</ele>
        <time>2026-07-22T23:05:44.197Z</time>
      </trkpt>
      <trkpt lat="50.526525" lon="8.655405">
        <ele>196.597924</ele>
        <time>2026-07-22T23:05:44.561Z</time>
      </trkpt>
      <trkpt lat="50.526626" lon="8.654927">
        <ele>196.022940</ele>
        <time>2026-07-22T23:05:48.113Z</time>
      </trkpt>
      <trkpt lat="50.526712" lon="8.654701">
        <ele>195.769654</ele>
        <time>2026-07-22T23:05:50.121Z</time>
      </trkpt>
      <trkpt lat="50.526878" lon="8.654372">
        <ele>195.278697</ele>
        <time>2026-07-22T23:05:53.069Z</time>
      </trkpt>
      <trkpt lat="50.527206" lon="8.653971">
        <ele>194.378522</ele>
        <time>2026-07-22T23:05:57.481Z</time>
      </trkpt>
      <trkpt lat="50.527293" lon="8.653911">
        <ele>194.253109</ele>
        <time>2026-07-22T23:05:58.589Z</time>
      </trkpt>
      <trkpt lat="50.527454" lon="8.653800">
        <ele>194.244613</ele>
        <time>2026-07-22T23:06:01.430Z</time>
      </trkpt>
      <trkpt lat="50.527885" lon="8.653683">
        <ele>194.633306</ele>
        <time>2026-07-22T23:06:09.890Z</time>
      </trkpt>
      <trkpt lat="50.529319" lon="8.653253">
        <ele>193.872916</ele>
        <time>2026-07-22T23:06:29.084Z</time>
      </trkpt>
      <trkpt lat="50.530065" lon="8.653029">
        <ele>193.180167</ele>
        <time>2026-07-22T23:06:38.355Z</time>
      </trkpt>
      <trkpt lat="50.530156" lon="8.652998">
        <ele>193.022294</ele>
        <time>2026-07-22T23:06:39.475Z</time>
      </trkpt>
      <trkpt lat="50.530232" lon="8.652930">
        <ele>192.770420</ele>
        <time>2026-07-22T23:06:40.425Z</time>
      </trkpt>
      <trkpt lat="50.531444" lon="8.651168">
        <ele>186.168765</ele>
        <time>2026-07-22T23:06:56.469Z</time>
      </trkpt>
      <trkpt lat="50.531605" lon="8.650944">
        <ele>185.640563</ele>
        <time>2026-07-22T23:06:58.766Z</time>
      </trkpt>
      <trkpt lat="50.531850" lon="8.650757">
        <ele>185.199042</ele>
        <time>2026-07-22T23:07:01.907Z</time>
      </trkpt>
      <trkpt lat="50.532596" lon="8.650298">
        <ele>183.870936</ele>
        <time>2026-07-22T23:07:11.162Z</time>
      </trkpt>
      <trkpt lat="50.532602" lon="8.650294">
        <ele>183.855002</ele>
        <time>2026-07-22T23:07:11.229Z</time>
      </trkpt>
      <trkpt lat="50.532715" lon="8.650150">
        <ele>183.431094</ele>
        <time>2026-07-22T23:07:12.660Z</time>
      </trkpt>
      <trkpt lat="50.532757" lon="8.649976">
        <ele>183.014269</ele>
        <time>2026-07-22T23:07:13.801Z</time>
      </trkpt>
      <trkpt lat="50.532569" lon="8.649895">
        <ele>182.607196</ele>
        <time>2026-07-22T23:07:16.094Z</time>
      </trkpt>
      <trkpt lat="50.531992" lon="8.649486">
        <ele>181.563581</ele>
        <time>2026-07-22T23:07:23.278Z</time>
      </trkpt>
      <trkpt lat="50.531829" lon="8.649344">
        <ele>181.071570</ele>
        <time>2026-07-22T23:07:25.259Z</time>
      </trkpt>
      <trkpt lat="50.531719" lon="8.649184">
        <ele>180.500949</ele>
        <time>2026-07-22T23:07:26.705Z</time>
      </trkpt>
      <trkpt lat="50.531397" lon="8.648615">
        <ele>178.235141</ele>
        <time>2026-07-22T23:07:31.350Z</time>
      </trkpt>
      <trkpt lat="50.531129" lon="8.648247">
        <ele>176.242288</ele>
        <time>2026-07-22T23:07:34.591Z</time>
      </trkpt>
      <trkpt lat="50.530679" lon="8.647758">
        <ele>174.176517</ele>
        <time>2026-07-22T23:07:40.105Z</time>
      </trkpt>
      <trkpt lat="50.530327" lon="8.647536">
        <ele>171.995873</ele>
        <time>2026-07-22T23:07:43.563Z</time>
      </trkpt>
      <trkpt lat="50.530153" lon="8.647504">
        <ele>171.284145</ele>
        <time>2026-07-22T23:07:45.249Z</time>
      </trkpt>
      <trkpt lat="50.529889" lon="8.647510">
        <ele>170.712763</ele>
        <time>2026-07-22T23:07:48.073Z</time>
      </trkpt>
      <trkpt lat="50.529655" lon="8.647555">
        <ele>170.846589</ele>
        <time>2026-07-22T23:07:53.346Z</time>
      </trkpt>
      <trkpt lat="50.529614" lon="8.647568">
        <ele>170.865780</ele>
        <time>2026-07-22T23:07:53.980Z</time>
      </trkpt>
      <trkpt lat="50.529578" lon="8.647033">
        <ele>169.854980</ele>
        <time>2026-07-22T23:07:57.409Z</time>
      </trkpt>
      <trkpt lat="50.529575" lon="8.646472">
        <ele>168.931764</ele>
        <time>2026-07-22T23:08:01.157Z</time>
      </trkpt>
      <trkpt lat="50.529609" lon="8.646236">
        <ele>168.660518</ele>
        <time>2026-07-22T23:08:02.874Z</time>
      </trkpt>
      <trkpt lat="50.529717" lon="8.645775">
        <ele>168.353209</ele>
        <time>2026-07-22T23:08:06.786Z</time>
      </trkpt>
      <trkpt lat="50.530249" lon="8.643858">
        <ele>166.458259</ele>
        <time>2026-07-22T23:08:22.186Z</time>
      </trkpt>
      <trkpt lat="50.530331" lon="8.643500">
        <ele>166.426748</ele>
        <time>2026-07-22T23:08:25.633Z</time>
      </trkpt>
      <trkpt lat="50.530365" lon="8.643217">
        <ele>166.514986</ele>
        <time>2026-07-22T23:08:28.839Z</time>
      </trkpt>
      <trkpt lat="50.530386" lon="8.642475">
        <ele>167.003388</ele>
        <time>2026-07-22T23:08:37.688Z</time>
      </trkpt>
      <trkpt lat="50.530332" lon="8.641796">
        <ele>167.518831</ele>
        <time>2026-07-22T23:08:46.087Z</time>
      </trkpt>
      <trkpt lat="50.530283" lon="8.641350">
        <ele>167.966897</ele>
        <time>2026-07-22T23:08:52.259Z</time>
      </trkpt>
      <trkpt lat="50.530148" lon="8.640115">
        <ele>169.007808</ele>
        <time>2026-07-22T23:09:08.448Z</time>
      </trkpt>
      <trkpt lat="50.530058" lon="8.639594">
        <ele>169.523283</ele>
        <time>2026-07-22T23:09:15.236Z</time>
      </trkpt>
      <trkpt lat="50.529948" lon="8.639214">
        <ele>170.007327</ele>
        <time>2026-07-22T23:09:21.166Z</time>
      </trkpt>
      <trkpt lat="50.529843" lon="8.638950">
        <ele>170.304462</ele>
        <time>2026-07-22T23:09:25.704Z</time>
      </trkpt>
      <trkpt lat="50.529789" lon="8.638832">
        <ele>170.405784</ele>
        <time>2026-07-22T23:09:27.260Z</time>
      </trkpt>
      <trkpt lat="50.529635" lon="8.638552">
        <ele>170.717715</ele>
        <time>2026-07-22T23:09:31.609Z</time>
      </trkpt>
      <trkpt lat="50.529455" lon="8.638303">
        <ele>171.614168</ele>
        <time>2026-07-22T23:09:38.920Z</time>
      </trkpt>
      <trkpt lat="50.529236" lon="8.638082">
        <ele>172.812507</ele>
        <time>2026-07-22T23:09:47.607Z</time>
      </trkpt>
      <trkpt lat="50.528996" lon="8.637917">
        <ele>173.960265</ele>
        <time>2026-07-22T23:09:56.980Z</time>
      </trkpt>
      <trkpt lat="50.528888" lon="8.637863">
        <ele>174.307916</ele>
        <time>2026-07-22T23:09:59.774Z</time>
      </trkpt>
      <trkpt lat="50.528423" lon="8.637734">
        <ele>174.976268</ele>
        <time>2026-07-22T23:10:09.033Z</time>
      </trkpt>
      <trkpt lat="50.526942" lon="8.637578">
        <ele>175.856143</ele>
        <time>2026-07-22T23:10:34.638Z</time>
      </trkpt>
      <trkpt lat="50.526369" lon="8.637518">
        <ele>175.843947</ele>
        <time>2026-07-22T23:10:42.750Z</time>
      </trkpt>
      <trkpt lat="50.524585" lon="8.637329">
        <ele>177.668102</ele>
        <time>2026-07-22T23:11:16.943Z</time>
      </trkpt>
      <trkpt lat="50.524361" lon="8.637280">
        <ele>177.670325</ele>
        <time>2026-07-22T23:11:20.247Z</time>
      </trkpt>
      <trkpt lat="50.523967" lon="8.637128">
        <ele>177.238887</ele>
        <time>2026-07-22T23:11:25.196Z</time>
      </trkpt>
      <trkpt lat="50.523510" lon="8.636842">
        <ele>176.094854</ele>
        <time>2026-07-22T23:11:30.445Z</time>
      </trkpt>
      <trkpt lat="50.522811" lon="8.636218">
        <ele>174.072295</ele>
        <time>2026-07-22T23:11:38.891Z</time>
      </trkpt>
      <trkpt lat="50.522362" lon="8.635746">
        <ele>173.322564</ele>
        <time>2026-07-22T23:11:45.169Z</time>
      </trkpt>
      <trkpt lat="50.522070" lon="8.635336">
        <ele>173.139281</ele>
        <time>2026-07-22T23:11:50.419Z</time>
      </trkpt>
      <trkpt lat="50.522047" lon="8.635300">
        <ele>173.130432</ele>
        <time>2026-07-22T23:11:50.909Z</time>
      </trkpt>
      <trkpt lat="50.521990" lon="8.635211">
        <ele>173.186726</ele>
        <time>2026-07-22T23:11:52.262Z</time>
      </trkpt>
      <trkpt lat="50.521964" lon="8.635169">
        <ele>173.231724</ele>
        <time>2026-07-22T23:11:52.974Z</time>
      </trkpt>
      <trkpt lat="50.521775" lon="8.634850">
        <ele>173.614390</ele>
        <time>2026-07-22T23:11:58.786Z</time>
      </trkpt>
      <trkpt lat="50.521410" lon="8.634255">
        <ele>174.517663</ele>
        <time>2026-07-22T23:12:10.002Z</time>
      </trkpt>
      <trkpt lat="50.521153" lon="8.633788">
        <ele>175.286941</ele>
        <time>2026-07-22T23:12:19.475Z</time>
      </trkpt>
      <trkpt lat="50.520908" lon="8.633326">
        <ele>175.595677</ele>
        <time>2026-07-22T23:12:25.294Z</time>
      </trkpt>
      <trkpt lat="50.520573" lon="8.632589">
        <ele>176.900554</ele>
        <time>2026-07-22T23:12:39.940Z</time>
      </trkpt>
      <trkpt lat="50.520486" lon="8.632392">
        <ele>177.275518</ele>
        <time>2026-07-22T23:12:43.732Z</time>
      </trkpt>
      <trkpt lat="50.520196" lon="8.631730">
        <ele>178.370027</ele>
        <time>2026-07-22T23:12:55.712Z</time>
      </trkpt>
      <trkpt lat="50.520153" lon="8.631634">
        <ele>178.459321</ele>
        <time>2026-07-22T23:12:57.295Z</time>
      </trkpt>
      <trkpt lat="50.519697" lon="8.630850">
        <ele>178.946414</ele>
        <time>2026-07-22T23:13:09.355Z</time>
      </trkpt>
      <trkpt lat="50.519231" lon="8.629964">
        <ele>177.992120</ele>
        <time>2026-07-22T23:13:17.696Z</time>
      </trkpt>
      <trkpt lat="50.518714" lon="8.628971">
        <ele>177.899997</ele>
        <time>2026-07-22T23:13:29.820Z</time>
      </trkpt>
      <trkpt lat="50.518475" lon="8.628413">
        <ele>177.914924</ele>
        <time>2026-07-22T23:13:36.251Z</time>
      </trkpt>
      <trkpt lat="50.518370" lon="8.628114">
        <ele>177.997440</ele>
        <time>2026-07-22T23:13:39.712Z</time>
      </trkpt>
      <trkpt lat="50.518181" lon="8.627329">
        <ele>178.197836</ele>
        <time>2026-07-22T23:13:48.689Z</time>
      </trkpt>
      <trkpt lat="50.517866" lon="8.626063">
        <ele>178.576724</ele>
        <time>2026-07-22T23:14:02.366Z</time>
      </trkpt>
      <trkpt lat="50.517947" lon="8.625974">
        <ele>178.742725</ele>
        <time>2026-07-22T23:14:04.546Z</time>
      </trkpt>
      <trkpt lat="50.518036" lon="8.625802">
        <ele>179.090886</ele>
        <time>2026-07-22T23:14:08.264Z</time>
      </trkpt>
      <trkpt lat="50.518160" lon="8.625526">
        <ele>179.776751</ele>
        <time>2026-07-22T23:14:14.449Z</time>
      </trkpt>
      <trkpt lat="50.518543" lon="8.624735">
        <ele>181.557966</ele>
        <time>2026-07-22T23:14:31.216Z</time>
      </trkpt>
      <trkpt lat="50.518686" lon="8.624410">
        <ele>182.063687</ele>
        <time>2026-07-22T23:14:36.422Z</time>
      </trkpt>
      <trkpt lat="50.518777" lon="8.624168">
        <ele>182.559592</ele>
        <time>2026-07-22T23:14:40.920Z</time>
      </trkpt>
      <trkpt lat="50.519141" lon="8.623137">
        <ele>185.919534</ele>
        <time>2026-07-22T23:15:06.390Z</time>
      </trkpt>
      <trkpt lat="50.519890" lon="8.621276">
        <ele>189.276663</ele>
        <time>2026-07-22T23:15:40.109Z</time>
      </trkpt>
      <trkpt lat="50.520062" lon="8.620752">
        <ele>190.011465</ele>
        <time>2026-07-22T23:15:48.660Z</time>
      </trkpt>
      <trkpt lat="50.520315" lon="8.619372">
        <ele>191.931974</ele>
        <time>2026-07-22T23:16:09.760Z</time>
      </trkpt>
      <trkpt lat="50.520386" lon="8.618807">
        <ele>192.908943</ele>
        <time>2026-07-22T23:16:18.947Z</time>
      </trkpt>
      <trkpt lat="50.520423" lon="8.617859">
        <ele>194.708781</ele>
        <time>2026-07-22T23:16:35.214Z</time>
      </trkpt>
      <trkpt lat="50.520501" lon="8.615609">
        <ele>199.179461</ele>
        <time>2026-07-22T23:17:14.453Z</time>
      </trkpt>
      <trkpt lat="50.520590" lon="8.614156">
        <ele>201.498453</ele>
        <time>2026-07-22T23:17:37.500Z</time>
      </trkpt>
      <trkpt lat="50.520767" lon="8.611721">
        <ele>205.315410</ele>
        <time>2026-07-22T23:18:15.606Z</time>
      </trkpt>
      <trkpt lat="50.520790" lon="8.610438">
        <ele>207.691253</ele>
        <time>2026-07-22T23:18:37.456Z</time>
      </trkpt>
      <trkpt lat="50.520928" lon="8.608466">
        <ele>211.183454</ele>
        <time>2026-07-22T23:19:10.073Z</time>
      </trkpt>
      <trkpt lat="50.520955" lon="8.607756">
        <ele>212.276723</ele>
        <time>2026-07-22T23:19:21.109Z</time>
      </trkpt>
      <trkpt lat="50.520967" lon="8.606301">
        <ele>214.185692</ele>
        <time>2026-07-22T23:19:42.700Z</time>
      </trkpt>
      <trkpt lat="50.521017" lon="8.605961">
        <ele>214.522855</ele>
        <time>2026-07-22T23:19:47.408Z</time>
      </trkpt>
      <trkpt lat="50.521285" lon="8.604833">
        <ele>215.164534</ele>
        <time>2026-07-22T23:20:01.260Z</time>
      </trkpt>
      <trkpt lat="50.522019" lon="8.602582">
        <ele>215.177335</ele>
        <time>2026-07-22T23:20:24.916Z</time>
      </trkpt>
      <trkpt lat="50.522286" lon="8.601256">
        <ele>214.626330</ele>
        <time>2026-07-22T23:20:36.283Z</time>
      </trkpt>
      <trkpt lat="50.522562" lon="8.599552">
        <ele>214.609238</ele>
        <time>2026-07-22T23:20:53.124Z</time>
      </trkpt>
      <trkpt lat="50.522943" lon="8.596830">
        <ele>215.003531</ele>
        <time>2026-07-22T23:21:20.839Z</time>
      </trkpt>
      <trkpt lat="50.523187" lon="8.595846">
        <ele>215.180537</ele>
        <time>2026-07-22T23:21:31.451Z</time>
      </trkpt>
      <trkpt lat="50.523654" lon="8.594326">
        <ele>215.081955</ele>
        <time>2026-07-22T23:21:47.160Z</time>
      </trkpt>
      <trkpt lat="50.523677" lon="8.594339">
        <ele>215.075630</ele>
        <time>2026-07-22T23:21:47.450Z</time>
      </trkpt>
      <trkpt lat="50.523774" lon="8.594332">
        <ele>215.060800</ele>
        <time>2026-07-22T23:21:48.635Z</time>
      </trkpt>
      <trkpt lat="50.523861" lon="8.594201">
        <ele>215.248958</ele>
        <time>2026-07-22T23:21:50.875Z</time>
      </trkpt>
      <trkpt lat="50.523859" lon="8.594004">
        <ele>215.455678</ele>
        <time>2026-07-22T23:21:54.276Z</time>
      </trkpt>
      <trkpt lat="50.523765" lon="8.593874">
        <ele>215.703265</ele>
        <time>2026-07-22T23:21:57.560Z</time>
      </trkpt>
      <trkpt lat="50.523647" lon="8.593892">
        <ele>215.844258</ele>
        <time>2026-07-22T23:21:59.702Z</time>
      </trkpt>
      <trkpt lat="50.523580" lon="8.594001">
        <ele>215.836439</ele>
        <time>2026-07-22T23:22:00.980Z</time>
      </trkpt>
      <trkpt lat="50.523031" lon="8.593604">
        <ele>215.316625</ele>
        <time>2026-07-22T23:22:08.649Z</time>
      </trkpt>
      <trkpt lat="50.522545" lon="8.593168">
        <ele>214.146693</ele>
        <time>2026-07-22T23:22:14.723Z</time>
      </trkpt>
      <trkpt lat="50.520977" lon="8.591319">
        <ele>207.474527</ele>
        <time>2026-07-22T23:22:34.410Z</time>
      </trkpt>
      <trkpt lat="50.520764" lon="8.591064">
        <ele>206.349723</ele>
        <time>2026-07-22T23:22:36.896Z</time>
      </trkpt>
      <trkpt lat="50.520722" lon="8.591013">
        <ele>206.134992</ele>
        <time>2026-07-22T23:22:37.444Z</time>
      </trkpt>
      <trkpt lat="50.520323" lon="8.590548">
        <ele>206.112410</ele>
        <time>2026-07-22T23:22:46.347Z</time>
      </trkpt>
      <trkpt lat="50.519149" lon="8.589117">
        <ele>198.583299</ele>
        <time>2026-07-22T23:23:00.262Z</time>
      </trkpt>
      <trkpt lat="50.518703" lon="8.588514">
        <ele>195.614486</ele>
        <time>2026-07-22T23:23:05.718Z</time>
      </trkpt>
      <trkpt lat="50.518366" lon="8.587997">
        <ele>195.320670</ele>
        <time>2026-07-22T23:23:12.910Z</time>
      </trkpt>
      <trkpt lat="50.518096" lon="8.587499">
        <ele>194.756829</ele>
        <time>2026-07-22T23:23:17.933Z</time>
      </trkpt>
      <trkpt lat="50.517982" lon="8.587677">
        <ele>194.253805</ele>
        <time>2026-07-22T23:23:19.489Z</time>
      </trkpt>
      <trkpt lat="50.517935" lon="8.587805">
        <ele>193.813241</ele>
        <time>2026-07-22T23:23:20.368Z</time>
      </trkpt>
      <trkpt lat="50.517886" lon="8.588051">
        <ele>193.251583</ele>
        <time>2026-07-22T23:23:21.921Z</time>
      </trkpt>
      <trkpt lat="50.517823" lon="8.588034">
        <ele>193.265840</ele>
        <time>2026-07-22T23:23:22.642Z</time>
      </trkpt>
      <trkpt lat="50.517886" lon="8.588051">
        <ele>193.280096</ele>
        <time>2026-07-22T23:23:24.034Z</time>
      </trkpt>
      <trkpt lat="50.517935" lon="8.587805">
        <ele>193.806443</ele>
        <time>2026-07-22T23:23:29.599Z</time>
      </trkpt>
      <trkpt lat="50.517982" lon="8.587677">
        <ele>194.249659</ele>
        <time>2026-07-22T23:23:33.020Z</time>
      </trkpt>
      <trkpt lat="50.518096" lon="8.587499">
        <ele>194.788895</ele>
        <time>2026-07-22T23:23:38.081Z</time>
      </trkpt>
      <trkpt lat="50.518122" lon="8.587546">
        <ele>194.913394</ele>
        <time>2026-07-22T23:23:39.035Z</time>
      </trkpt>
      <trkpt lat="50.518096" lon="8.587499">
        <ele>195.037894</ele>
        <time>2026-07-22T23:23:39.877Z</time>
      </trkpt>
      <trkpt lat="50.517667" lon="8.586441">
        <ele>195.685751</ele>
        <time>2026-07-22T23:23:54.366Z</time>
      </trkpt>
      <trkpt lat="50.517483" lon="8.585880">
        <ele>195.930620</ele>
        <time>2026-07-22T23:24:00.990Z</time>
      </trkpt>
      <trkpt lat="50.517458" lon="8.585805">
        <ele>195.976956</ele>
        <time>2026-07-22T23:24:01.956Z</time>
      </trkpt>
      <trkpt lat="50.517407" lon="8.585564">
        <ele>196.099003</ele>
        <time>2026-07-22T23:24:04.998Z</time>
      </trkpt>
      <trkpt lat="50.517393" lon="8.585397">
        <ele>196.160320</ele>
        <time>2026-07-22T23:24:06.908Z</time>
      </trkpt>
      <trkpt lat="50.517426" lon="8.585312">
        <ele>196.195947</ele>
        <time>2026-07-22T23:24:07.936Z</time>
      </trkpt>
      <trkpt lat="50.517417" lon="8.585167">
        <ele>196.235773</ele>
        <time>2026-07-22T23:24:09.237Z</time>
      </trkpt>
      <trkpt lat="50.517350" lon="8.585076">
        <ele>196.273833</ele>
        <time>2026-07-22T23:24:10.678Z</time>
      </trkpt>
      <trkpt lat="50.517280" lon="8.585070">
        <ele>196.365107</ele>
        <time>2026-07-22T23:24:12.054Z</time>
      </trkpt>
      <trkpt lat="50.517221" lon="8.584916">
        <ele>196.640940</ele>
        <time>2026-07-22T23:24:14.901Z</time>
      </trkpt>
      <trkpt lat="50.517168" lon="8.584726">
        <ele>196.936164</ele>
        <time>2026-07-22T23:24:18.244Z</time>
      </trkpt>
      <trkpt lat="50.517124" lon="8.583381">
        <ele>198.589961</ele>
        <time>2026-07-22T23:24:37.342Z</time>
      </trkpt>
      <trkpt lat="50.516998" lon="8.580972">
        <ele>201.079896</ele>
        <time>2026-07-22T23:25:10.089Z</time>
      </trkpt>
      <trkpt lat="50.516994" lon="8.580884">
        <ele>201.214650</ele>
        <time>2026-07-22T23:25:11.631Z</time>
      </trkpt>
      <trkpt lat="50.516993" lon="8.580853">
        <ele>201.270389</ele>
        <time>2026-07-22T23:25:12.217Z</time>
      </trkpt>
      <trkpt lat="50.516979" lon="8.580529">
        <ele>201.796576</ele>
        <time>2026-07-22T23:25:17.853Z</time>
      </trkpt>
      <trkpt lat="50.516973" lon="8.580350">
        <ele>201.901190</ele>
        <time>2026-07-22T23:25:19.564Z</time>
      </trkpt>
      <trkpt lat="50.516953" lon="8.580005">
        <ele>202.186715</ele>
        <time>2026-07-22T23:25:23.618Z</time>
      </trkpt>
      <trkpt lat="50.516920" lon="8.579315">
        <ele>202.998700</ele>
        <time>2026-07-22T23:25:34.572Z</time>
      </trkpt>
      <trkpt lat="50.516900" lon="8.578765">
        <ele>202.972777</ele>
        <time>2026-07-22T23:25:38.776Z</time>
      </trkpt>
      <trkpt lat="50.516750" lon="8.576443">
        <ele>206.817412</ele>
        <time>2026-07-22T23:26:17.076Z</time>
      </trkpt>
      <trkpt lat="50.516572" lon="8.574826">
        <ele>207.976445</ele>
        <time>2026-07-22T23:26:37.031Z</time>
      </trkpt>
      <trkpt lat="50.516273" lon="8.573022">
        <ele>208.943475</ele>
        <time>2026-07-22T23:26:58.244Z</time>
      </trkpt>
      <trkpt lat="50.516102" lon="8.572065">
        <ele>209.967168</ele>
        <time>2026-07-22T23:27:11.588Z</time>
      </trkpt>
      <trkpt lat="50.516073" lon="8.571956">
        <ele>210.134655</ele>
        <time>2026-07-22T23:27:13.491Z</time>
      </trkpt>
      <trkpt lat="50.515958" lon="8.571507">
        <ele>211.081720</ele>
        <time>2026-07-22T23:27:21.600Z</time>
      </trkpt>
      <trkpt lat="50.515769" lon="8.570831">
        <ele>213.147785</ele>
        <time>2026-07-22T23:27:37.686Z</time>
      </trkpt>
      <trkpt lat="50.515571" lon="8.570262">
        <ele>213.871460</ele>
        <time>2026-07-22T23:27:46.783Z</time>
      </trkpt>
      <trkpt lat="50.515185" lon="8.569140">
        <ele>212.716431</ele>
        <time>2026-07-22T23:27:55.882Z</time>
      </trkpt>
      <trkpt lat="50.514823" lon="8.568200">
        <ele>213.211729</ele>
        <time>2026-07-22T23:28:07.605Z</time>
      </trkpt>
      <trkpt lat="50.514001" lon="8.566366">
        <ele>220.737594</ele>
        <time>2026-07-22T23:28:59.758Z</time>
      </trkpt>
      <trkpt lat="50.513217" lon="8.564761">
        <ele>228.432564</ele>
        <time>2026-07-22T23:29:50.887Z</time>
      </trkpt>
      <trkpt lat="50.511871" lon="8.562216">
        <ele>227.232231</ele>
        <time>2026-07-22T23:30:17.896Z</time>
      </trkpt>
      <trkpt lat="50.510683" lon="8.560023">
        <ele>227.265851</ele>
        <time>2026-07-22T23:30:43.940Z</time>
      </trkpt>
      <trkpt lat="50.510250" lon="8.559238">
        <ele>230.118281</ele>
        <time>2026-07-22T23:31:06.935Z</time>
      </trkpt>
      <trkpt lat="50.509736" lon="8.558185">
        <ele>233.292394</ele>
        <time>2026-07-22T23:31:31.947Z</time>
      </trkpt>
      <trkpt lat="50.509526" lon="8.557575">
        <ele>233.671307</ele>
        <time>2026-07-22T23:31:39.989Z</time>
      </trkpt>
      <trkpt lat="50.509370" lon="8.556945">
        <ele>233.736665</ele>
        <time>2026-07-22T23:31:46.028Z</time>
      </trkpt>
      <trkpt lat="50.509293" lon="8.556451">
        <ele>234.807810</ele>
        <time>2026-07-22T23:31:55.976Z</time>
      </trkpt>
      <trkpt lat="50.509221" lon="8.555712">
        <ele>236.199916</ele>
        <time>2026-07-22T23:32:07.982Z</time>
      </trkpt>
      <trkpt lat="50.509176" lon="8.555199">
        <ele>237.242439</ele>
        <time>2026-07-22T23:32:16.464Z</time>
      </trkpt>
      <trkpt lat="50.509126" lon="8.554651">
        <ele>239.702097</ele>
        <time>2026-07-22T23:32:32.437Z</time>
      </trkpt>
      <trkpt lat="50.509012" lon="8.553414">
        <ele>245.597096</ele>
        <time>2026-07-22T23:33:07.700Z</time>
      </trkpt>
      <trkpt lat="50.509000" lon="8.553323">
        <ele>245.978440</ele>
        <time>2026-07-22T23:33:10.638Z</time>
      </trkpt>
      <trkpt lat="50.508943" lon="8.552886">
        <ele>247.620856</ele>
        <time>2026-07-22T23:33:21.178Z</time>
      </trkpt>
      <trkpt lat="50.508774" lon="8.551601">
        <ele>251.331399</ele>
        <time>2026-07-22T23:33:47.757Z</time>
      </trkpt>
      <trkpt lat="50.508714" lon="8.551337">
        <ele>252.296717</ele>
        <time>2026-07-22T23:33:55.558Z</time>
      </trkpt>
      <trkpt lat="50.508654" lon="8.551266">
        <ele>252.450118</ele>
        <time>2026-07-22T23:33:57.480Z</time>
      </trkpt>
      <trkpt lat="50.508449" lon="8.551205">
        <ele>252.947606</ele>
        <time>2026-07-22T23:34:00.614Z</time>
      </trkpt>
      <trkpt lat="50.508318" lon="8.551185">
        <ele>253.331421</ele>
        <time>2026-07-22T23:34:04.735Z</time>
      </trkpt>
      <trkpt lat="50.508236" lon="8.551171">
        <ele>253.736699</ele>
        <time>2026-07-22T23:34:07.808Z</time>
      </trkpt>
      <trkpt lat="50.507946" lon="8.551117">
        <ele>255.191295</ele>
        <time>2026-07-22T23:34:18.294Z</time>
      </trkpt>
      <trkpt lat="50.507805" lon="8.551085">
        <ele>255.777040</ele>
        <time>2026-07-22T23:34:22.499Z</time>
      </trkpt>
      <trkpt lat="50.507678" lon="8.551034">
        <ele>256.197558</ele>
        <time>2026-07-22T23:34:26.188Z</time>
      </trkpt>
      <trkpt lat="50.507271" lon="8.550465">
        <ele>257.769607</ele>
        <time>2026-07-22T23:34:40.881Z</time>
      </trkpt>
      <trkpt lat="50.507062" lon="8.550215">
        <ele>258.037107</ele>
        <time>2026-07-22T23:34:45.131Z</time>
      </trkpt>
      <trkpt lat="50.506826" lon="8.549964">
        <ele>258.286838</ele>
        <time>2026-07-22T23:34:50.478Z</time>
      </trkpt>
      <trkpt lat="50.506745" lon="8.549871">
        <ele>258.360754</ele>
        <time>2026-07-22T23:34:52.637Z</time>
      </trkpt>
      <trkpt lat="50.506335" lon="8.549447">
        <ele>258.232034</ele>
        <time>2026-07-22T23:35:00.014Z</time>
      </trkpt>
      <trkpt lat="50.506002" lon="8.549108">
        <ele>257.194633</ele>
        <time>2026-07-22T23:35:04.009Z</time>
      </trkpt>
      <trkpt lat="50.505516" lon="8.548592">
        <ele>256.777043</ele>
        <time>2026-07-22T23:35:11.389Z</time>
      </trkpt>
      <trkpt lat="50.505463" lon="8.548533">
        <ele>256.765006</ele>
        <time>2026-07-22T23:35:12.706Z</time>
      </trkpt>
      <trkpt lat="50.504851" lon="8.547860">
        <ele>258.038757</ele>
        <time>2026-07-22T23:35:29.658Z</time>
      </trkpt>
      <trkpt lat="50.504814" lon="8.547819">
        <ele>258.027651</ele>
        <time>2026-07-22T23:35:30.359Z</time>
      </trkpt>
      <trkpt lat="50.504403" lon="8.547359">
        <ele>257.277966</ele>
        <time>2026-07-22T23:35:35.970Z</time>
      </trkpt>
      <trkpt lat="50.504271" lon="8.547171">
        <ele>256.767562</ele>
        <time>2026-07-22T23:35:37.910Z</time>
      </trkpt>
      <trkpt lat="50.504002" lon="8.546770">
        <ele>255.199968</ele>
        <time>2026-07-22T23:35:41.453Z</time>
      </trkpt>
      <trkpt lat="50.503781" lon="8.546391">
        <ele>253.812693</ele>
        <time>2026-07-22T23:35:44.566Z</time>
      </trkpt>
      <trkpt lat="50.503621" lon="8.546103">
        <ele>253.175203</ele>
        <time>2026-07-22T23:35:47.136Z</time>
      </trkpt>
      <trkpt lat="50.503499" lon="8.545838">
        <ele>252.815292</ele>
        <time>2026-07-22T23:35:49.669Z</time>
      </trkpt>
      <trkpt lat="50.503443" lon="8.545617">
        <ele>252.535331</ele>
        <time>2026-07-22T23:35:51.288Z</time>
      </trkpt>
      <trkpt lat="50.503442" lon="8.545392">
        <ele>252.231345</ele>
        <time>2026-07-22T23:35:52.845Z</time>
      </trkpt>
      <trkpt lat="50.503536" lon="8.544589">
        <ele>251.632550</ele>
        <time>2026-07-22T23:35:59.083Z</time>
      </trkpt>
      <trkpt lat="50.503535" lon="8.544326">
        <ele>251.522437</ele>
        <time>2026-07-22T23:36:01.153Z</time>
      </trkpt>
      <trkpt lat="50.503413" lon="8.543416">
        <ele>251.591019</ele>
        <time>2026-07-22T23:36:10.497Z</time>
      </trkpt>
      <trkpt lat="50.503418" lon="8.542919">
        <ele>251.534332</ele>
        <time>2026-07-22T23:36:15.128Z</time>
      </trkpt>
      <trkpt lat="50.503401" lon="8.542824">
        <ele>251.397189</ele>
        <time>2026-07-22T23:36:15.818Z</time>
      </trkpt>
      <trkpt lat="50.503329" lon="8.542661">
        <ele>251.121408</ele>
        <time>2026-07-22T23:36:17.129Z</time>
      </trkpt>
      <trkpt lat="50.503222" lon="8.542508">
        <ele>250.834252</ele>
        <time>2026-07-22T23:36:18.702Z</time>
      </trkpt>
      <trkpt lat="50.503073" lon="8.542333">
        <ele>250.486241</ele>
        <time>2026-07-22T23:36:20.761Z</time>
      </trkpt>
      <trkpt lat="50.502735" lon="8.541922">
        <ele>249.694316</ele>
        <time>2026-07-22T23:36:25.581Z</time>
      </trkpt>
      <trkpt lat="50.502612" lon="8.541825">
        <ele>249.428003</ele>
        <time>2026-07-22T23:36:27.012Z</time>
      </trkpt>
      <trkpt lat="50.502214" lon="8.541561">
        <ele>248.707988</ele>
        <time>2026-07-22T23:36:32.132Z</time>
      </trkpt>
      <trkpt lat="50.501841" lon="8.541485">
        <ele>247.668870</ele>
        <time>2026-07-22T23:36:35.889Z</time>
      </trkpt>
      <trkpt lat="50.501615" lon="8.541454">
        <ele>247.267409</ele>
        <time>2026-07-22T23:36:38.827Z</time>
      </trkpt>
      <trkpt lat="50.501510" lon="8.541408">
        <ele>247.084388</ele>
        <time>2026-07-22T23:36:39.988Z</time>
      </trkpt>
      <trkpt lat="50.501388" lon="8.541313">
        <ele>246.720689</ele>
        <time>2026-07-22T23:36:41.392Z</time>
      </trkpt>
      <trkpt lat="50.501144" lon="8.540997">
        <ele>246.050051</ele>
        <time>2026-07-22T23:36:44.728Z</time>
      </trkpt>
      <trkpt lat="50.500919" lon="8.540221">
        <ele>247.114111</ele>
        <time>2026-07-22T23:36:57.893Z</time>
      </trkpt>
      <trkpt lat="50.500835" lon="8.540002">
        <ele>247.370463</ele>
        <time>2026-07-22T23:37:00.652Z</time>
      </trkpt>
      <trkpt lat="50.500743" lon="8.539845">
        <ele>247.693483</ele>
        <time>2026-07-22T23:37:03.992Z</time>
      </trkpt>
      <trkpt lat="50.500532" lon="8.539459">
        <ele>248.758385</ele>
        <time>2026-07-22T23:37:13.359Z</time>
      </trkpt>
      <trkpt lat="50.499560" lon="8.537823">
        <ele>253.058763</ele>
        <time>2026-07-22T23:37:50.502Z</time>
      </trkpt>
      <trkpt lat="50.499477" lon="8.537684">
        <ele>253.699193</ele>
        <time>2026-07-22T23:37:56.149Z</time>
      </trkpt>
      <trkpt lat="50.499129" lon="8.537061">
        <ele>257.669381</ele>
        <time>2026-07-22T23:38:19.746Z</time>
      </trkpt>
      <trkpt lat="50.498808" lon="8.536386">
        <ele>262.021053</ele>
        <time>2026-07-22T23:38:45.385Z</time>
      </trkpt>
      <trkpt lat="50.497388" lon="8.533380">
        <ele>278.053680</ele>
        <time>2026-07-22T23:40:25.202Z</time>
      </trkpt>
      <trkpt lat="50.496943" lon="8.532641">
        <ele>282.072992</ele>
        <time>2026-07-22T23:40:50.502Z</time>
      </trkpt>
      <trkpt lat="50.496695" lon="8.532335">
        <ele>284.351817</ele>
        <time>2026-07-22T23:41:04.574Z</time>
      </trkpt>
      <trkpt lat="50.496422" lon="8.532095">
        <ele>286.510303</ele>
        <time>2026-07-22T23:41:17.513Z</time>
      </trkpt>
      <trkpt lat="50.496122" lon="8.531895">
        <ele>289.251153</ele>
        <time>2026-07-22T23:41:31.685Z</time>
      </trkpt>
      <trkpt lat="50.495592" lon="8.531640">
        <ele>295.415599</ele>
        <time>2026-07-22T23:42:08.184Z</time>
      </trkpt>
      <trkpt lat="50.493303" lon="8.530321">
        <ele>298.654384</ele>
        <time>2026-07-22T23:42:55.426Z</time>
      </trkpt>
      <trkpt lat="50.490243" lon="8.528635">
        <ele>306.239177</ele>
        <time>2026-07-22T23:44:14.062Z</time>
      </trkpt>
      <trkpt lat="50.489145" lon="8.528022">
        <ele>309.653750</ele>
        <time>2026-07-22T23:44:45.825Z</time>
      </trkpt>
      <trkpt lat="50.487786" lon="8.527233">
        <ele>311.578126</ele>
        <time>2026-07-22T23:45:14.831Z</time>
      </trkpt>
      <trkpt lat="50.487056" lon="8.526924">
        <ele>310.434822</ele>
        <time>2026-07-22T23:45:23.485Z</time>
      </trkpt>
      <trkpt lat="50.486732" lon="8.526692">
        <ele>309.317387</ele>
        <time>2026-07-22T23:45:27.119Z</time>
      </trkpt>
      <trkpt lat="50.486282" lon="8.526311">
        <ele>306.929268</ele>
        <time>2026-07-22T23:45:31.936Z</time>
      </trkpt>
      <trkpt lat="50.486195" lon="8.526226">
        <ele>306.491239</ele>
        <time>2026-07-22T23:45:32.936Z</time>
      </trkpt>
      <trkpt lat="50.485599" lon="8.525614">
        <ele>303.472444</ele>
        <time>2026-07-22T23:45:39.795Z</time>
      </trkpt>
      <trkpt lat="50.484921" lon="8.525134">
        <ele>301.211112</ele>
        <time>2026-07-22T23:45:47.462Z</time>
      </trkpt>
      <trkpt lat="50.484157" lon="8.524705">
        <ele>299.104445</ele>
        <time>2026-07-22T23:45:55.978Z</time>
      </trkpt>
      <trkpt lat="50.483588" lon="8.524415">
        <ele>297.775361</ele>
        <time>2026-07-22T23:46:02.342Z</time>
      </trkpt>
      <trkpt lat="50.483203" lon="8.524178">
        <ele>298.166827</ele>
        <time>2026-07-22T23:46:10.103Z</time>
      </trkpt>
      <trkpt lat="50.482887" lon="8.523927">
        <ele>299.510448</ele>
        <time>2026-07-22T23:46:19.959Z</time>
      </trkpt>
      <trkpt lat="50.482620" lon="8.523617">
        <ele>302.083640</ele>
        <time>2026-07-22T23:46:36.933Z</time>
      </trkpt>
      <trkpt lat="50.481487" lon="8.521939">
        <ele>312.023144</ele>
        <time>2026-07-22T23:47:40.287Z</time>
      </trkpt>
      <trkpt lat="50.479814" lon="8.519461">
        <ele>315.335676</ele>
        <time>2026-07-22T23:48:26.976Z</time>
      </trkpt>
      <trkpt lat="50.479221" lon="8.518589">
        <ele>315.653485</ele>
        <time>2026-07-22T23:48:40.425Z</time>
      </trkpt>
      <trkpt lat="50.479058" lon="8.518354">
        <ele>315.419637</ele>
        <time>2026-07-22T23:48:43.133Z</time>
      </trkpt>
      <trkpt lat="50.478246" lon="8.517002">
        <ele>311.904330</ele>
        <time>2026-07-22T23:48:55.238Z</time>
      </trkpt>
      <trkpt lat="50.478155" lon="8.516846">
        <ele>311.241280</ele>
        <time>2026-07-22T23:48:56.517Z</time>
      </trkpt>
      <trkpt lat="50.478104" lon="8.516767">
        <ele>310.875596</ele>
        <time>2026-07-22T23:48:57.180Z</time>
      </trkpt>
      <trkpt lat="50.478131" lon="8.516653">
        <ele>310.421809</ele>
        <time>2026-07-22T23:48:57.888Z</time>
      </trkpt>
      <trkpt lat="50.478069" lon="8.516481">
        <ele>309.684359</ele>
        <time>2026-07-22T23:48:59.043Z</time>
      </trkpt>
      <trkpt lat="50.477927" lon="8.516233">
        <ele>308.546524</ele>
        <time>2026-07-22T23:49:00.996Z</time>
      </trkpt>
      <trkpt lat="50.477918" lon="8.515835">
        <ele>307.953185</ele>
        <time>2026-07-22T23:49:03.825Z</time>
      </trkpt>
      <trkpt lat="50.477907" lon="8.515255">
        <ele>307.729088</ele>
        <time>2026-07-22T23:49:08.756Z</time>
      </trkpt>
      <trkpt lat="50.477937" lon="8.514877">
        <ele>307.366764</ele>
        <time>2026-07-22T23:49:11.543Z</time>
      </trkpt>
      <trkpt lat="50.477974" lon="8.514477">
        <ele>306.805709</ele>
        <time>2026-07-22T23:49:14.304Z</time>
      </trkpt>
      <trkpt lat="50.477991" lon="8.514339">
        <ele>306.634797</ele>
        <time>2026-07-22T23:49:15.268Z</time>
      </trkpt>
      <trkpt lat="50.478203" lon="8.513839">
        <ele>305.969634</ele>
        <time>2026-07-22T23:49:19.583Z</time>
      </trkpt>
      <trkpt lat="50.478402" lon="8.513266">
        <ele>304.848850</ele>
        <time>2026-07-22T23:49:23.946Z</time>
      </trkpt>
      <trkpt lat="50.478416" lon="8.513220">
        <ele>304.754223</ele>
        <time>2026-07-22T23:49:24.269Z</time>
      </trkpt>
      <trkpt lat="50.478666" lon="8.512274">
        <ele>301.859420</ele>
        <time>2026-07-22T23:49:30.529Z</time>
      </trkpt>
      <trkpt lat="50.478798" lon="8.511188">
        <ele>298.082143</ele>
        <time>2026-07-22T23:49:37.065Z</time>
      </trkpt>
      <trkpt lat="50.478829" lon="8.510907">
        <ele>297.468301</ele>
        <time>2026-07-22T23:49:38.966Z</time>
      </trkpt>
      <trkpt lat="50.478818" lon="8.510741">
        <ele>297.047515</ele>
        <time>2026-07-22T23:49:40.018Z</time>
      </trkpt>
      <trkpt lat="50.478805" lon="8.510645">
        <ele>296.779405</ele>
        <time>2026-07-22T23:49:40.612Z</time>
      </trkpt>
      <trkpt lat="50.478664" lon="8.509948">
        <ele>294.578323</ele>
        <time>2026-07-22T23:49:45.057Z</time>
      </trkpt>
      <trkpt lat="50.478547" lon="8.509655">
        <ele>293.267772</ele>
        <time>2026-07-22T23:49:47.040Z</time>
      </trkpt>
      <trkpt lat="50.478316" lon="8.509253">
        <ele>291.409514</ele>
        <time>2026-07-22T23:49:50.239Z</time>
      </trkpt>
      <trkpt lat="50.478155" lon="8.509076">
        <ele>290.766848</ele>
        <time>2026-07-22T23:49:52.257Z</time>
      </trkpt>
      <trkpt lat="50.477973" lon="8.508910">
        <ele>290.546385</ele>
        <time>2026-07-22T23:49:54.835Z</time>
      </trkpt>
      <trkpt lat="50.477589" lon="8.508745">
        <ele>290.772872</ele>
        <time>2026-07-22T23:50:01.557Z</time>
      </trkpt>
      <trkpt lat="50.477477" lon="8.509422">
        <ele>291.626045</ele>
        <time>2026-07-22T23:50:11.796Z</time>
      </trkpt>
      <trkpt lat="50.477261" lon="8.510606">
        <ele>293.602137</ele>
        <time>2026-07-22T23:50:31.291Z</time>
      </trkpt>
      <trkpt lat="50.477201" lon="8.510586">
        <ele>293.772976</ele>
        <time>2026-07-22T23:50:38.636Z</time>
      </trkpt>
      <trkpt lat="50.477164" lon="8.510655">
        <ele>293.932913</ele>
        <time>2026-07-22T23:50:45.670Z</time>
      </trkpt>
      <trkpt lat="50.477123" lon="8.510652">
        <ele>294.047236</ele>
        <time>2026-07-22T23:50:50.754Z</time>
      </trkpt>
      <trkpt lat="50.477027" lon="8.510611">
        <ele>294.403939</ele>
        <time>2026-07-22T23:51:03.406Z</time>
      </trkpt>
      <trkpt lat="50.476986" lon="8.510512">
        <ele>294.687066</ele>
        <time>2026-07-22T23:51:13.203Z</time>
      </trkpt>
      <trkpt lat="50.476947" lon="8.510565">
        <ele>294.881276</ele>
        <time>2026-07-22T23:51:19.689Z</time>
      </trkpt>
      <trkpt lat="50.476848" lon="8.510288">
        <ele>295.123598</ele>
        <time>2026-07-22T23:51:24.100Z</time>
      </trkpt>
      <trkpt lat="50.476826" lon="8.509821">
        <ele>294.665691</ele>
        <time>2026-07-22T23:51:27.266Z</time>
      </trkpt>
      <trkpt lat="50.476808" lon="8.509641">
        <ele>294.590495</ele>
        <time>2026-07-22T23:51:28.582Z</time>
      </trkpt>
      <trkpt lat="50.476772" lon="8.509520">
        <ele>294.568447</ele>
        <time>2026-07-22T23:51:30.170Z</time>
      </trkpt>
      <trkpt lat="50.476595" lon="8.509292">
        <ele>295.205614</ele>
        <time>2026-07-22T23:51:36.630Z</time>
      </trkpt>
      <trkpt lat="50.476469" lon="8.509088">
        <ele>295.759330</ele>
        <time>2026-07-22T23:51:41.602Z</time>
      </trkpt>
      <trkpt lat="50.476378" lon="8.509119">
        <ele>296.028527</ele>
        <time>2026-07-22T23:51:43.907Z</time>
      </trkpt>
      <trkpt lat="50.476245" lon="8.509084">
        <ele>296.407420</ele>
        <time>2026-07-22T23:51:47.205Z</time>
      </trkpt>
      <trkpt lat="50.475728" lon="8.508929">
        <ele>297.851599</ele>
        <time>2026-07-22T23:52:01.441Z</time>
      </trkpt>
      <trkpt lat="50.475278" lon="8.508871">
        <ele>297.623708</ele>
        <time>2026-07-22T23:52:07.839Z</time>
      </trkpt>
      <trkpt lat="50.475198" lon="8.508866">
        <ele>297.221465</ele>
        <time>2026-07-22T23:52:08.632Z</time>
      </trkpt>
      <trkpt lat="50.474833" lon="8.508845">
        <ele>294.409430</ele>
        <time>2026-07-22T23:52:11.816Z</time>
      </trkpt>
      <trkpt lat="50.474723" lon="8.508895">
        <ele>293.613719</ele>
        <time>2026-07-22T23:52:12.828Z</time>
      </trkpt>
      <trkpt lat="50.474637" lon="8.509012">
        <ele>293.101291</ele>
        <time>2026-07-22T23:52:13.917Z</time>
      </trkpt>
      <trkpt lat="50.474529" lon="8.509326">
        <ele>292.954447</ele>
        <time>2026-07-22T23:52:16.979Z</time>
      </trkpt>
      <trkpt lat="50.474404" lon="8.509598">
        <ele>293.424776</ele>
        <time>2026-07-22T23:52:22.668Z</time>
      </trkpt>
      <trkpt lat="50.474324" lon="8.509685">
        <ele>293.722163</ele>
        <time>2026-07-22T23:52:25.399Z</time>
      </trkpt>
      <trkpt lat="50.474198" lon="8.509755">
        <ele>294.119316</ele>
        <time>2026-07-22T23:52:28.603Z</time>
      </trkpt>
      <trkpt lat="50.474080" lon="8.509753">
        <ele>294.451922</ele>
        <time>2026-07-22T23:52:31.442Z</time>
      </trkpt>
      <trkpt lat="50.473978" lon="8.509699">
        <ele>294.947280</ele>
        <time>2026-07-22T23:52:34.985Z</time>
      </trkpt>
      <trkpt lat="50.473891" lon="8.509599">
        <ele>295.678016</ele>
        <time>2026-07-22T23:52:39.523Z</time>
      </trkpt>
      <trkpt lat="50.473759" lon="8.509357">
        <ele>297.090096</ele>
        <time>2026-07-22T23:52:48.929Z</time>
      </trkpt>
      <trkpt lat="50.473564" lon="8.509020">
        <ele>298.876389</ele>
        <time>2026-07-22T23:53:00.239Z</time>
      </trkpt>
      <trkpt lat="50.473358" lon="8.508803">
        <ele>300.241390</ele>
        <time>2026-07-22T23:53:08.919Z</time>
      </trkpt>
      <trkpt lat="50.472225" lon="8.507889">
        <ele>308.731868</ele>
        <time>2026-07-22T23:54:01.934Z</time>
      </trkpt>
      <trkpt lat="50.471745" lon="8.507846">
        <ele>312.212599</ele>
        <time>2026-07-22T23:54:23.427Z</time>
      </trkpt>
      <trkpt lat="50.471484" lon="8.507779">
        <ele>314.175000</ele>
        <time>2026-07-22T23:54:35.257Z</time>
      </trkpt>
      <trkpt lat="50.471249" lon="8.507636">
        <ele>315.857964</ele>
        <time>2026-07-22T23:54:45.791Z</time>
      </trkpt>
      <trkpt lat="50.470905" lon="8.507330">
        <ele>318.073702</ele>
        <time>2026-07-22T23:55:00.401Z</time>
      </trkpt>
      <trkpt lat="50.470646" lon="8.507144">
        <ele>319.500016</ele>
        <time>2026-07-22T23:55:10.200Z</time>
      </trkpt>
      <trkpt lat="50.470301" lon="8.507108">
        <ele>321.162196</ele>
        <time>2026-07-22T23:55:22.230Z</time>
      </trkpt>
      <trkpt lat="50.469640" lon="8.507246">
        <ele>323.982920</ele>
        <time>2026-07-22T23:55:43.363Z</time>
      </trkpt>
      <trkpt lat="50.469357" lon="8.507266">
        <ele>325.259641</ele>
        <time>2026-07-22T23:55:51.854Z</time>
      </trkpt>
      <trkpt lat="50.467351" lon="8.507145">
        <ele>341.064574</ele>
        <time>2026-07-22T23:57:26.626Z</time>
      </trkpt>
      <trkpt lat="50.466752" lon="8.507071">
        <ele>342.977040</ele>
        <time>2026-07-22T23:57:41.946Z</time>
      </trkpt>
      <trkpt lat="50.465774" lon="8.506691">
        <ele>346.458688</ele>
        <time>2026-07-22T23:58:11.042Z</time>
      </trkpt>
      <trkpt lat="50.465401" lon="8.506642">
        <ele>348.201199</ele>
        <time>2026-07-22T23:58:24.422Z</time>
      </trkpt>
      <trkpt lat="50.464491" lon="8.506565">
        <ele>349.947622</ele>
        <time>2026-07-22T23:58:44.043Z</time>
      </trkpt>
      <trkpt lat="50.464258" lon="8.506584">
        <ele>350.704395</ele>
        <time>2026-07-22T23:58:49.716Z</time>
      </trkpt>
      <trkpt lat="50.463987" lon="8.506718">
        <ele>352.327725</ele>
        <time>2026-07-22T23:59:01.694Z</time>
      </trkpt>
      <trkpt lat="50.463628" lon="8.506997">
        <ele>353.879936</ele>
        <time>2026-07-22T23:59:14.389Z</time>
      </trkpt>
      <trkpt lat="50.463450" lon="8.507178">
        <ele>354.012894</ele>
        <time>2026-07-22T23:59:17.300Z</time>
      </trkpt>
      <trkpt lat="50.463274" lon="8.507458">
        <ele>354.085150</ele>
        <time>2026-07-22T23:59:20.945Z</time>
      </trkpt>
      <trkpt lat="50.463140" lon="8.507793">
        <ele>354.503695</ele>
        <time>2026-07-22T23:59:26.920Z</time>
      </trkpt>
      <trkpt lat="50.462814" lon="8.508554">
        <ele>355.613629</ele>
        <time>2026-07-22T23:59:40.155Z</time>
      </trkpt>
      <trkpt lat="50.462695" lon="8.508725">
        <ele>355.721355</ele>
        <time>2026-07-22T23:59:43.078Z</time>
      </trkpt>
      <trkpt lat="50.462452" lon="8.508980">
        <ele>355.657511</ele>
        <time>2026-07-22T23:59:46.624Z</time>
      </trkpt>
      <trkpt lat="50.462378" lon="8.509077">
        <ele>355.680549</ele>
        <time>2026-07-22T23:59:48.219Z</time>
      </trkpt>
      <trkpt lat="50.462262" lon="8.509324">
        <ele>356.257472</ele>
        <time>2026-07-22T23:59:54.048Z</time>
      </trkpt>
      <trkpt lat="50.461924" lon="8.510671">
        <ele>358.278730</ele>
        <time>2026-07-23T00:00:16.217Z</time>
      </trkpt>
      <trkpt lat="50.461635" lon="8.511509">
        <ele>357.494285</ele>
        <time>2026-07-23T00:00:23.222Z</time>
      </trkpt>
      <trkpt lat="50.461435" lon="8.512011">
        <ele>356.963650</ele>
        <time>2026-07-23T00:00:27.468Z</time>
      </trkpt>
      <trkpt lat="50.460959" lon="8.512935">
        <ele>356.212612</ele>
        <time>2026-07-23T00:00:37.327Z</time>
      </trkpt>
      <trkpt lat="50.460578" lon="8.513511">
        <ele>354.118408</ele>
        <time>2026-07-23T00:00:42.412Z</time>
      </trkpt>
      <trkpt lat="50.460381" lon="8.513847">
        <ele>353.158763</ele>
        <time>2026-07-23T00:00:45.251Z</time>
      </trkpt>
      <trkpt lat="50.460225" lon="8.514192">
        <ele>352.947584</ele>
        <time>2026-07-23T00:00:48.686Z</time>
      </trkpt>
      <trkpt lat="50.460048" lon="8.514702">
        <ele>353.316216</ele>
        <time>2026-07-23T00:00:57.240Z</time>
      </trkpt>
      <trkpt lat="50.459738" lon="8.515866">
        <ele>351.872809</ele>
        <time>2026-07-23T00:01:06.184Z</time>
      </trkpt>
      <trkpt lat="50.459636" lon="8.516171">
        <ele>351.058828</ele>
        <time>2026-07-23T00:01:08.272Z</time>
      </trkpt>
      <trkpt lat="50.459208" lon="8.517235">
        <ele>348.389813</ele>
        <time>2026-07-23T00:01:16.385Z</time>
      </trkpt>
      <trkpt lat="50.459075" lon="8.517789">
        <ele>347.122523</ele>
        <time>2026-07-23T00:01:20.126Z</time>
      </trkpt>
      <trkpt lat="50.459012" lon="8.518300">
        <ele>346.192095</ele>
        <time>2026-07-23T00:01:23.587Z</time>
      </trkpt>
      <trkpt lat="50.458997" lon="8.518684">
        <ele>345.446179</ele>
        <time>2026-07-23T00:01:26.146Z</time>
      </trkpt>
      <trkpt lat="50.459020" lon="8.519300">
        <ele>344.275464</ele>
        <time>2026-07-23T00:01:30.007Z</time>
      </trkpt>
      <trkpt lat="50.459059" lon="8.520541">
        <ele>344.738523</ele>
        <time>2026-07-23T00:01:43.776Z</time>
      </trkpt>
      <trkpt lat="50.459027" lon="8.520770">
        <ele>345.225812</ele>
        <time>2026-07-23T00:01:49.583Z</time>
      </trkpt>
      <trkpt lat="50.458967" lon="8.520907">
        <ele>345.631953</ele>
        <time>2026-07-23T00:01:52.671Z</time>
      </trkpt>
      <trkpt lat="50.458866" lon="8.521009">
        <ele>345.636118</ele>
        <time>2026-07-23T00:01:54.174Z</time>
      </trkpt>
      <trkpt lat="50.458685" lon="8.521075">
        <ele>345.533070</ele>
        <time>2026-07-23T00:01:56.350Z</time>
      </trkpt>
      <trkpt lat="50.458455" lon="8.521077">
        <ele>345.453513</ele>
        <time>2026-07-23T00:01:59.481Z</time>
      </trkpt>
      <trkpt lat="50.458248" lon="8.521019">
        <ele>345.674253</ele>
        <time>2026-07-23T00:02:03.141Z</time>
      </trkpt>
      <trkpt lat="50.457653" lon="8.520668">
        <ele>347.788535</ele>
        <time>2026-07-23T00:02:21.531Z</time>
      </trkpt>
      <trkpt lat="50.457240" lon="8.520505">
        <ele>349.170256</ele>
        <time>2026-07-23T00:02:33.777Z</time>
      </trkpt>
      <trkpt lat="50.456637" lon="8.520416">
        <ele>350.434720</ele>
        <time>2026-07-23T00:02:48.045Z</time>
      </trkpt>
      <trkpt lat="50.455604" lon="8.520172">
        <ele>349.696831</ele>
        <time>2026-07-23T00:03:01.175Z</time>
      </trkpt>
      <trkpt lat="50.455171" lon="8.520160">
        <ele>349.417338</ele>
        <time>2026-07-23T00:03:06.473Z</time>
      </trkpt>
      <trkpt lat="50.454532" lon="8.520202">
        <ele>350.150846</ele>
        <time>2026-07-23T00:03:19.280Z</time>
      </trkpt>
      <trkpt lat="50.454384" lon="8.520178">
        <ele>350.518533</ele>
        <time>2026-07-23T00:03:22.906Z</time>
      </trkpt>
      <trkpt lat="50.454069" lon="8.520063">
        <ele>351.388447</ele>
        <time>2026-07-23T00:03:31.311Z</time>
      </trkpt>
      <trkpt lat="50.453493" lon="8.519663">
        <ele>353.008148</ele>
        <time>2026-07-23T00:03:47.093Z</time>
      </trkpt>
      <trkpt lat="50.453255" lon="8.519551">
        <ele>353.695286</ele>
        <time>2026-07-23T00:03:53.613Z</time>
      </trkpt>
      <trkpt lat="50.452885" lon="8.519484">
        <ele>354.659214</ele>
        <time>2026-07-23T00:04:03.103Z</time>
      </trkpt>
      <trkpt lat="50.452503" lon="8.519517">
        <ele>354.863475</ele>
        <time>2026-07-23T00:04:11.572Z</time>
      </trkpt>
      <trkpt lat="50.451820" lon="8.519895">
        <ele>352.073819</ele>
        <time>2026-07-23T00:04:18.533Z</time>
      </trkpt>
      <trkpt lat="50.451322" lon="8.520076">
        <ele>348.675050</ele>
        <time>2026-07-23T00:04:23.144Z</time>
      </trkpt>
      <trkpt lat="50.450954" lon="8.520097">
        <ele>345.762065</ele>
        <time>2026-07-23T00:04:26.408Z</time>
      </trkpt>
      <trkpt lat="50.450613" lon="8.520001">
        <ele>342.500296</ele>
        <time>2026-07-23T00:04:29.387Z</time>
      </trkpt>
      <trkpt lat="50.450279" lon="8.519847">
        <ele>339.850002</ele>
        <time>2026-07-23T00:04:32.496Z</time>
      </trkpt>
      <trkpt lat="50.449862" lon="8.519538">
        <ele>336.837605</ele>
        <time>2026-07-23T00:04:36.675Z</time>
      </trkpt>
      <trkpt lat="50.449733" lon="8.519463">
        <ele>336.104748</ele>
        <time>2026-07-23T00:04:37.952Z</time>
      </trkpt>
      <trkpt lat="50.449086" lon="8.519019">
        <ele>332.797435</ele>
        <time>2026-07-23T00:04:44.764Z</time>
      </trkpt>
      <trkpt lat="50.448991" lon="8.519004">
        <ele>332.209784</ele>
        <time>2026-07-23T00:04:45.619Z</time>
      </trkpt>
      <trkpt lat="50.448824" lon="8.519046">
        <ele>330.850927</ele>
        <time>2026-07-23T00:04:47.091Z</time>
      </trkpt>
      <trkpt lat="50.448622" lon="8.519118">
        <ele>329.398184</ele>
        <time>2026-07-23T00:04:48.929Z</time>
      </trkpt>
      <trkpt lat="50.448431" lon="8.519120">
        <ele>328.567102</ele>
        <time>2026-07-23T00:04:50.771Z</time>
      </trkpt>
      <trkpt lat="50.448419" lon="8.519303">
        <ele>328.279164</ele>
        <time>2026-07-23T00:04:52.144Z</time>
      </trkpt>
      <trkpt lat="50.448436" lon="8.519415">
        <ele>328.300400</ele>
        <time>2026-07-23T00:04:53.255Z</time>
      </trkpt>
      <trkpt lat="50.448669" lon="8.520046">
        <ele>329.024909</ele>
        <time>2026-07-23T00:05:02.876Z</time>
      </trkpt>
      <trkpt lat="50.448962" lon="8.521242">
        <ele>331.535758</ele>
        <time>2026-07-23T00:05:25.706Z</time>
      </trkpt>
      <trkpt lat="50.448985" lon="8.522117">
        <ele>332.355172</ele>
        <time>2026-07-23T00:05:36.836Z</time>
      </trkpt>
      <trkpt lat="50.449010" lon="8.522815">
        <ele>333.380380</ele>
        <time>2026-07-23T00:05:47.412Z</time>
      </trkpt>
      <trkpt lat="50.449101" lon="8.523522">
        <ele>335.040465</ele>
        <time>2026-07-23T00:06:01.125Z</time>
      </trkpt>
      <trkpt lat="50.449126" lon="8.523703">
        <ele>335.522508</ele>
        <time>2026-07-23T00:06:04.721Z</time>
      </trkpt>
      <trkpt lat="50.449306" lon="8.524960">
        <ele>339.518049</ele>
        <time>2026-07-23T00:06:33.331Z</time>
      </trkpt>
      <trkpt lat="50.449491" lon="8.526151">
        <ele>342.249444</ele>
        <time>2026-07-23T00:06:55.640Z</time>
      </trkpt>
      <trkpt lat="50.449550" lon="8.526741">
        <ele>343.162620</ele>
        <time>2026-07-23T00:07:04.647Z</time>
      </trkpt>
      <trkpt lat="50.449518" lon="8.527852">
        <ele>345.646648</ele>
        <time>2026-07-23T00:07:25.055Z</time>
      </trkpt>
      <trkpt lat="50.449442" lon="8.528599">
        <ele>347.971455</ele>
        <time>2026-07-23T00:07:41.748Z</time>
      </trkpt>
      <trkpt lat="50.449307" lon="8.529396">
        <ele>350.167478</ele>
        <time>2026-07-23T00:07:58.628Z</time>
      </trkpt>
      <trkpt lat="50.449026" lon="8.530466">
        <ele>352.996483</ele>
        <time>2026-07-23T00:08:20.639Z</time>
      </trkpt>
      <trkpt lat="50.448875" lon="8.530864">
        <ele>354.101181</ele>
        <time>2026-07-23T00:08:29.425Z</time>
      </trkpt>
      <trkpt lat="50.448743" lon="8.531125">
        <ele>354.898738</ele>
        <time>2026-07-23T00:08:35.755Z</time>
      </trkpt>
      <trkpt lat="50.448601" lon="8.531318">
        <ele>355.542786</ele>
        <time>2026-07-23T00:08:41.237Z</time>
      </trkpt>
      <trkpt lat="50.448423" lon="8.531479">
        <ele>356.046628</ele>
        <time>2026-07-23T00:08:46.286Z</time>
      </trkpt>
      <trkpt lat="50.448363" lon="8.531524">
        <ele>356.190122</ele>
        <time>2026-07-23T00:08:47.666Z</time>
      </trkpt>
      <trkpt lat="50.448090" lon="8.531727">
        <ele>356.706969</ele>
        <time>2026-07-23T00:08:53.709Z</time>
      </trkpt>
      <trkpt lat="50.447984" lon="8.531861">
        <ele>357.063976</ele>
        <time>2026-07-23T00:08:57.387Z</time>
      </trkpt>
      <trkpt lat="50.447633" lon="8.532793">
        <ele>360.271389</ele>
        <time>2026-07-23T00:09:20.798Z</time>
      </trkpt>
      <trkpt lat="50.447467" lon="8.533109">
        <ele>361.325401</ele>
        <time>2026-07-23T00:09:28.653Z</time>
      </trkpt>
      <trkpt lat="50.447055" lon="8.533734">
        <ele>363.783823</ele>
        <time>2026-07-23T00:09:47.338Z</time>
      </trkpt>
      <trkpt lat="50.446344" lon="8.534983">
        <ele>368.053797</ele>
        <time>2026-07-23T00:10:20.388Z</time>
      </trkpt>
      <trkpt lat="50.446149" lon="8.535365">
        <ele>369.067621</ele>
        <time>2026-07-23T00:10:28.966Z</time>
      </trkpt>
      <trkpt lat="50.445813" lon="8.536122">
        <ele>370.336107</ele>
        <time>2026-07-23T00:10:43.418Z</time>
      </trkpt>
      <trkpt lat="50.445306" lon="8.537247">
        <ele>370.903024</ele>
        <time>2026-07-23T00:10:58.467Z</time>
      </trkpt>
      <trkpt lat="50.444501" lon="8.538783">
        <ele>370.150785</ele>
        <time>2026-07-23T00:11:14.694Z</time>
      </trkpt>
      <trkpt lat="50.444021" lon="8.539582">
        <ele>368.627042</ele>
        <time>2026-07-23T00:11:22.264Z</time>
      </trkpt>
      <trkpt lat="50.443357" lon="8.540811">
        <ele>366.986127</ele>
        <time>2026-07-23T00:11:33.874Z</time>
      </trkpt>
      <trkpt lat="50.443234" lon="8.540927">
        <ele>366.953380</ele>
        <time>2026-07-23T00:11:35.872Z</time>
      </trkpt>
      <trkpt lat="50.443021" lon="8.540973">
        <ele>367.113367</ele>
        <time>2026-07-23T00:11:39.788Z</time>
      </trkpt>
      <trkpt lat="50.443038" lon="8.540319">
        <ele>367.611365</ele>
        <time>2026-07-23T00:11:48.306Z</time>
      </trkpt>
      <trkpt lat="50.443081" lon="8.538701">
        <ele>368.993952</ele>
        <time>2026-07-23T00:12:09.501Z</time>
      </trkpt>
      <trkpt lat="50.443089" lon="8.538601">
        <ele>369.038066</ele>
        <time>2026-07-23T00:12:10.544Z</time>
      </trkpt>
      <trkpt lat="50.443240" lon="8.537413">
        <ele>367.740079</ele>
        <time>2026-07-23T00:12:19.117Z</time>
      </trkpt>
      <trkpt lat="50.443467" lon="8.535623">
        <ele>366.144042</ele>
        <time>2026-07-23T00:12:32.716Z</time>
      </trkpt>
      <trkpt lat="50.443557" lon="8.533956">
        <ele>365.493872</ele>
        <time>2026-07-23T00:12:46.593Z</time>
      </trkpt>
      <trkpt lat="50.443653" lon="8.532010">
        <ele>364.687491</ele>
        <time>2026-07-23T00:13:02.612Z</time>
      </trkpt>
      <trkpt lat="50.443650" lon="8.531204">
        <ele>364.209384</ele>
        <time>2026-07-23T00:13:08.854Z</time>
      </trkpt>
      <trkpt lat="50.443623" lon="8.530803">
        <ele>364.128914</ele>
        <time>2026-07-23T00:13:12.116Z</time>
      </trkpt>
      <trkpt lat="50.443355" lon="8.528652">
        <ele>365.403193</ele>
        <time>2026-07-23T00:13:38.805Z</time>
      </trkpt>
      <trkpt lat="50.443316" lon="8.527686">
        <ele>364.893153</ele>
        <time>2026-07-23T00:13:46.951Z</time>
      </trkpt>
      <trkpt lat="50.443404" lon="8.525586">
        <ele>359.759317</ele>
        <time>2026-07-23T00:14:00.027Z</time>
      </trkpt>
      <trkpt lat="50.443398" lon="8.525182">
        <ele>358.987341</ele>
        <time>2026-07-23T00:14:02.663Z</time>
      </trkpt>
      <trkpt lat="50.443217" lon="8.523352">
        <ele>355.537660</ele>
        <time>2026-07-23T00:14:14.881Z</time>
      </trkpt>
      <trkpt lat="50.443054" lon="8.522699">
        <ele>353.811856</ele>
        <time>2026-07-23T00:14:19.232Z</time>
      </trkpt>
      <trkpt lat="50.442907" lon="8.522358">
        <ele>352.781850</ele>
        <time>2026-07-23T00:14:21.797Z</time>
      </trkpt>
      <trkpt lat="50.442484" lon="8.521599">
        <ele>350.173274</ele>
        <time>2026-07-23T00:14:28.021Z</time>
      </trkpt>
      <trkpt lat="50.442184" lon="8.521134">
        <ele>348.893796</ele>
        <time>2026-07-23T00:14:32.402Z</time>
      </trkpt>
      <trkpt lat="50.441546" lon="8.520404">
        <ele>346.614847</ele>
        <time>2026-07-23T00:14:40.526Z</time>
      </trkpt>
      <trkpt lat="50.440203" lon="8.518534">
        <ele>342.330386</ele>
        <time>2026-07-23T00:14:59.637Z</time>
      </trkpt>
      <trkpt lat="50.439521" lon="8.517637">
        <ele>341.075660</ele>
        <time>2026-07-23T00:15:09.995Z</time>
      </trkpt>
      <trkpt lat="50.438053" lon="8.515719">
        <ele>337.066996</ele>
        <time>2026-07-23T00:15:30.796Z</time>
      </trkpt>
      <trkpt lat="50.437865" lon="8.515436">
        <ele>336.165191</ele>
        <time>2026-07-23T00:15:33.522Z</time>
      </trkpt>
      <trkpt lat="50.437653" lon="8.514983">
        <ele>333.797873</ele>
        <time>2026-07-23T00:15:36.741Z</time>
      </trkpt>
      <trkpt lat="50.435305" lon="8.508824">
        <ele>293.311948</ele>
        <time>2026-07-23T00:16:16.601Z</time>
      </trkpt>
      <trkpt lat="50.435145" lon="8.508264">
        <ele>290.662977</ele>
        <time>2026-07-23T00:16:20.126Z</time>
      </trkpt>
      <trkpt lat="50.434959" lon="8.506908">
        <ele>286.753554</ele>
        <time>2026-07-23T00:16:28.678Z</time>
      </trkpt>
      <trkpt lat="50.434884" lon="8.506535">
        <ele>285.402537</ele>
        <time>2026-07-23T00:16:31.011Z</time>
      </trkpt>
      <trkpt lat="50.434813" lon="8.506287">
        <ele>284.236667</ele>
        <time>2026-07-23T00:16:32.574Z</time>
      </trkpt>
      <trkpt lat="50.434453" lon="8.505365">
        <ele>278.329448</ele>
        <time>2026-07-23T00:16:38.582Z</time>
      </trkpt>
      <trkpt lat="50.434345" lon="8.505031">
        <ele>276.402534</ele>
        <time>2026-07-23T00:16:40.698Z</time>
      </trkpt>
      <trkpt lat="50.434038" lon="8.503835">
        <ele>269.747354</ele>
        <time>2026-07-23T00:16:47.955Z</time>
      </trkpt>
      <trkpt lat="50.433764" lon="8.502750">
        <ele>261.344196</ele>
        <time>2026-07-23T00:16:54.258Z</time>
      </trkpt>
      <trkpt lat="50.433517" lon="8.501769">
        <ele>255.440805</ele>
        <time>2026-07-23T00:17:00.151Z</time>
      </trkpt>
      <trkpt lat="50.433432" lon="8.501438">
        <ele>253.352757</ele>
        <time>2026-07-23T00:17:02.100Z</time>
      </trkpt>
      <trkpt lat="50.433006" lon="8.499680">
        <ele>244.972466</ele>
        <time>2026-07-23T00:17:12.884Z</time>
      </trkpt>
      <trkpt lat="50.432988" lon="8.499599">
        <ele>244.584710</ele>
        <time>2026-07-23T00:17:13.372Z</time>
      </trkpt>
      <trkpt lat="50.432843" lon="8.498954">
        <ele>241.429539</ele>
        <time>2026-07-23T00:17:17.268Z</time>
      </trkpt>
      <trkpt lat="50.432834" lon="8.498794">
        <ele>240.731114</ele>
        <time>2026-07-23T00:17:18.188Z</time>
      </trkpt>
      <trkpt lat="50.432852" lon="8.498628">
        <ele>240.092787</ele>
        <time>2026-07-23T00:17:19.165Z</time>
      </trkpt>
      <trkpt lat="50.432977" lon="8.498159">
        <ele>238.480371</ele>
        <time>2026-07-23T00:17:22.206Z</time>
      </trkpt>
      <trkpt lat="50.433033" lon="8.497927">
        <ele>238.106485</ele>
        <time>2026-07-23T00:17:23.911Z</time>
      </trkpt>
      <trkpt lat="50.433065" lon="8.497785">
        <ele>237.972679</ele>
        <time>2026-07-23T00:17:25.164Z</time>
      </trkpt>
      <trkpt lat="50.433106" lon="8.497526">
        <ele>237.986556</ele>
        <time>2026-07-23T00:17:27.717Z</time>
      </trkpt>
      <trkpt lat="50.433085" lon="8.497335">
        <ele>237.914318</ele>
        <time>2026-07-23T00:17:29.575Z</time>
      </trkpt>
      <trkpt lat="50.432811" lon="8.497444">
        <ele>237.634695</ele>
        <time>2026-07-23T00:17:32.942Z</time>
      </trkpt>
      <trkpt lat="50.432689" lon="8.497436">
        <ele>237.571914</ele>
        <time>2026-07-23T00:17:34.417Z</time>
      </trkpt>
      <trkpt lat="50.432517" lon="8.497364">
        <ele>237.610011</ele>
        <time>2026-07-23T00:17:37.347Z</time>
      </trkpt>
      <trkpt lat="50.432467" lon="8.497721">
        <ele>237.800020</ele>
        <time>2026-07-23T00:17:41.774Z</time>
      </trkpt>
      <trkpt lat="50.432401" lon="8.498259">
        <ele>238.130163</ele>
        <time>2026-07-23T00:17:48.023Z</time>
      </trkpt>
      <trkpt lat="50.432200" lon="8.499983">
        <ele>239.643687</ele>
        <time>2026-07-23T00:18:10.928Z</time>
      </trkpt>
      <trkpt lat="50.432072" lon="8.500763">
        <ele>240.002472</ele>
        <time>2026-07-23T00:18:19.428Z</time>
      </trkpt>
      <trkpt lat="50.431640" lon="8.503056">
        <ele>244.754364</ele>
        <time>2026-07-23T00:19:01.682Z</time>
      </trkpt>
      <trkpt lat="50.431186" lon="8.505302">
        <ele>248.558766</ele>
        <time>2026-07-23T00:19:37.985Z</time>
      </trkpt>
      <trkpt lat="50.430894" lon="8.506547">
        <ele>253.082109</ele>
        <time>2026-07-23T00:20:10.336Z</time>
      </trkpt>
      <trkpt lat="50.430546" lon="8.507889">
        <ele>253.828738</ele>
        <time>2026-07-23T00:20:26.188Z</time>
      </trkpt>
      <trkpt lat="50.429895" lon="8.510197">
        <ele>255.351477</ele>
        <time>2026-07-23T00:20:56.959Z</time>
      </trkpt>
      <trkpt lat="50.429663" lon="8.511139">
        <ele>254.782065</ele>
        <time>2026-07-23T00:21:04.666Z</time>
      </trkpt>
      <trkpt lat="50.429570" lon="8.511760">
        <ele>254.286377</ele>
        <time>2026-07-23T00:21:09.322Z</time>
      </trkpt>
      <trkpt lat="50.429212" lon="8.515008">
        <ele>256.745447</ele>
        <time>2026-07-23T00:21:50.451Z</time>
      </trkpt>
      <trkpt lat="50.429107" lon="8.515603">
        <ele>257.499289</ele>
        <time>2026-07-23T00:21:59.729Z</time>
      </trkpt>
      <trkpt lat="50.429011" lon="8.515959">
        <ele>257.976561</ele>
        <time>2026-07-23T00:22:05.485Z</time>
      </trkpt>
      <trkpt lat="50.428847" lon="8.516408">
        <ele>258.575074</ele>
        <time>2026-07-23T00:22:12.095Z</time>
      </trkpt>
      <trkpt lat="50.428704" lon="8.516699">
        <ele>259.196121</ele>
        <time>2026-07-23T00:22:18.484Z</time>
      </trkpt>
      <trkpt lat="50.428378" lon="8.517190">
        <ele>260.590661</ele>
        <time>2026-07-23T00:22:30.233Z</time>
      </trkpt>
      <trkpt lat="50.427561" lon="8.518116">
        <ele>265.315073</ele>
        <time>2026-07-23T00:23:04.426Z</time>
      </trkpt>
      <trkpt lat="50.427311" lon="8.518463">
        <ele>266.872121</ele>
        <time>2026-07-23T00:23:16.255Z</time>
      </trkpt>
      <trkpt lat="50.427041" lon="8.518995">
        <ele>267.973395</ele>
        <time>2026-07-23T00:23:27.220Z</time>
      </trkpt>
      <trkpt lat="50.426513" lon="8.520630">
        <ele>268.347875</ele>
        <time>2026-07-23T00:23:45.293Z</time>
      </trkpt>
      <trkpt lat="50.426247" lon="8.521216">
        <ele>268.905518</ele>
        <time>2026-07-23T00:23:54.585Z</time>
      </trkpt>
      <trkpt lat="50.425945" lon="8.521660">
        <ele>269.513260</ele>
        <time>2026-07-23T00:24:02.857Z</time>
      </trkpt>
      <trkpt lat="50.425143" lon="8.522574">
        <ele>271.362289</ele>
        <time>2026-07-23T00:24:24.504Z</time>
      </trkpt>
      <trkpt lat="50.424877" lon="8.523003">
        <ele>273.760870</ele>
        <time>2026-07-23T00:24:39.285Z</time>
      </trkpt>
      <trkpt lat="50.424705" lon="8.523386">
        <ele>277.138120</ele>
        <time>2026-07-23T00:24:58.380Z</time>
      </trkpt>
      <trkpt lat="50.424602" lon="8.523679">
        <ele>279.809338</ele>
        <time>2026-07-23T00:25:12.777Z</time>
      </trkpt>
      <trkpt lat="50.424545" lon="8.523863">
        <ele>281.125359</ele>
        <time>2026-07-23T00:25:20.803Z</time>
      </trkpt>
      <trkpt lat="50.424444" lon="8.524334">
        <ele>283.322013</ele>
        <time>2026-07-23T00:25:33.875Z</time>
      </trkpt>
      <trkpt lat="50.424253" lon="8.525760">
        <ele>284.980477</ele>
        <time>2026-07-23T00:25:54.007Z</time>
      </trkpt>
      <trkpt lat="50.424052" lon="8.527491">
        <ele>284.636897</ele>
        <time>2026-07-23T00:26:08.812Z</time>
      </trkpt>
      <trkpt lat="50.423581" lon="8.531363">
        <ele>289.639039</ele>
        <time>2026-07-23T00:27:06.651Z</time>
      </trkpt>
      <trkpt lat="50.423516" lon="8.531649">
        <ele>290.113815</ele>
        <time>2026-07-23T00:27:09.986Z</time>
      </trkpt>
      <trkpt lat="50.423412" lon="8.532108">
        <ele>291.963978</ele>
        <time>2026-07-23T00:27:23.944Z</time>
      </trkpt>
      <trkpt lat="50.423240" lon="8.532615">
        <ele>293.833302</ele>
        <time>2026-07-23T00:27:36.490Z</time>
      </trkpt>
      <trkpt lat="50.423022" lon="8.533093">
        <ele>295.127603</ele>
        <time>2026-07-23T00:27:47.246Z</time>
      </trkpt>
      <trkpt lat="50.422803" lon="8.533485">
        <ele>295.654549</ele>
        <time>2026-07-23T00:27:54.166Z</time>
      </trkpt>
      <trkpt lat="50.422460" lon="8.533955">
        <ele>296.208558</ele>
        <time>2026-07-23T00:28:02.125Z</time>
      </trkpt>
      <trkpt lat="50.421461" lon="8.535005">
        <ele>299.868707</ele>
        <time>2026-07-23T00:28:35.154Z</time>
      </trkpt>
      <trkpt lat="50.421138" lon="8.535409">
        <ele>301.486856</ele>
        <time>2026-07-23T00:28:48.907Z</time>
      </trkpt>
      <trkpt lat="50.419008" lon="8.538406">
        <ele>303.718702</ele>
        <time>2026-07-23T00:29:39.843Z</time>
      </trkpt>
      <trkpt lat="50.418778" lon="8.538809">
        <ele>303.358265</ele>
        <time>2026-07-23T00:29:44.113Z</time>
      </trkpt>
      <trkpt lat="50.418515" lon="8.539409">
        <ele>301.711234</ele>
        <time>2026-07-23T00:29:48.587Z</time>
      </trkpt>
      <trkpt lat="50.418309" lon="8.540051">
        <ele>302.270339</ele>
        <time>2026-07-23T00:29:58.311Z</time>
      </trkpt>
      <trkpt lat="50.418155" lon="8.540831">
        <ele>304.060354</ele>
        <time>2026-07-23T00:30:13.435Z</time>
      </trkpt>
      <trkpt lat="50.417798" lon="8.543060">
        <ele>308.541497</ele>
        <time>2026-07-23T00:30:52.998Z</time>
      </trkpt>
      <trkpt lat="50.417682" lon="8.544049">
        <ele>311.012496</ele>
        <time>2026-07-23T00:31:12.492Z</time>
      </trkpt>
      <trkpt lat="50.417665" lon="8.544846">
        <ele>313.046020</ele>
        <time>2026-07-23T00:31:28.290Z</time>
      </trkpt>
      <trkpt lat="50.417791" lon="8.547146">
        <ele>316.895465</ele>
        <time>2026-07-23T00:32:06.061Z</time>
      </trkpt>
      <trkpt lat="50.417895" lon="8.548155">
        <ele>316.986319</ele>
        <time>2026-07-23T00:32:15.588Z</time>
      </trkpt>
      <trkpt lat="50.418037" lon="8.548998">
        <ele>316.052567</ele>
        <time>2026-07-23T00:32:21.807Z</time>
      </trkpt>
      <trkpt lat="50.418081" lon="8.549200">
        <ele>315.961152</ele>
        <time>2026-07-23T00:32:23.234Z</time>
      </trkpt>
      <trkpt lat="50.418277" lon="8.550129">
        <ele>316.327711</ele>
        <time>2026-07-23T00:32:34.481Z</time>
      </trkpt>
      <trkpt lat="50.418388" lon="8.550712">
        <ele>317.758530</ele>
        <time>2026-07-23T00:32:46.356Z</time>
      </trkpt>
      <trkpt lat="50.418480" lon="8.551359">
        <ele>319.951241</ele>
        <time>2026-07-23T00:33:01.584Z</time>
      </trkpt>
      <trkpt lat="50.418535" lon="8.552033">
        <ele>321.923357</ele>
        <time>2026-07-23T00:33:15.505Z</time>
      </trkpt>
      <trkpt lat="50.418615" lon="8.554165">
        <ele>328.306253</ele>
        <time>2026-07-23T00:34:02.442Z</time>
      </trkpt>
      <trkpt lat="50.418625" lon="8.554570">
        <ele>328.657093</ele>
        <time>2026-07-23T00:34:07.069Z</time>
      </trkpt>
      <trkpt lat="50.418659" lon="8.555562">
        <ele>328.525749</ele>
        <time>2026-07-23T00:34:15.765Z</time>
      </trkpt>
      <trkpt lat="50.418663" lon="8.555656">
        <ele>328.516436</ele>
        <time>2026-07-23T00:34:16.678Z</time>
      </trkpt>
      <trkpt lat="50.418685" lon="8.556333">
        <ele>328.846944</ele>
        <time>2026-07-23T00:34:23.907Z</time>
      </trkpt>
      <trkpt lat="50.418673" lon="8.556751">
        <ele>329.885505</ele>
        <time>2026-07-23T00:34:32.436Z</time>
      </trkpt>
      <trkpt lat="50.418533" lon="8.557566">
        <ele>332.106062</ele>
        <time>2026-07-23T00:34:49.303Z</time>
      </trkpt>
      <trkpt lat="50.418504" lon="8.557760">
        <ele>332.641331</ele>
        <time>2026-07-23T00:34:53.261Z</time>
      </trkpt>
      <trkpt lat="50.418450" lon="8.558534">
        <ele>335.089799</ele>
        <time>2026-07-23T00:35:11.053Z</time>
      </trkpt>
      <trkpt lat="50.418473" lon="8.559403">
        <ele>337.047841</ele>
        <time>2026-07-23T00:35:26.316Z</time>
      </trkpt>
      <trkpt lat="50.418482" lon="8.559887">
        <ele>338.341967</ele>
        <time>2026-07-23T00:35:36.157Z</time>
      </trkpt>
      <trkpt lat="50.418490" lon="8.560439">
        <ele>340.354579</ele>
        <time>2026-07-23T00:35:49.032Z</time>
      </trkpt>
      <trkpt lat="50.418487" lon="8.560891">
        <ele>342.599599</ele>
        <time>2026-07-23T00:36:02.716Z</time>
      </trkpt>
      <trkpt lat="50.418457" lon="8.561285">
        <ele>344.628259</ele>
        <time>2026-07-23T00:36:14.926Z</time>
      </trkpt>
      <trkpt lat="50.418341" lon="8.562058">
        <ele>347.489338</ele>
        <time>2026-07-23T00:36:35.093Z</time>
      </trkpt>
      <trkpt lat="50.418259" lon="8.562418">
        <ele>347.894786</ele>
        <time>2026-07-23T00:36:38.497Z</time>
      </trkpt>
      <trkpt lat="50.417744" lon="8.564625">
        <ele>349.666881</ele>
        <time>2026-07-23T00:37:07.579Z</time>
      </trkpt>
      <trkpt lat="50.417172" lon="8.567148">
        <ele>359.876341</ele>
        <time>2026-07-23T00:38:14.250Z</time>
      </trkpt>
      <trkpt lat="50.417098" lon="8.567660">
        <ele>362.150927</ele>
        <time>2026-07-23T00:38:29.027Z</time>
      </trkpt>
      <trkpt lat="50.417047" lon="8.568216">
        <ele>363.616363</ele>
        <time>2026-07-23T00:38:39.763Z</time>
      </trkpt>
      <trkpt lat="50.417007" lon="8.569996">
        <ele>368.018553</ele>
        <time>2026-07-23T00:39:14.672Z</time>
      </trkpt>
      <trkpt lat="50.416916" lon="8.570840">
        <ele>369.323201</ele>
        <time>2026-07-23T00:39:27.616Z</time>
      </trkpt>
      <trkpt lat="50.416787" lon="8.571439">
        <ele>370.462066</ele>
        <time>2026-07-23T00:39:37.960Z</time>
      </trkpt>
      <trkpt lat="50.416128" lon="8.573806">
        <ele>378.290311</ele>
        <time>2026-07-23T00:40:34.478Z</time>
      </trkpt>
      <trkpt lat="50.415984" lon="8.574585">
        <ele>379.934481</ele>
        <time>2026-07-23T00:40:48.494Z</time>
      </trkpt>
      <trkpt lat="50.415953" lon="8.575247">
        <ele>380.800769</ele>
        <time>2026-07-23T00:40:58.038Z</time>
      </trkpt>
      <trkpt lat="50.415978" lon="8.575657">
        <ele>381.306080</ele>
        <time>2026-07-23T00:41:03.930Z</time>
      </trkpt>
      <trkpt lat="50.416029" lon="8.576116">
        <ele>381.900463</ele>
        <time>2026-07-23T00:41:10.340Z</time>
      </trkpt>
      <trkpt lat="50.416161" lon="8.576778">
        <ele>382.801984</ele>
        <time>2026-07-23T00:41:20.556Z</time>
      </trkpt>
      <trkpt lat="50.416506" lon="8.578491">
        <ele>385.144502</ele>
        <time>2026-07-23T00:41:47.406Z</time>
      </trkpt>
      <trkpt lat="50.416827" lon="8.580207">
        <ele>385.857801</ele>
        <time>2026-07-23T00:42:05.791Z</time>
      </trkpt>
      <trkpt lat="50.417054" lon="8.582057">
        <ele>393.872341</ele>
        <time>2026-07-23T00:42:56.279Z</time>
      </trkpt>
      <trkpt lat="50.417115" lon="8.582431">
        <ele>395.754582</ele>
        <time>2026-07-23T00:43:08.219Z</time>
      </trkpt>
      <trkpt lat="50.417202" lon="8.582792">
        <ele>397.571333</ele>
        <time>2026-07-23T00:43:19.193Z</time>
      </trkpt>
      <trkpt lat="50.417378" lon="8.583300">
        <ele>400.032338</ele>
        <time>2026-07-23T00:43:34.313Z</time>
      </trkpt>
      <trkpt lat="50.418445" lon="8.585504">
        <ele>410.212706</ele>
        <time>2026-07-23T00:44:41.251Z</time>
      </trkpt>
      <trkpt lat="50.418663" lon="8.586053">
        <ele>412.695597</ele>
        <time>2026-07-23T00:44:57.280Z</time>
      </trkpt>
      <trkpt lat="50.418754" lon="8.586366">
        <ele>413.998493</ele>
        <time>2026-07-23T00:45:05.933Z</time>
      </trkpt>
      <trkpt lat="50.418850" lon="8.586849">
        <ele>415.875381</ele>
        <time>2026-07-23T00:45:18.041Z</time>
      </trkpt>
      <trkpt lat="50.418886" lon="8.587156">
        <ele>416.906997</ele>
        <time>2026-07-23T00:45:25.526Z</time>
      </trkpt>
      <trkpt lat="50.418911" lon="8.587686">
        <ele>418.118577</ele>
        <time>2026-07-23T00:45:35.221Z</time>
      </trkpt>
      <trkpt lat="50.419183" lon="8.587660">
        <ele>418.732672</ele>
        <time>2026-07-23T00:45:42.797Z</time>
      </trkpt>
      <trkpt lat="50.419201" lon="8.587783">
        <ele>419.075876</ele>
        <time>2026-07-23T00:45:44.988Z</time>
      </trkpt>
      <trkpt lat="50.419241" lon="8.587985">
        <ele>419.690468</ele>
        <time>2026-07-23T00:45:49.872Z</time>
      </trkpt>
      <trkpt lat="50.419504" lon="8.589035">
        <ele>423.303960</ele>
        <time>2026-07-23T00:46:15.294Z</time>
      </trkpt>
      <trkpt lat="50.419664" lon="8.589457">
        <ele>424.871473</ele>
        <time>2026-07-23T00:46:26.358Z</time>
      </trkpt>
      <trkpt lat="50.420873" lon="8.591414">
        <ele>432.450843</ele>
        <time>2026-07-23T00:47:24.154Z</time>
      </trkpt>
      <trkpt lat="50.421065" lon="8.592253">
        <ele>430.643139</ele>
        <time>2026-07-23T00:47:29.729Z</time>
      </trkpt>
      <trkpt lat="50.421473" lon="8.593959">
        <ele>424.726003</ele>
        <time>2026-07-23T00:47:40.626Z</time>
      </trkpt>
      <trkpt lat="50.421990" lon="8.593797">
        <ele>421.306741</ele>
        <time>2026-07-23T00:47:45.346Z</time>
      </trkpt>
      <trkpt lat="50.422633" lon="8.593596">
        <ele>419.705537</ele>
        <time>2026-07-23T00:47:52.633Z</time>
      </trkpt>
      <trkpt lat="50.422759" lon="8.593479">
        <ele>419.219145</ele>
        <time>2026-07-23T00:47:54.054Z</time>
      </trkpt>
      <trkpt lat="50.422828" lon="8.593357">
        <ele>419.323535</ele>
        <time>2026-07-23T00:47:55.713Z</time>
      </trkpt>
      <trkpt lat="50.423171" lon="8.592781">
        <ele>420.943249</ele>
        <time>2026-07-23T00:48:15.026Z</time>
      </trkpt>
      <trkpt lat="50.423428" lon="8.592515">
        <ele>421.037421</ele>
        <time>2026-07-23T00:48:21.244Z</time>
      </trkpt>
      <trkpt lat="50.423743" lon="8.592493">
        <ele>420.481210</ele>
        <time>2026-07-23T00:48:25.562Z</time>
      </trkpt>
      <trkpt lat="50.424049" lon="8.592298">
        <ele>422.254931</ele>
        <time>2026-07-23T00:48:42.492Z</time>
      </trkpt>
      <trkpt lat="50.424600" lon="8.592351">
        <ele>421.101935</ele>
        <time>2026-07-23T00:48:48.268Z</time>
      </trkpt>
      <trkpt lat="50.424753" lon="8.592363">
        <ele>420.183122</ele>
        <time>2026-07-23T00:48:49.660Z</time>
      </trkpt>
      <trkpt lat="50.425164" lon="8.592588">
        <ele>416.387674</ele>
        <time>2026-07-23T00:48:53.440Z</time>
      </trkpt>
      <trkpt lat="50.425320" lon="8.592591">
        <ele>415.148491</ele>
        <time>2026-07-23T00:48:54.841Z</time>
      </trkpt>
      <trkpt lat="50.426022" lon="8.592459">
        <ele>409.431082</ele>
        <time>2026-07-23T00:49:01.064Z</time>
      </trkpt>
      <trkpt lat="50.426352" lon="8.592601">
        <ele>406.669560</ele>
        <time>2026-07-23T00:49:04.109Z</time>
      </trkpt>
      <trkpt lat="50.426438" lon="8.592894">
        <ele>404.659268</ele>
        <time>2026-07-23T00:49:06.586Z</time>
      </trkpt>
      <trkpt lat="50.426529" lon="8.592866">
        <ele>403.754857</ele>
        <time>2026-07-23T00:49:07.396Z</time>
      </trkpt>
      <trkpt lat="50.426849" lon="8.592784">
        <ele>400.714743</ele>
        <time>2026-07-23T00:49:10.186Z</time>
      </trkpt>
      <trkpt lat="50.427374" lon="8.592584">
        <ele>398.995623</ele>
        <time>2026-07-23T00:49:15.694Z</time>
      </trkpt>
      <trkpt lat="50.427551" lon="8.592430">
        <ele>398.895868</ele>
        <time>2026-07-23T00:49:19.055Z</time>
      </trkpt>
      <trkpt lat="50.427718" lon="8.592208">
        <ele>398.935333</ele>
        <time>2026-07-23T00:49:22.746Z</time>
      </trkpt>
      <trkpt lat="50.428096" lon="8.591566">
        <ele>398.637787</ele>
        <time>2026-07-23T00:49:29.795Z</time>
      </trkpt>
      <trkpt lat="50.428158" lon="8.591401">
        <ele>398.631596</ele>
        <time>2026-07-23T00:49:31.540Z</time>
      </trkpt>
      <trkpt lat="50.428277" lon="8.590903">
        <ele>398.681881</ele>
        <time>2026-07-23T00:49:37.638Z</time>
      </trkpt>
      <trkpt lat="50.428544" lon="8.589879">
        <ele>397.289982</ele>
        <time>2026-07-23T00:49:45.323Z</time>
      </trkpt>
      <trkpt lat="50.429083" lon="8.588620">
        <ele>392.442710</ele>
        <time>2026-07-23T00:49:54.419Z</time>
      </trkpt>
      <trkpt lat="50.429708" lon="8.587030">
        <ele>385.773486</ele>
        <time>2026-07-23T00:50:05.297Z</time>
      </trkpt>
      <trkpt lat="50.429493" lon="8.585288">
        <ele>389.741052</ele>
        <time>2026-07-23T00:50:40.650Z</time>
      </trkpt>
      <trkpt lat="50.429336" lon="8.583537">
        <ele>393.025305</ele>
        <time>2026-07-23T00:51:10.948Z</time>
      </trkpt>
      <trkpt lat="50.429095" lon="8.582064">
        <ele>393.272576</ele>
        <time>2026-07-23T00:51:24.809Z</time>
      </trkpt>
      <trkpt lat="50.428816" lon="8.580896">
        <ele>396.347588</ele>
        <time>2026-07-23T00:51:50.003Z</time>
      </trkpt>
      <trkpt lat="50.428399" lon="8.579564">
        <ele>399.632094</ele>
        <time>2026-07-23T00:52:17.065Z</time>
      </trkpt>
      <trkpt lat="50.428208" lon="8.578637">
        <ele>400.981119</ele>
        <time>2026-07-23T00:52:32.072Z</time>
      </trkpt>
      <trkpt lat="50.428126" lon="8.578012">
        <ele>401.113203</ele>
        <time>2026-07-23T00:52:37.983Z</time>
      </trkpt>
      <trkpt lat="50.428431" lon="8.577066">
        <ele>401.413731</ele>
        <time>2026-07-23T00:52:48.839Z</time>
      </trkpt>
      <trkpt lat="50.428698" lon="8.575562">
        <ele>403.827836</ele>
        <time>2026-07-23T00:53:14.237Z</time>
      </trkpt>
      <trkpt lat="50.428906" lon="8.574463">
        <ele>403.717127</ele>
        <time>2026-07-23T00:53:24.126Z</time>
      </trkpt>
      <trkpt lat="50.429110" lon="8.573797">
        <ele>403.870041</ele>
        <time>2026-07-23T00:53:31.198Z</time>
      </trkpt>
      <trkpt lat="50.430720" lon="8.568517">
        <ele>422.200756</ele>
        <time>2026-07-23T00:55:40.573Z</time>
      </trkpt>
      <trkpt lat="50.430932" lon="8.567872">
        <ele>424.362644</ele>
        <time>2026-07-23T00:55:56.820Z</time>
      </trkpt>
      <trkpt lat="50.431007" lon="8.567789">
        <ele>424.720487</ele>
        <time>2026-07-23T00:55:59.316Z</time>
      </trkpt>
      <trkpt lat="50.431465" lon="8.567544">
        <ele>425.164464</ele>
        <time>2026-07-23T00:56:07.808Z</time>
      </trkpt>
      <trkpt lat="50.432431" lon="8.566933">
        <ele>425.163406</ele>
        <time>2026-07-23T00:56:23.583Z</time>
      </trkpt>
      <trkpt lat="50.432775" lon="8.566668">
        <ele>424.653512</ele>
        <time>2026-07-23T00:56:28.261Z</time>
      </trkpt>
      <trkpt lat="50.433705" lon="8.566152">
        <ele>421.477662</ele>
        <time>2026-07-23T00:56:38.148Z</time>
      </trkpt>
      <trkpt lat="50.433902" lon="8.566099">
        <ele>420.703542</ele>
        <time>2026-07-23T00:56:40.099Z</time>
      </trkpt>
      <trkpt lat="50.434227" lon="8.566223">
        <ele>419.470247</ele>
        <time>2026-07-23T00:56:43.402Z</time>
      </trkpt>
      <trkpt lat="50.434928" lon="8.566317">
        <ele>417.607263</ele>
        <time>2026-07-23T00:56:50.827Z</time>
      </trkpt>
      <trkpt lat="50.436213" lon="8.566021">
        <ele>414.187084</ele>
        <time>2026-07-23T00:57:04.550Z</time>
      </trkpt>
      <trkpt lat="50.436704" lon="8.565938">
        <ele>410.406837</ele>
        <time>2026-07-23T00:57:08.929Z</time>
      </trkpt>
      <trkpt lat="50.437536" lon="8.565880">
        <ele>402.807252</ele>
        <time>2026-07-23T00:57:16.154Z</time>
      </trkpt>
      <trkpt lat="50.437635" lon="8.565891">
        <ele>401.926099</ele>
        <time>2026-07-23T00:57:17.016Z</time>
      </trkpt>
      <trkpt lat="50.437982" lon="8.566030">
        <ele>398.708072</ele>
        <time>2026-07-23T00:57:20.143Z</time>
      </trkpt>
      <trkpt lat="50.438611" lon="8.566372">
        <ele>391.408500</ele>
        <time>2026-07-23T00:57:25.810Z</time>
      </trkpt>
      <trkpt lat="50.439297" lon="8.566713">
        <ele>385.695176</ele>
        <time>2026-07-23T00:57:32.178Z</time>
      </trkpt>
      <trkpt lat="50.439463" lon="8.566735">
        <ele>384.383752</ele>
        <time>2026-07-23T00:57:33.654Z</time>
      </trkpt>
      <trkpt lat="50.439963" lon="8.566637">
        <ele>380.228957</ele>
        <time>2026-07-23T00:57:38.080Z</time>
      </trkpt>
      <trkpt lat="50.440064" lon="8.566610">
        <ele>379.445871</ele>
        <time>2026-07-23T00:57:38.976Z</time>
      </trkpt>
      <trkpt lat="50.440270" lon="8.566589">
        <ele>378.026858</ele>
        <time>2026-07-23T00:57:40.879Z</time>
      </trkpt>
      <trkpt lat="50.440750" lon="8.566478">
        <ele>374.612347</ele>
        <time>2026-07-23T00:57:45.221Z</time>
      </trkpt>
      <trkpt lat="50.441001" lon="8.566379">
        <ele>372.770856</ele>
        <time>2026-07-23T00:57:47.543Z</time>
      </trkpt>
      <trkpt lat="50.441144" lon="8.566286">
        <ele>371.586857</ele>
        <time>2026-07-23T00:57:48.923Z</time>
      </trkpt>
      <trkpt lat="50.441403" lon="8.566035">
        <ele>369.170739</ele>
        <time>2026-07-23T00:57:51.601Z</time>
      </trkpt>
      <trkpt lat="50.441610" lon="8.565812">
        <ele>366.940487</ele>
        <time>2026-07-23T00:57:53.799Z</time>
      </trkpt>
      <trkpt lat="50.442079" lon="8.564874">
        <ele>359.014178</ele>
        <time>2026-07-23T00:58:00.305Z</time>
      </trkpt>
      <trkpt lat="50.442370" lon="8.564402">
        <ele>354.888965</ele>
        <time>2026-07-23T00:58:03.891Z</time>
      </trkpt>
      <trkpt lat="50.442428" lon="8.564329">
        <ele>354.318710</ele>
        <time>2026-07-23T00:58:04.564Z</time>
      </trkpt>
      <trkpt lat="50.442727" lon="8.564156">
        <ele>352.058374</ele>
        <time>2026-07-23T00:58:07.484Z</time>
      </trkpt>
      <trkpt lat="50.442917" lon="8.564000">
        <ele>349.873860</ele>
        <time>2026-07-23T00:58:09.302Z</time>
      </trkpt>
      <trkpt lat="50.443214" lon="8.563549">
        <ele>345.311852</ele>
        <time>2026-07-23T00:58:12.811Z</time>
      </trkpt>
      <trkpt lat="50.443292" lon="8.563288">
        <ele>343.986195</ele>
        <time>2026-07-23T00:58:14.473Z</time>
      </trkpt>
      <trkpt lat="50.443341" lon="8.563271">
        <ele>343.666123</ele>
        <time>2026-07-23T00:58:14.944Z</time>
      </trkpt>
      <trkpt lat="50.443488" lon="8.563193">
        <ele>342.468080</ele>
        <time>2026-07-23T00:58:16.358Z</time>
      </trkpt>
      <trkpt lat="50.444368" lon="8.562740">
        <ele>333.075192</ele>
        <time>2026-07-23T00:58:24.306Z</time>
      </trkpt>
      <trkpt lat="50.444722" lon="8.562642">
        <ele>329.336196</ele>
        <time>2026-07-23T00:58:27.365Z</time>
      </trkpt>
      <trkpt lat="50.445065" lon="8.562717">
        <ele>326.441587</ele>
        <time>2026-07-23T00:58:30.416Z</time>
      </trkpt>
      <trkpt lat="50.445258" lon="8.562851">
        <ele>324.838940</ele>
        <time>2026-07-23T00:58:32.311Z</time>
      </trkpt>
      <trkpt lat="50.445449" lon="8.563069">
        <ele>322.957748</ele>
        <time>2026-07-23T00:58:34.394Z</time>
      </trkpt>
      <trkpt lat="50.445929" lon="8.563939">
        <ele>317.889079</ele>
        <time>2026-07-23T00:58:40.956Z</time>
      </trkpt>
      <trkpt lat="50.446041" lon="8.564181">
        <ele>317.438000</ele>
        <time>2026-07-23T00:58:43.192Z</time>
      </trkpt>
      <trkpt lat="50.446127" lon="8.564477">
        <ele>317.092635</ele>
        <time>2026-07-23T00:58:45.623Z</time>
      </trkpt>
      <trkpt lat="50.446162" lon="8.564820">
        <ele>316.339337</ele>
        <time>2026-07-23T00:58:47.834Z</time>
      </trkpt>
      <trkpt lat="50.446153" lon="8.565172">
        <ele>315.238122</ele>
        <time>2026-07-23T00:58:49.960Z</time>
      </trkpt>
      <trkpt lat="50.445895" lon="8.566431">
        <ele>309.800057</ele>
        <time>2026-07-23T00:58:57.638Z</time>
      </trkpt>
      <trkpt lat="50.445866" lon="8.566665">
        <ele>308.163870</ele>
        <time>2026-07-23T00:58:58.951Z</time>
      </trkpt>
      <trkpt lat="50.445882" lon="8.566855">
        <ele>306.210629</ele>
        <time>2026-07-23T00:58:59.953Z</time>
      </trkpt>
      <trkpt lat="50.445948" lon="8.567098">
        <ele>303.684322</ele>
        <time>2026-07-23T00:59:01.329Z</time>
      </trkpt>
      <trkpt lat="50.446050" lon="8.567291">
        <ele>301.809598</ele>
        <time>2026-07-23T00:59:02.713Z</time>
      </trkpt>
      <trkpt lat="50.446243" lon="8.567419">
        <ele>300.509646</ele>
        <time>2026-07-23T00:59:04.703Z</time>
      </trkpt>
      <trkpt lat="50.446373" lon="8.567430">
        <ele>299.703576</ele>
        <time>2026-07-23T00:59:05.860Z</time>
      </trkpt>
      <trkpt lat="50.446492" lon="8.567385">
        <ele>299.147766</ele>
        <time>2026-07-23T00:59:07.001Z</time>
      </trkpt>
      <trkpt lat="50.446720" lon="8.567166">
        <ele>298.436226</ele>
        <time>2026-07-23T00:59:09.926Z</time>
      </trkpt>
      <trkpt lat="50.446798" lon="8.567000">
        <ele>298.185149</ele>
        <time>2026-07-23T00:59:11.414Z</time>
      </trkpt>
      <trkpt lat="50.446907" lon="8.566637">
        <ele>297.697026</ele>
        <time>2026-07-23T00:59:14.220Z</time>
      </trkpt>
      <trkpt lat="50.447009" lon="8.566037">
        <ele>296.894895</ele>
        <time>2026-07-23T00:59:18.563Z</time>
      </trkpt>
      <trkpt lat="50.447184" lon="8.565297">
        <ele>295.849486</ele>
        <time>2026-07-23T00:59:24.028Z</time>
      </trkpt>
      <trkpt lat="50.447368" lon="8.564623">
        <ele>295.352959</ele>
        <time>2026-07-23T00:59:29.671Z</time>
      </trkpt>
      <trkpt lat="50.447584" lon="8.563766">
        <ele>295.160522</ele>
        <time>2026-07-23T00:59:37.855Z</time>
      </trkpt>
      <trkpt lat="50.447604" lon="8.563513">
        <ele>294.900282</ele>
        <time>2026-07-23T00:59:39.771Z</time>
      </trkpt>
      <trkpt lat="50.447579" lon="8.563195">
        <ele>294.286639</ele>
        <time>2026-07-23T00:59:41.876Z</time>
      </trkpt>
      <trkpt lat="50.447498" lon="8.562346">
        <ele>291.751358</ele>
        <time>2026-07-23T00:59:47.026Z</time>
      </trkpt>
      <trkpt lat="50.447522" lon="8.562162">
        <ele>291.428050</ele>
        <time>2026-07-23T00:59:48.279Z</time>
      </trkpt>
      <trkpt lat="50.447600" lon="8.561978">
        <ele>291.105985</ele>
        <time>2026-07-23T00:59:49.849Z</time>
      </trkpt>
      <trkpt lat="50.447777" lon="8.561738">
        <ele>290.838909</ele>
        <time>2026-07-23T00:59:52.563Z</time>
      </trkpt>
      <trkpt lat="50.447872" lon="8.561578">
        <ele>290.788991</ele>
        <time>2026-07-23T00:59:54.446Z</time>
      </trkpt>
      <trkpt lat="50.447999" lon="8.561188">
        <ele>291.119836</ele>
        <time>2026-07-23T00:59:59.767Z</time>
      </trkpt>
      <trkpt lat="50.448039" lon="8.560861">
        <ele>292.184659</ele>
        <time>2026-07-23T01:00:07.505Z</time>
      </trkpt>
      <trkpt lat="50.448021" lon="8.560431">
        <ele>293.979037</ele>
        <time>2026-07-23T01:00:20.008Z</time>
      </trkpt>
      <trkpt lat="50.447987" lon="8.560246">
        <ele>294.326826</ele>
        <time>2026-07-23T01:00:24.239Z</time>
      </trkpt>
      <trkpt lat="50.448278" lon="8.559916">
        <ele>293.678122</ele>
        <time>2026-07-23T01:00:27.741Z</time>
      </trkpt>
      <trkpt lat="50.448420" lon="8.559670">
        <ele>293.834535</ele>
        <time>2026-07-23T01:00:32.269Z</time>
      </trkpt>
      <trkpt lat="50.448574" lon="8.559169">
        <ele>294.976574</ele>
        <time>2026-07-23T01:00:43.515Z</time>
      </trkpt>
      <trkpt lat="50.448771" lon="8.558535">
        <ele>294.449528</ele>
        <time>2026-07-23T01:00:48.927Z</time>
      </trkpt>
      <trkpt lat="50.448909" lon="8.558174">
        <ele>292.803222</ele>
        <time>2026-07-23T01:00:51.329Z</time>
      </trkpt>
      <trkpt lat="50.449039" lon="8.557991">
        <ele>291.486402</ele>
        <time>2026-07-23T01:00:52.892Z</time>
      </trkpt>
      <trkpt lat="50.449210" lon="8.557861">
        <ele>289.867673</ele>
        <time>2026-07-23T01:00:54.550Z</time>
      </trkpt>
      <trkpt lat="50.449745" lon="8.557597">
        <ele>285.265994</ele>
        <time>2026-07-23T01:00:59.485Z</time>
      </trkpt>
      <trkpt lat="50.450079" lon="8.557439">
        <ele>282.425287</ele>
        <time>2026-07-23T01:01:02.530Z</time>
      </trkpt>
      <trkpt lat="50.450152" lon="8.557418">
        <ele>281.891302</ele>
        <time>2026-07-23T01:01:03.223Z</time>
      </trkpt>
      <trkpt lat="50.450333" lon="8.557398">
        <ele>281.281908</ele>
        <time>2026-07-23T01:01:05.147Z</time>
      </trkpt>
      <trkpt lat="50.450584" lon="8.557433">
        <ele>280.414214</ele>
        <time>2026-07-23T01:01:07.629Z</time>
      </trkpt>
      <trkpt lat="50.451159" lon="8.557749">
        <ele>278.639275</ele>
        <time>2026-07-23T01:01:13.846Z</time>
      </trkpt>
      <trkpt lat="50.452222" lon="8.557976">
        <ele>277.818315</ele>
        <time>2026-07-23T01:01:28.076Z</time>
      </trkpt>
      <trkpt lat="50.452702" lon="8.558136">
        <ele>276.482281</ele>
        <time>2026-07-23T01:01:33.139Z</time>
      </trkpt>
      <trkpt lat="50.453006" lon="8.558286">
        <ele>274.945135</ele>
        <time>2026-07-23T01:01:36.153Z</time>
      </trkpt>
      <trkpt lat="50.453741" lon="8.558695">
        <ele>270.206873</ele>
        <time>2026-07-23T01:01:43.180Z</time>
      </trkpt>
      <trkpt lat="50.454119" lon="8.558924">
        <ele>270.390274</ele>
        <time>2026-07-23T01:01:52.899Z</time>
      </trkpt>
      <trkpt lat="50.454436" lon="8.559188">
        <ele>269.767005</ele>
        <time>2026-07-23T01:01:56.871Z</time>
      </trkpt>
      <trkpt lat="50.454986" lon="8.559778">
        <ele>266.157311</ele>
        <time>2026-07-23T01:02:03.050Z</time>
      </trkpt>
      <trkpt lat="50.455250" lon="8.560132">
        <ele>263.966950</ele>
        <time>2026-07-23T01:02:06.184Z</time>
      </trkpt>
      <trkpt lat="50.455591" lon="8.560647">
        <ele>261.387966</ele>
        <time>2026-07-23T01:02:10.577Z</time>
      </trkpt>
      <trkpt lat="50.456045" lon="8.561436">
        <ele>259.628159</ele>
        <time>2026-07-23T01:02:17.753Z</time>
      </trkpt>
      <trkpt lat="50.456621" lon="8.562549">
        <ele>257.895267</ele>
        <time>2026-07-23T01:02:27.970Z</time>
      </trkpt>
      <trkpt lat="50.457133" lon="8.563453">
        <ele>256.454352</ele>
        <time>2026-07-23T01:02:36.455Z</time>
      </trkpt>
      <trkpt lat="50.457225" lon="8.563599">
        <ele>256.272900</ele>
        <time>2026-07-23T01:02:38.441Z</time>
      </trkpt>
      <trkpt lat="50.457843" lon="8.564500">
        <ele>254.036742</ele>
        <time>2026-07-23T01:02:47.166Z</time>
      </trkpt>
      <trkpt lat="50.458463" lon="8.565289">
        <ele>251.415352</ele>
        <time>2026-07-23T01:02:55.088Z</time>
      </trkpt>
      <trkpt lat="50.458902" lon="8.565870">
        <ele>252.380852</ele>
        <time>2026-07-23T01:03:08.499Z</time>
      </trkpt>
      <trkpt lat="50.459311" lon="8.566553">
        <ele>253.445927</ele>
        <time>2026-07-23T01:03:21.680Z</time>
      </trkpt>
      <trkpt lat="50.459477" lon="8.566923">
        <ele>253.436446</ele>
        <time>2026-07-23T01:03:26.271Z</time>
      </trkpt>
      <trkpt lat="50.459789" lon="8.567824">
        <ele>252.202937</ele>
        <time>2026-07-23T01:03:33.530Z</time>
      </trkpt>
      <trkpt lat="50.460620" lon="8.571367">
        <ele>244.044882</ele>
        <time>2026-07-23T01:03:57.583Z</time>
      </trkpt>
      <trkpt lat="50.460787" lon="8.572525">
        <ele>242.545209</ele>
        <time>2026-07-23T01:04:05.874Z</time>
      </trkpt>
      <trkpt lat="50.461108" lon="8.576235">
        <ele>239.217706</ele>
        <time>2026-07-23T01:04:33.648Z</time>
      </trkpt>
      <trkpt lat="50.461146" lon="8.576965">
        <ele>238.783144</ele>
        <time>2026-07-23T01:04:39.393Z</time>
      </trkpt>
      <trkpt lat="50.461148" lon="8.577946">
        <ele>237.890196</ele>
        <time>2026-07-23T01:04:46.677Z</time>
      </trkpt>
      <trkpt lat="50.461124" lon="8.578513">
        <ele>237.309919</ele>
        <time>2026-07-23T01:04:50.781Z</time>
      </trkpt>
      <trkpt lat="50.460973" lon="8.580335">
        <ele>235.489712</ele>
        <time>2026-07-23T01:05:04.127Z</time>
      </trkpt>
      <trkpt lat="50.460951" lon="8.581244">
        <ele>234.566763</ele>
        <time>2026-07-23T01:05:10.729Z</time>
      </trkpt>
      <trkpt lat="50.461004" lon="8.582321">
        <ele>234.303470</ele>
        <time>2026-07-23T01:05:20.084Z</time>
      </trkpt>
      <trkpt lat="50.461038" lon="8.582622">
        <ele>234.216853</ele>
        <time>2026-07-23T01:05:23.080Z</time>
      </trkpt>
      <trkpt lat="50.461110" lon="8.583005">
        <ele>233.828857</ele>
        <time>2026-07-23T01:05:25.783Z</time>
      </trkpt>
      <trkpt lat="50.461214" lon="8.583338">
        <ele>233.833850</ele>
        <time>2026-07-23T01:05:29.630Z</time>
      </trkpt>
      <trkpt lat="50.461365" lon="8.583689">
        <ele>234.126652</ele>
        <time>2026-07-23T01:05:35.029Z</time>
      </trkpt>
      <trkpt lat="50.461505" lon="8.583882">
        <ele>234.366585</ele>
        <time>2026-07-23T01:05:38.674Z</time>
      </trkpt>
      <trkpt lat="50.461690" lon="8.584029">
        <ele>234.587765</ele>
        <time>2026-07-23T01:05:42.572Z</time>
      </trkpt>
      <trkpt lat="50.461583" lon="8.584446">
        <ele>234.712821</ele>
        <time>2026-07-23T01:05:47.647Z</time>
      </trkpt>
      <trkpt lat="50.461455" lon="8.584755">
        <ele>234.548953</ele>
        <time>2026-07-23T01:05:50.630Z</time>
      </trkpt>
      <trkpt lat="50.461169" lon="8.585307">
        <ele>234.096933</ele>
        <time>2026-07-23T01:05:55.736Z</time>
      </trkpt>
      <trkpt lat="50.461127" lon="8.585567">
        <ele>234.484065</ele>
        <time>2026-07-23T01:06:00.755Z</time>
      </trkpt>
      <trkpt lat="50.461148" lon="8.586241">
        <ele>236.576748</ele>
        <time>2026-07-23T01:06:15.785Z</time>
      </trkpt>
      <trkpt lat="50.461260" lon="8.586720">
        <ele>237.958718</ele>
        <time>2026-07-23T01:06:26.441Z</time>
      </trkpt>
      <trkpt lat="50.461325" lon="8.587038">
        <ele>238.394938</ele>
        <time>2026-07-23T01:06:31.480Z</time>
      </trkpt>
      <trkpt lat="50.461402" lon="8.587669">
        <ele>238.307314</ele>
        <time>2026-07-23T01:06:37.447Z</time>
      </trkpt>
      <trkpt lat="50.461379" lon="8.588212">
        <ele>237.328685</ele>
        <time>2026-07-23T01:06:40.924Z</time>
      </trkpt>
      <trkpt lat="50.461257" lon="8.588537">
        <ele>236.609475</ele>
        <time>2026-07-23T01:06:43.463Z</time>
      </trkpt>
      <trkpt lat="50.461116" lon="8.589181">
        <ele>234.640183</ele>
        <time>2026-07-23T01:06:47.499Z</time>
      </trkpt>
      <trkpt lat="50.461133" lon="8.589313">
        <ele>234.995869</ele>
        <time>2026-07-23T01:06:49.763Z</time>
      </trkpt>
      <trkpt lat="50.461270" lon="8.589750">
        <ele>236.713151</ele>
        <time>2026-07-23T01:07:03.478Z</time>
      </trkpt>
      <trkpt lat="50.461307" lon="8.590010">
        <ele>237.140240</ele>
        <time>2026-07-23T01:07:08.224Z</time>
      </trkpt>
      <trkpt lat="50.461328" lon="8.590868">
        <ele>237.218923</ele>
        <time>2026-07-23T01:07:15.530Z</time>
      </trkpt>
      <trkpt lat="50.461351" lon="8.591104">
        <ele>237.010565</ele>
        <time>2026-07-23T01:07:17.644Z</time>
      </trkpt>
      <trkpt lat="50.461332" lon="8.591367">
        <ele>236.627429</ele>
        <time>2026-07-23T01:07:19.332Z</time>
      </trkpt>
      <trkpt lat="50.461241" lon="8.592216">
        <ele>234.862932</ele>
        <time>2026-07-23T01:07:24.920Z</time>
      </trkpt>
      <trkpt lat="50.461235" lon="8.592576">
        <ele>233.964255</ele>
        <time>2026-07-23T01:07:27.164Z</time>
      </trkpt>
      <trkpt lat="50.461337" lon="8.593597">
        <ele>231.003857</ele>
        <time>2026-07-23T01:07:33.439Z</time>
      </trkpt>
      <trkpt lat="50.461533" lon="8.595343">
        <ele>228.065646</ele>
        <time>2026-07-23T01:07:45.274Z</time>
      </trkpt>
      <trkpt lat="50.461544" lon="8.595409">
        <ele>227.970894</ele>
        <time>2026-07-23T01:07:45.833Z</time>
      </trkpt>
      <trkpt lat="50.461559" lon="8.595503">
        <ele>227.777096</ele>
        <time>2026-07-23T01:07:46.593Z</time>
      </trkpt>
      <trkpt lat="50.461697" lon="8.596372">
        <ele>225.906913</ele>
        <time>2026-07-23T01:07:52.257Z</time>
      </trkpt>
      <trkpt lat="50.462066" lon="8.598293">
        <ele>223.961076</ele>
        <time>2026-07-23T01:08:07.027Z</time>
      </trkpt>
      <trkpt lat="50.462406" lon="8.599724">
        <ele>222.229446</ele>
        <time>2026-07-23T01:08:17.891Z</time>
      </trkpt>
      <trkpt lat="50.462775" lon="8.601017">
        <ele>220.968944</ele>
        <time>2026-07-23T01:08:28.593Z</time>
      </trkpt>
      <trkpt lat="50.462886" lon="8.601403">
        <ele>220.112009</ele>
        <time>2026-07-23T01:08:31.191Z</time>
      </trkpt>
      <trkpt lat="50.463108" lon="8.602196">
        <ele>219.762048</ele>
        <time>2026-07-23T01:08:38.882Z</time>
      </trkpt>
      <trkpt lat="50.464102" lon="8.605266">
        <ele>218.103134</ele>
        <time>2026-07-23T01:09:06.586Z</time>
      </trkpt>
      <trkpt lat="50.464617" lon="8.606835">
        <ele>217.328780</ele>
        <time>2026-07-23T01:09:20.915Z</time>
      </trkpt>
      <trkpt lat="50.465005" lon="8.608022">
        <ele>217.100794</ele>
        <time>2026-07-23T01:09:33.064Z</time>
      </trkpt>
      <trkpt lat="50.465516" lon="8.609581">
        <ele>213.699157</ele>
        <time>2026-07-23T01:09:44.388Z</time>
      </trkpt>
      <trkpt lat="50.465879" lon="8.610682">
        <ele>213.300512</ele>
        <time>2026-07-23T01:09:54.938Z</time>
      </trkpt>
      <trkpt lat="50.466273" lon="8.611780">
        <ele>212.962075</ele>
        <time>2026-07-23T01:10:05.855Z</time>
      </trkpt>
      <trkpt lat="50.466760" lon="8.612808">
        <ele>211.670231</ele>
        <time>2026-07-23T01:10:15.104Z</time>
      </trkpt>
      <trkpt lat="50.467089" lon="8.613375">
        <ele>211.537164</ele>
        <time>2026-07-23T01:10:21.732Z</time>
      </trkpt>
      <trkpt lat="50.467363" lon="8.613768">
        <ele>212.172105</ele>
        <time>2026-07-23T01:10:30.887Z</time>
      </trkpt>
      <trkpt lat="50.467688" lon="8.614214">
        <ele>211.795093</ele>
        <time>2026-07-23T01:10:35.940Z</time>
      </trkpt>
      <trkpt lat="50.468015" lon="8.614589">
        <ele>211.211223</ele>
        <time>2026-07-23T01:10:40.663Z</time>
      </trkpt>
      <trkpt lat="50.468368" lon="8.614923">
        <ele>210.694326</ele>
        <time>2026-07-23T01:10:45.565Z</time>
      </trkpt>
      <trkpt lat="50.468753" lon="8.615203">
        <ele>210.134356</ele>
        <time>2026-07-23T01:10:50.525Z</time>
      </trkpt>
      <trkpt lat="50.469140" lon="8.615388">
        <ele>209.922797</ele>
        <time>2026-07-23T01:10:55.817Z</time>
      </trkpt>
      <trkpt lat="50.469282" lon="8.615422">
        <ele>209.845992</ele>
        <time>2026-07-23T01:10:57.745Z</time>
      </trkpt>
      <trkpt lat="50.469472" lon="8.615467">
        <ele>209.682961</ele>
        <time>2026-07-23T01:11:00.105Z</time>
      </trkpt>
      <trkpt lat="50.469819" lon="8.615489">
        <ele>209.188449</ele>
        <time>2026-07-23T01:11:04.116Z</time>
      </trkpt>
      <trkpt lat="50.470235" lon="8.615430">
        <ele>208.457097</ele>
        <time>2026-07-23T01:11:08.845Z</time>
      </trkpt>
      <trkpt lat="50.471184" lon="8.615060">
        <ele>206.223066</ele>
        <time>2026-07-23T01:11:19.232Z</time>
      </trkpt>
      <trkpt lat="50.471599" lon="8.614963">
        <ele>206.613267</ele>
        <time>2026-07-23T01:11:27.670Z</time>
      </trkpt>
      <trkpt lat="50.472068" lon="8.614948">
        <ele>207.186446</ele>
        <time>2026-07-23T01:11:37.401Z</time>
      </trkpt>
      <trkpt lat="50.472590" lon="8.615020">
        <ele>206.486514</ele>
        <time>2026-07-23T01:11:43.404Z</time>
      </trkpt>
      <trkpt lat="50.472481" lon="8.616694">
        <ele>204.590904</ele>
        <time>2026-07-23T01:11:55.348Z</time>
      </trkpt>
      <trkpt lat="50.472478" lon="8.616745">
        <ele>204.544659</ele>
        <time>2026-07-23T01:11:55.715Z</time>
      </trkpt>
      <trkpt lat="50.472456" lon="8.616875">
        <ele>204.428838</ele>
        <time>2026-07-23T01:11:56.688Z</time>
      </trkpt>
      <trkpt lat="50.472417" lon="8.617103">
        <ele>204.344747</ele>
        <time>2026-07-23T01:11:58.444Z</time>
      </trkpt>
      <trkpt lat="50.472390" lon="8.617278">
        <ele>204.539960</ele>
        <time>2026-07-23T01:12:00.510Z</time>
      </trkpt>
      <trkpt lat="50.472251" lon="8.618388">
        <ele>207.584424</ele>
        <time>2026-07-23T01:12:25.395Z</time>
      </trkpt>
      <trkpt lat="50.472478" lon="8.618348">
        <ele>207.581401</ele>
        <time>2026-07-23T01:12:28.184Z</time>
      </trkpt>
      <trkpt lat="50.472556" lon="8.618310">
        <ele>207.539587</ele>
        <time>2026-07-23T01:12:29.512Z</time>
      </trkpt>
      <trkpt lat="50.472717" lon="8.618241">
        <ele>207.456900</ele>
        <time>2026-07-23T01:12:31.746Z</time>
      </trkpt>
      <trkpt lat="50.472866" lon="8.618222">
        <ele>207.742066</ele>
        <time>2026-07-23T01:12:34.786Z</time>
      </trkpt>
      <trkpt lat="50.472962" lon="8.618255">
        <ele>208.035195</ele>
        <time>2026-07-23T01:12:37.609Z</time>
      </trkpt>
      <trkpt lat="50.473035" lon="8.618315">
        <ele>208.547328</ele>
        <time>2026-07-23T01:12:41.137Z</time>
      </trkpt>
      <trkpt lat="50.473287" lon="8.618555">
        <ele>210.447140</ele>
        <time>2026-07-23T01:12:54.506Z</time>
      </trkpt>
      <trkpt lat="50.473415" lon="8.618666">
        <ele>210.954000</ele>
        <time>2026-07-23T01:12:59.892Z</time>
      </trkpt>
      <trkpt lat="50.473590" lon="8.618810">
        <ele>211.182971</ele>
        <time>2026-07-23T01:13:02.850Z</time>
      </trkpt>
      <trkpt lat="50.473879" lon="8.618939">
        <ele>211.000811</ele>
        <time>2026-07-23T01:13:06.725Z</time>
      </trkpt>
      <trkpt lat="50.473931" lon="8.618959">
        <ele>210.946734</ele>
        <time>2026-07-23T01:13:07.620Z</time>
      </trkpt>
      <trkpt lat="50.473975" lon="8.618955">
        <ele>210.868290</ele>
        <time>2026-07-23T01:13:08.322Z</time>
      </trkpt>
      <trkpt lat="50.474535" lon="8.618886">
        <ele>209.371235</ele>
        <time>2026-07-23T01:13:14.124Z</time>
      </trkpt>
      <trkpt lat="50.474617" lon="8.618881">
        <ele>209.182019</ele>
        <time>2026-07-23T01:13:15.409Z</time>
      </trkpt>
      <trkpt lat="50.475307" lon="8.618833">
        <ele>209.423495</ele>
        <time>2026-07-23T01:13:25.606Z</time>
      </trkpt>
      <trkpt lat="50.475358" lon="8.619186">
        <ele>211.559568</ele>
        <time>2026-07-23T01:13:39.026Z</time>
      </trkpt>
      <trkpt lat="50.475482" lon="8.620280">
        <ele>218.164148</ele>
        <time>2026-07-23T01:14:16.703Z</time>
      </trkpt>
      <trkpt lat="50.475615" lon="8.620679">
        <ele>219.208959</ele>
        <time>2026-07-23T01:14:25.984Z</time>
      </trkpt>
      <trkpt lat="50.475656" lon="8.620731">
        <ele>219.233120</ele>
        <time>2026-07-23T01:14:26.656Z</time>
      </trkpt>
      <trkpt lat="50.475700" lon="8.620665">
        <ele>219.261014</ele>
        <time>2026-07-23T01:14:27.265Z</time>
      </trkpt>
      <trkpt lat="50.476181" lon="8.619940">
        <ele>215.111781</ele>
        <time>2026-07-23T01:14:33.337Z</time>
      </trkpt>
      <trkpt lat="50.476401" lon="8.619558">
        <ele>213.240125</ele>
        <time>2026-07-23T01:14:36.336Z</time>
      </trkpt>
      <trkpt lat="50.477007" lon="8.618946">
        <ele>210.014052</ele>
        <time>2026-07-23T01:14:43.289Z</time>
      </trkpt>
      <trkpt lat="50.477133" lon="8.618819">
        <ele>209.367014</ele>
        <time>2026-07-23T01:14:44.736Z</time>
      </trkpt>
      <trkpt lat="50.477879" lon="8.618033">
        <ele>205.302442</ele>
        <time>2026-07-23T01:14:53.321Z</time>
      </trkpt>
      <trkpt lat="50.477928" lon="8.617855">
        <ele>204.759686</ele>
        <time>2026-07-23T01:14:54.468Z</time>
      </trkpt>
      <trkpt lat="50.478164" lon="8.617821">
        <ele>204.272512</ele>
        <time>2026-07-23T01:14:57.088Z</time>
      </trkpt>
      <trkpt lat="50.478306" lon="8.617845">
        <ele>204.172693</ele>
        <time>2026-07-23T01:14:59.172Z</time>
      </trkpt>
      <trkpt lat="50.478380" lon="8.617887">
        <ele>204.135990</ele>
        <time>2026-07-23T01:15:00.326Z</time>
      </trkpt>
      <trkpt lat="50.479087" lon="8.615919">
        <ele>201.881338</ele>
        <time>2026-07-23T01:15:16.643Z</time>
      </trkpt>
      <trkpt lat="50.480029" lon="8.613346">
        <ele>201.209507</ele>
        <time>2026-07-23T01:15:42.662Z</time>
      </trkpt>
      <trkpt lat="50.480372" lon="8.612345">
        <ele>200.979301</ele>
        <time>2026-07-23T01:15:52.971Z</time>
      </trkpt>
      <trkpt lat="50.480499" lon="8.612007">
        <ele>200.363346</ele>
        <time>2026-07-23T01:15:55.474Z</time>
      </trkpt>
      <trkpt lat="50.481010" lon="8.610612">
        <ele>199.280524</ele>
        <time>2026-07-23T01:16:07.928Z</time>
      </trkpt>
      <trkpt lat="50.481137" lon="8.610227">
        <ele>199.369857</ele>
        <time>2026-07-23T01:16:12.331Z</time>
      </trkpt>
      <trkpt lat="50.481451" lon="8.609334">
        <ele>200.307368</ele>
        <time>2026-07-23T01:16:26.782Z</time>
      </trkpt>
      <trkpt lat="50.481766" lon="8.609519">
        <ele>199.905717</ele>
        <time>2026-07-23T01:16:30.581Z</time>
      </trkpt>
      <trkpt lat="50.482070" lon="8.609556">
        <ele>199.460776</ele>
        <time>2026-07-23T01:16:33.997Z</time>
      </trkpt>
      <trkpt lat="50.483228" lon="8.609471">
        <ele>198.214343</ele>
        <time>2026-07-23T01:16:48.225Z</time>
      </trkpt>
      <trkpt lat="50.483488" lon="8.609524">
        <ele>197.985617</ele>
        <time>2026-07-23T01:16:51.464Z</time>
      </trkpt>
      <trkpt lat="50.483746" lon="8.609660">
        <ele>197.733669</ele>
        <time>2026-07-23T01:16:54.798Z</time>
      </trkpt>
      <trkpt lat="50.484158" lon="8.610026">
        <ele>197.644458</ele>
        <time>2026-07-23T01:17:01.572Z</time>
      </trkpt>
      <trkpt lat="50.484391" lon="8.610266">
        <ele>197.441786</ele>
        <time>2026-07-23T01:17:04.858Z</time>
      </trkpt>
      <trkpt lat="50.484690" lon="8.610494">
        <ele>197.711166</ele>
        <time>2026-07-23T01:17:11.350Z</time>
      </trkpt>
      <trkpt lat="50.484820" lon="8.610550">
        <ele>197.884399</ele>
        <time>2026-07-23T01:17:14.081Z</time>
      </trkpt>
      <trkpt lat="50.484919" lon="8.610581">
        <ele>198.014904</ele>
        <time>2026-07-23T01:17:15.954Z</time>
      </trkpt>
      <trkpt lat="50.485952" lon="8.610858">
        <ele>199.465927</ele>
        <time>2026-07-23T01:17:37.941Z</time>
      </trkpt>
      <trkpt lat="50.486175" lon="8.610918">
        <ele>199.380981</ele>
        <time>2026-07-23T01:17:40.840Z</time>
      </trkpt>
      <trkpt lat="50.486744" lon="8.611040">
        <ele>198.679177</ele>
        <time>2026-07-23T01:17:47.658Z</time>
      </trkpt>
      <trkpt lat="50.486908" lon="8.611115">
        <ele>198.394826</ele>
        <time>2026-07-23T01:17:49.528Z</time>
      </trkpt>
      <trkpt lat="50.487051" lon="8.611244">
        <ele>198.075232</ele>
        <time>2026-07-23T01:17:51.386Z</time>
      </trkpt>
      <trkpt lat="50.487142" lon="8.611393">
        <ele>197.811115</ele>
        <time>2026-07-23T01:17:52.808Z</time>
      </trkpt>
      <trkpt lat="50.487329" lon="8.611606">
        <ele>197.476984</ele>
        <time>2026-07-23T01:17:55.309Z</time>
      </trkpt>
      <trkpt lat="50.487597" lon="8.611800">
        <ele>197.726677</ele>
        <time>2026-07-23T01:18:01.843Z</time>
      </trkpt>
      <trkpt lat="50.487849" lon="8.611901">
        <ele>197.768171</ele>
        <time>2026-07-23T01:18:06.003Z</time>
      </trkpt>
      <trkpt lat="50.489245" lon="8.612009">
        <ele>194.922583</ele>
        <time>2026-07-23T01:18:21.067Z</time>
      </trkpt>
      <trkpt lat="50.489486" lon="8.611968">
        <ele>195.047356</ele>
        <time>2026-07-23T01:18:25.659Z</time>
      </trkpt>
      <trkpt lat="50.489974" lon="8.611817">
        <ele>194.752172</ele>
        <time>2026-07-23T01:18:32.146Z</time>
      </trkpt>
      <trkpt lat="50.490525" lon="8.611555">
        <ele>193.941313</ele>
        <time>2026-07-23T01:18:38.784Z</time>
      </trkpt>
      <trkpt lat="50.490801" lon="8.611390">
        <ele>193.773512</ele>
        <time>2026-07-23T01:18:42.582Z</time>
      </trkpt>
      <trkpt lat="50.490931" lon="8.611308">
        <ele>193.932846</ele>
        <time>2026-07-23T01:18:45.449Z</time>
      </trkpt>
      <trkpt lat="50.491218" lon="8.611122">
        <ele>194.468943</ele>
        <time>2026-07-23T01:18:52.050Z</time>
      </trkpt>
      <trkpt lat="50.491522" lon="8.610905">
        <ele>195.392646</ele>
        <time>2026-07-23T01:19:01.622Z</time>
      </trkpt>
      <trkpt lat="50.492177" lon="8.610451">
        <ele>195.556462</ele>
        <time>2026-07-23T01:19:12.168Z</time>
      </trkpt>
      <trkpt lat="50.492701" lon="8.610090">
        <ele>195.907276</ele>
        <time>2026-07-23T01:19:22.816Z</time>
      </trkpt>
      <trkpt lat="50.492786" lon="8.610057">
        <ele>195.764463</ele>
        <time>2026-07-23T01:19:25.580Z</time>
      </trkpt>
      <trkpt lat="50.492928" lon="8.610048">
        <ele>195.446772</ele>
        <time>2026-07-23T01:19:29.681Z</time>
      </trkpt>
      <trkpt lat="50.493084" lon="8.610070">
        <ele>195.002543</ele>
        <time>2026-07-23T01:19:31.304Z</time>
      </trkpt>
      <trkpt lat="50.493197" lon="8.610138">
        <ele>194.719305</ele>
        <time>2026-07-23T01:19:32.596Z</time>
      </trkpt>
      <trkpt lat="50.493109" lon="8.610706">
        <ele>193.851501</ele>
        <time>2026-07-23T01:19:36.654Z</time>
      </trkpt>
      <trkpt lat="50.493077" lon="8.610992">
        <ele>193.300760</ele>
        <time>2026-07-23T01:19:38.527Z</time>
      </trkpt>
      <trkpt lat="50.492978" lon="8.611856">
        <ele>191.755618</ele>
        <time>2026-07-23T01:19:44.188Z</time>
      </trkpt>
      <trkpt lat="50.493272" lon="8.611962">
        <ele>191.926973</ele>
        <time>2026-07-23T01:19:50.215Z</time>
      </trkpt>
      <trkpt lat="50.493565" lon="8.612068">
        <ele>192.587456</ele>
        <time>2026-07-23T01:19:57.076Z</time>
      </trkpt>
      <trkpt lat="50.493892" lon="8.611879">
        <ele>194.021512</ele>
        <time>2026-07-23T01:20:07.825Z</time>
      </trkpt>
      <trkpt lat="50.494102" lon="8.611814">
        <ele>194.959944</ele>
        <time>2026-07-23T01:20:16.660Z</time>
      </trkpt>
      <trkpt lat="50.494103" lon="8.612002">
        <ele>195.186848</ele>
        <time>2026-07-23T01:20:18.420Z</time>
      </trkpt>
      <trkpt lat="50.494273" lon="8.612474">
        <ele>194.712630</ele>
        <time>2026-07-23T01:20:22.151Z</time>
      </trkpt>
      <trkpt lat="50.494506" lon="8.612694">
        <ele>194.731051</ele>
        <time>2026-07-23T01:20:26.721Z</time>
      </trkpt>
      <trkpt lat="50.494830" lon="8.612976">
        <ele>194.958646</ele>
        <time>2026-07-23T01:20:34.308Z</time>
      </trkpt>
      <trkpt lat="50.495074" lon="8.613223">
        <ele>194.321678</ele>
        <time>2026-07-23T01:20:37.257Z</time>
      </trkpt>
      <trkpt lat="50.495715" lon="8.613600">
        <ele>192.701534</ele>
        <time>2026-07-23T01:20:44.492Z</time>
      </trkpt>
      <trkpt lat="50.495739" lon="8.613617">
        <ele>192.688335</ele>
        <time>2026-07-23T01:20:44.843Z</time>
      </trkpt>
      <trkpt lat="50.495916" lon="8.613741">
        <ele>192.826455</ele>
        <time>2026-07-23T01:20:48.820Z</time>
      </trkpt>
      <trkpt lat="50.495948" lon="8.613763">
        <ele>192.844852</ele>
        <time>2026-07-23T01:20:49.565Z</time>
      </trkpt>
      <trkpt lat="50.496135" lon="8.613879">
        <ele>192.917348</ele>
        <time>2026-07-23T01:20:52.853Z</time>
      </trkpt>
      <trkpt lat="50.496613" lon="8.614102">
        <ele>191.916463</ele>
        <time>2026-07-23T01:20:58.225Z</time>
      </trkpt>
      <trkpt lat="50.496769" lon="8.614133">
        <ele>191.617620</ele>
        <time>2026-07-23T01:20:59.996Z</time>
      </trkpt>
      <trkpt lat="50.497784" lon="8.614152">
        <ele>190.138548</ele>
        <time>2026-07-23T01:21:11.680Z</time>
      </trkpt>
      <trkpt lat="50.498171" lon="8.614158">
        <ele>189.807591</ele>
        <time>2026-07-23T01:21:16.560Z</time>
      </trkpt>
      <trkpt lat="50.498513" lon="8.614084">
        <ele>189.609892</ele>
        <time>2026-07-23T01:21:21.308Z</time>
      </trkpt>
      <trkpt lat="50.499000" lon="8.613828">
        <ele>189.355578</ele>
        <time>2026-07-23T01:21:28.126Z</time>
      </trkpt>
      <trkpt lat="50.499343" lon="8.613512">
        <ele>188.755909</ele>
        <time>2026-07-23T01:21:32.598Z</time>
      </trkpt>
      <trkpt lat="50.500107" lon="8.613167">
        <ele>188.209228</ele>
        <time>2026-07-23T01:21:42.867Z</time>
      </trkpt>
      <trkpt lat="50.500337" lon="8.613070">
        <ele>188.050998</ele>
        <time>2026-07-23T01:21:46.196Z</time>
      </trkpt>
      <trkpt lat="50.501430" lon="8.612543">
        <ele>186.902067</ele>
        <time>2026-07-23T01:21:59.899Z</time>
      </trkpt>
      <trkpt lat="50.501697" lon="8.612459">
        <ele>186.933421</ele>
        <time>2026-07-23T01:22:04.753Z</time>
      </trkpt>
      <trkpt lat="50.501901" lon="8.612444">
        <ele>186.810667</ele>
        <time>2026-07-23T01:22:07.320Z</time>
      </trkpt>
      <trkpt lat="50.502142" lon="8.612478">
        <ele>186.426916</ele>
        <time>2026-07-23T01:22:10.040Z</time>
      </trkpt>
      <trkpt lat="50.502937" lon="8.612826">
        <ele>185.196310</ele>
        <time>2026-07-23T01:22:19.445Z</time>
      </trkpt>
      <trkpt lat="50.503908" lon="8.613086">
        <ele>185.190226</ele>
        <time>2026-07-23T01:22:33.771Z</time>
      </trkpt>
      <trkpt lat="50.504318" lon="8.613142">
        <ele>185.748413</ele>
        <time>2026-07-23T01:22:42.687Z</time>
      </trkpt>
      <trkpt lat="50.504701" lon="8.613100">
        <ele>186.004497</ele>
        <time>2026-07-23T01:22:49.885Z</time>
      </trkpt>
      <trkpt lat="50.504902" lon="8.613080">
        <ele>185.816564</ele>
        <time>2026-07-23T01:22:52.169Z</time>
      </trkpt>
      <trkpt lat="50.505091" lon="8.613138">
        <ele>185.612583</ele>
        <time>2026-07-23T01:22:54.520Z</time>
      </trkpt>
      <trkpt lat="50.506015" lon="8.613756">
        <ele>184.996334</ele>
        <time>2026-07-23T01:23:07.398Z</time>
      </trkpt>
      <trkpt lat="50.506617" lon="8.614101">
        <ele>185.336452</ele>
        <time>2026-07-23T01:23:18.259Z</time>
      </trkpt>
      <trkpt lat="50.506823" lon="8.614205">
        <ele>185.606592</ele>
        <time>2026-07-23T01:23:22.698Z</time>
      </trkpt>
      <trkpt lat="50.507833" lon="8.614714">
        <ele>187.163770</ele>
        <time>2026-07-23T01:23:44.926Z</time>
      </trkpt>
      <trkpt lat="50.508250" lon="8.614991">
        <ele>187.459221</ele>
        <time>2026-07-23T01:23:52.605Z</time>
      </trkpt>
      <trkpt lat="50.508524" lon="8.615225">
        <ele>188.069416</ele>
        <time>2026-07-23T01:23:59.770Z</time>
      </trkpt>
      <trkpt lat="50.508666" lon="8.615330">
        <ele>188.350965</ele>
        <time>2026-07-23T01:24:03.509Z</time>
      </trkpt>
      <trkpt lat="50.508953" lon="8.615584">
        <ele>188.351605</ele>
        <time>2026-07-23T01:24:08.709Z</time>
      </trkpt>
      <trkpt lat="50.510275" lon="8.616957">
        <ele>186.663148</ele>
        <time>2026-07-23T01:24:27.809Z</time>
      </trkpt>
      <trkpt lat="50.510622" lon="8.617237">
        <ele>185.891063</ele>
        <time>2026-07-23T01:24:32.084Z</time>
      </trkpt>
      <trkpt lat="50.511123" lon="8.617445">
        <ele>184.207505</ele>
        <time>2026-07-23T01:24:37.238Z</time>
      </trkpt>
      <trkpt lat="50.511225" lon="8.617482">
        <ele>183.950158</ele>
        <time>2026-07-23T01:24:38.318Z</time>
      </trkpt>
      <trkpt lat="50.511653" lon="8.617627">
        <ele>184.496389</ele>
        <time>2026-07-23T01:24:47.879Z</time>
      </trkpt>
      <trkpt lat="50.512044" lon="8.617979">
        <ele>183.745665</ele>
        <time>2026-07-23T01:24:52.925Z</time>
      </trkpt>
      <trkpt lat="50.512285" lon="8.618323">
        <ele>182.776256</ele>
        <time>2026-07-23T01:24:56.151Z</time>
      </trkpt>
      <trkpt lat="50.512334" lon="8.618260">
        <ele>182.654228</ele>
        <time>2026-07-23T01:24:56.874Z</time>
      </trkpt>
      <trkpt lat="50.512420" lon="8.618225">
        <ele>182.574144</ele>
        <time>2026-07-23T01:24:58.248Z</time>
      </trkpt>
      <trkpt lat="50.512967" lon="8.618393">
        <ele>183.344241</ele>
        <time>2026-07-23T01:25:10.013Z</time>
      </trkpt>
      <trkpt lat="50.513127" lon="8.618307">
        <ele>183.505559</ele>
        <time>2026-07-23T01:25:12.962Z</time>
      </trkpt>
      <trkpt lat="50.513502" lon="8.618002">
        <ele>183.846203</ele>
        <time>2026-07-23T01:25:20.447Z</time>
      </trkpt>
      <trkpt lat="50.513910" lon="8.617645">
        <ele>184.493899</ele>
        <time>2026-07-23T01:25:30.645Z</time>
      </trkpt>
      <trkpt lat="50.514142" lon="8.617451">
        <ele>184.548427</ele>
        <time>2026-07-23T01:25:34.263Z</time>
      </trkpt>
      <trkpt lat="50.514289" lon="8.617298">
        <ele>184.520518</ele>
        <time>2026-07-23T01:25:37.166Z</time>
      </trkpt>
      <trkpt lat="50.514438" lon="8.617069">
        <ele>184.310124</ele>
        <time>2026-07-23T01:25:39.706Z</time>
      </trkpt>
      <trkpt lat="50.514561" lon="8.616774">
        <ele>183.764949</ele>
        <time>2026-07-23T01:25:42.028Z</time>
      </trkpt>
      <trkpt lat="50.514644" lon="8.616521">
        <ele>183.413054</ele>
        <time>2026-07-23T01:25:44.068Z</time>
      </trkpt>
      <trkpt lat="50.514675" lon="8.616272">
        <ele>183.318491</ele>
        <time>2026-07-23T01:25:45.943Z</time>
      </trkpt>
      <trkpt lat="50.514756" lon="8.615393">
        <ele>183.847002</ele>
        <time>2026-07-23T01:25:56.766Z</time>
      </trkpt>
      <trkpt lat="50.514843" lon="8.614733">
        <ele>184.325048</ele>
        <time>2026-07-23T01:26:06.512Z</time>
      </trkpt>
      <trkpt lat="50.514919" lon="8.614256">
        <ele>182.640278</ele>
        <time>2026-07-23T01:26:09.300Z</time>
      </trkpt>
      <trkpt lat="50.515009" lon="8.613690">
        <ele>181.742743</ele>
        <time>2026-07-23T01:26:13.468Z</time>
      </trkpt>
      <trkpt lat="50.515063" lon="8.613474">
        <ele>181.626936</ele>
        <time>2026-07-23T01:26:15.371Z</time>
      </trkpt>
      <trkpt lat="50.515442" lon="8.612308">
        <ele>181.442976</ele>
        <time>2026-07-23T01:26:26.962Z</time>
      </trkpt>
      <trkpt lat="50.515500" lon="8.612019">
        <ele>181.536310</ele>
        <time>2026-07-23T01:26:30.161Z</time>
      </trkpt>
      <trkpt lat="50.515468" lon="8.610596">
        <ele>182.338812</ele>
        <time>2026-07-23T01:26:47.435Z</time>
      </trkpt>
      <trkpt lat="50.515572" lon="8.609248">
        <ele>182.595611</ele>
        <time>2026-07-23T01:27:01.131Z</time>
      </trkpt>
      <trkpt lat="50.515594" lon="8.608216">
        <ele>182.721841</ele>
        <time>2026-07-23T01:27:11.295Z</time>
      </trkpt>
      <trkpt lat="50.515689" lon="8.607532">
        <ele>183.003375</ele>
        <time>2026-07-23T01:27:18.985Z</time>
      </trkpt>
      <trkpt lat="50.515861" lon="8.606971">
        <ele>183.310749</ele>
        <time>2026-07-23T01:27:26.018Z</time>
      </trkpt>
      <trkpt lat="50.516201" lon="8.605912">
        <ele>184.057027</ele>
        <time>2026-07-23T01:27:40.463Z</time>
      </trkpt>
      <trkpt lat="50.516251" lon="8.604901">
        <ele>184.321327</ele>
        <time>2026-07-23T01:27:50.800Z</time>
      </trkpt>
      <trkpt lat="50.516307" lon="8.604356">
        <ele>184.607345</ele>
        <time>2026-07-23T01:27:57.015Z</time>
      </trkpt>
      <trkpt lat="50.516968" lon="8.601387">
        <ele>186.589160</ele>
        <time>2026-07-23T01:28:34.913Z</time>
      </trkpt>
      <trkpt lat="50.516986" lon="8.601274">
        <ele>186.657198</ele>
        <time>2026-07-23T01:28:36.186Z</time>
      </trkpt>
      <trkpt lat="50.517052" lon="8.600850">
        <ele>186.669278</ele>
        <time>2026-07-23T01:28:40.522Z</time>
      </trkpt>
      <trkpt lat="50.517071" lon="8.600223">
        <ele>186.556282</ele>
        <time>2026-07-23T01:28:45.496Z</time>
      </trkpt>
      <trkpt lat="50.517090" lon="8.599370">
        <ele>188.271066</ele>
        <time>2026-07-23T01:29:01.879Z</time>
      </trkpt>
      <trkpt lat="50.517111" lon="8.598719">
        <ele>188.351316</ele>
        <time>2026-07-23T01:29:07.592Z</time>
      </trkpt>
      <trkpt lat="50.517164" lon="8.597636">
        <ele>188.729783</ele>
        <time>2026-07-23T01:29:19.357Z</time>
      </trkpt>
      <trkpt lat="50.517253" lon="8.597130">
        <ele>189.099677</ele>
        <time>2026-07-23T01:29:25.839Z</time>
      </trkpt>
      <trkpt lat="50.517503" lon="8.596150">
        <ele>189.868830</ele>
        <time>2026-07-23T01:29:39.065Z</time>
      </trkpt>
      <trkpt lat="50.517861" lon="8.594527">
        <ele>190.432502</ele>
        <time>2026-07-23T01:29:57.743Z</time>
      </trkpt>
      <trkpt lat="50.517898" lon="8.594068">
        <ele>190.306728</ele>
        <time>2026-07-23T01:30:01.444Z</time>
      </trkpt>
      <trkpt lat="50.517784" lon="8.592481">
        <ele>189.843576</ele>
        <time>2026-07-23T01:30:14.924Z</time>
      </trkpt>
      <trkpt lat="50.517779" lon="8.592414">
        <ele>189.842280</ele>
        <time>2026-07-23T01:30:15.540Z</time>
      </trkpt>
      <trkpt lat="50.517911" lon="8.590644">
        <ele>190.420121</ele>
        <time>2026-07-23T01:30:34.307Z</time>
      </trkpt>
      <trkpt lat="50.517921" lon="8.590180">
        <ele>191.056695</ele>
        <time>2026-07-23T01:30:41.874Z</time>
      </trkpt>
      <trkpt lat="50.517886" lon="8.588051">
        <ele>193.023136</ele>
        <time>2026-07-23T01:31:09.216Z</time>
      </trkpt>
      <trkpt lat="50.517935" lon="8.587805">
        <ele>193.805514</ele>
        <time>2026-07-23T01:31:15.054Z</time>
      </trkpt>
      <trkpt lat="50.517982" lon="8.587677">
        <ele>194.220682</ele>
        <time>2026-07-23T01:31:18.475Z</time>
      </trkpt>
      <trkpt lat="50.518096" lon="8.587499">
        <ele>194.777268</ele>
        <time>2026-07-23T01:31:23.603Z</time>
      </trkpt>
      <trkpt lat="50.517667" lon="8.586441">
        <ele>195.672557</ele>
        <time>2026-07-23T01:31:38.645Z</time>
      </trkpt>
      <trkpt lat="50.517483" lon="8.585880">
        <ele>195.928914</ele>
        <time>2026-07-23T01:31:45.270Z</time>
      </trkpt>
      <trkpt lat="50.517458" lon="8.585805">
        <ele>195.974615</ele>
        <time>2026-07-23T01:31:46.235Z</time>
      </trkpt>
      <trkpt lat="50.517407" lon="8.585564">
        <ele>196.101116</ele>
        <time>2026-07-23T01:31:49.278Z</time>
      </trkpt>
      <trkpt lat="50.517393" lon="8.585397">
        <ele>196.154889</ele>
        <time>2026-07-23T01:31:51.187Z</time>
      </trkpt>
      <trkpt lat="50.517426" lon="8.585312">
        <ele>196.186682</ele>
        <time>2026-07-23T01:31:52.215Z</time>
      </trkpt>
      <trkpt lat="50.517417" lon="8.585167">
        <ele>196.240331</ele>
        <time>2026-07-23T01:31:53.516Z</time>
      </trkpt>
      <trkpt lat="50.517350" lon="8.585076">
        <ele>196.293972</ele>
        <time>2026-07-23T01:31:54.957Z</time>
      </trkpt>
      <trkpt lat="50.517280" lon="8.585070">
        <ele>196.341377</ele>
        <time>2026-07-23T01:31:56.333Z</time>
      </trkpt>
      <trkpt lat="50.517221" lon="8.584916">
        <ele>196.632337</ele>
        <time>2026-07-23T01:31:59.180Z</time>
      </trkpt>
      <trkpt lat="50.517168" lon="8.584726">
        <ele>196.953598</ele>
        <time>2026-07-23T01:32:02.523Z</time>
      </trkpt>
      <trkpt lat="50.517124" lon="8.583381">
        <ele>198.589206</ele>
        <time>2026-07-23T01:32:21.622Z</time>
      </trkpt>
      <trkpt lat="50.516998" lon="8.580972">
        <ele>201.095558</ele>
        <time>2026-07-23T01:32:54.368Z</time>
      </trkpt>
      <trkpt lat="50.516994" lon="8.580884">
        <ele>201.214999</ele>
        <time>2026-07-23T01:32:55.910Z</time>
      </trkpt>
      <trkpt lat="50.516993" lon="8.580853">
        <ele>201.267805</ele>
        <time>2026-07-23T01:32:56.496Z</time>
      </trkpt>
      <trkpt lat="50.516979" lon="8.580529">
        <ele>201.817302</ele>
        <time>2026-07-23T01:33:02.132Z</time>
      </trkpt>
      <trkpt lat="50.516973" lon="8.580350">
        <ele>201.910185</ele>
        <time>2026-07-23T01:33:03.844Z</time>
      </trkpt>
      <trkpt lat="50.516953" lon="8.580005">
        <ele>202.189490</ele>
        <time>2026-07-23T01:33:07.897Z</time>
      </trkpt>
      <trkpt lat="50.516920" lon="8.579315">
        <ele>202.996729</ele>
        <time>2026-07-23T01:33:18.851Z</time>
      </trkpt>
      <trkpt lat="50.516900" lon="8.578765">
        <ele>202.913429</ele>
        <time>2026-07-23T01:33:23.055Z</time>
      </trkpt>
      <trkpt lat="50.516750" lon="8.576443">
        <ele>206.807164</ele>
        <time>2026-07-23T01:34:01.355Z</time>
      </trkpt>
      <trkpt lat="50.516572" lon="8.574826">
        <ele>207.982253</ele>
        <time>2026-07-23T01:34:21.311Z</time>
      </trkpt>
      <trkpt lat="50.516273" lon="8.573022">
        <ele>208.946173</ele>
        <time>2026-07-23T01:34:42.523Z</time>
      </trkpt>
      <trkpt lat="50.516102" lon="8.572065">
        <ele>209.963070</ele>
        <time>2026-07-23T01:34:55.867Z</time>
      </trkpt>
      <trkpt lat="50.516073" lon="8.571956">
        <ele>210.141622</ele>
        <time>2026-07-23T01:34:57.770Z</time>
      </trkpt>
      <trkpt lat="50.515958" lon="8.571507">
        <ele>211.061734</ele>
        <time>2026-07-23T01:35:05.879Z</time>
      </trkpt>
      <trkpt lat="50.515769" lon="8.570831">
        <ele>213.176709</ele>
        <time>2026-07-23T01:35:21.965Z</time>
      </trkpt>
      <trkpt lat="50.515571" lon="8.570262">
        <ele>213.892457</ele>
        <time>2026-07-23T01:35:31.063Z</time>
      </trkpt>
      <trkpt lat="50.515185" lon="8.569140">
        <ele>212.727440</ele>
        <time>2026-07-23T01:35:40.161Z</time>
      </trkpt>
      <trkpt lat="50.514823" lon="8.568200">
        <ele>213.248758</ele>
        <time>2026-07-23T01:35:51.884Z</time>
      </trkpt>
      <trkpt lat="50.514001" lon="8.566366">
        <ele>220.725055</ele>
        <time>2026-07-23T01:36:44.037Z</time>
      </trkpt>
      <trkpt lat="50.513217" lon="8.564761">
        <ele>228.370073</ele>
        <time>2026-07-23T01:37:35.167Z</time>
      </trkpt>
      <trkpt lat="50.511871" lon="8.562216">
        <ele>227.222554</ele>
        <time>2026-07-23T01:38:02.175Z</time>
      </trkpt>
      <trkpt lat="50.510683" lon="8.560023">
        <ele>227.190018</ele>
        <time>2026-07-23T01:38:28.219Z</time>
      </trkpt>
      <trkpt lat="50.510250" lon="8.559238">
        <ele>230.138606</ele>
        <time>2026-07-23T01:38:51.214Z</time>
      </trkpt>
      <trkpt lat="50.509736" lon="8.558185">
        <ele>233.299961</ele>
        <time>2026-07-23T01:39:16.226Z</time>
      </trkpt>
      <trkpt lat="50.509526" lon="8.557575">
        <ele>233.667778</ele>
        <time>2026-07-23T01:39:24.268Z</time>
      </trkpt>
      <trkpt lat="50.509370" lon="8.556945">
        <ele>233.779310</ele>
        <time>2026-07-23T01:39:30.307Z</time>
      </trkpt>
      <trkpt lat="50.509293" lon="8.556451">
        <ele>234.837888</ele>
        <time>2026-07-23T01:39:40.256Z</time>
      </trkpt>
      <trkpt lat="50.509221" lon="8.555712">
        <ele>236.199919</ele>
        <time>2026-07-23T01:39:52.261Z</time>
      </trkpt>
      <trkpt lat="50.509176" lon="8.555199">
        <ele>237.289834</ele>
        <time>2026-07-23T01:40:00.743Z</time>
      </trkpt>
      <trkpt lat="50.509126" lon="8.554651">
        <ele>239.703013</ele>
        <time>2026-07-23T01:40:16.717Z</time>
      </trkpt>
      <trkpt lat="50.509012" lon="8.553414">
        <ele>245.608427</ele>
        <time>2026-07-23T01:40:51.980Z</time>
      </trkpt>
      <trkpt lat="50.509000" lon="8.553323">
        <ele>245.992325</ele>
        <time>2026-07-23T01:40:54.917Z</time>
      </trkpt>
      <trkpt lat="50.508943" lon="8.552886">
        <ele>247.570939</ele>
        <time>2026-07-23T01:41:05.457Z</time>
      </trkpt>
      <trkpt lat="50.508774" lon="8.551601">
        <ele>251.304416</ele>
        <time>2026-07-23T01:41:32.037Z</time>
      </trkpt>
      <trkpt lat="50.508714" lon="8.551337">
        <ele>252.353644</ele>
        <time>2026-07-23T01:41:39.837Z</time>
      </trkpt>
      <trkpt lat="50.508654" lon="8.551266">
        <ele>252.494363</ele>
        <time>2026-07-23T01:41:41.759Z</time>
      </trkpt>
      <trkpt lat="50.508449" lon="8.551205">
        <ele>252.917605</ele>
        <time>2026-07-23T01:41:44.893Z</time>
      </trkpt>
      <trkpt lat="50.508318" lon="8.551185">
        <ele>253.367367</ele>
        <time>2026-07-23T01:41:49.014Z</time>
      </trkpt>
      <trkpt lat="50.508236" lon="8.551171">
        <ele>253.730008</ele>
        <time>2026-07-23T01:41:52.087Z</time>
      </trkpt>
      <trkpt lat="50.507946" lon="8.551117">
        <ele>255.185762</ele>
        <time>2026-07-23T01:42:02.573Z</time>
      </trkpt>
      <trkpt lat="50.507805" lon="8.551085">
        <ele>255.783113</ele>
        <time>2026-07-23T01:42:06.778Z</time>
      </trkpt>
      <trkpt lat="50.507678" lon="8.551034">
        <ele>256.197619</ele>
        <time>2026-07-23T01:42:10.467Z</time>
      </trkpt>
      <trkpt lat="50.507271" lon="8.550465">
        <ele>257.794609</ele>
        <time>2026-07-23T01:42:25.160Z</time>
      </trkpt>
      <trkpt lat="50.507062" lon="8.550215">
        <ele>258.033673</ele>
        <time>2026-07-23T01:42:29.411Z</time>
      </trkpt>
      <trkpt lat="50.506826" lon="8.549964">
        <ele>258.281667</ele>
        <time>2026-07-23T01:42:34.757Z</time>
      </trkpt>
      <trkpt lat="50.506745" lon="8.549871">
        <ele>258.371229</ele>
        <time>2026-07-23T01:42:36.917Z</time>
      </trkpt>
      <trkpt lat="50.506335" lon="8.549447">
        <ele>258.257631</ele>
        <time>2026-07-23T01:42:44.293Z</time>
      </trkpt>
      <trkpt lat="50.506002" lon="8.549108">
        <ele>257.182584</ele>
        <time>2026-07-23T01:42:48.289Z</time>
      </trkpt>
      <trkpt lat="50.505516" lon="8.548592">
        <ele>256.791216</ele>
        <time>2026-07-23T01:42:55.668Z</time>
      </trkpt>
      <trkpt lat="50.505463" lon="8.548533">
        <ele>256.793633</ele>
        <time>2026-07-23T01:42:56.985Z</time>
      </trkpt>
      <trkpt lat="50.504851" lon="8.547860">
        <ele>258.046521</ele>
        <time>2026-07-23T01:43:13.937Z</time>
      </trkpt>
      <trkpt lat="50.504814" lon="8.547819">
        <ele>257.991603</ele>
        <time>2026-07-23T01:43:14.638Z</time>
      </trkpt>
      <trkpt lat="50.504403" lon="8.547359">
        <ele>257.273802</ele>
        <time>2026-07-23T01:43:20.249Z</time>
      </trkpt>
      <trkpt lat="50.504271" lon="8.547171">
        <ele>256.770895</ele>
        <time>2026-07-23T01:43:22.189Z</time>
      </trkpt>
      <trkpt lat="50.504002" lon="8.546770">
        <ele>255.199975</ele>
        <time>2026-07-23T01:43:25.732Z</time>
      </trkpt>
      <trkpt lat="50.503781" lon="8.546391">
        <ele>253.819062</ele>
        <time>2026-07-23T01:43:28.845Z</time>
      </trkpt>
      <trkpt lat="50.503621" lon="8.546103">
        <ele>253.182414</ele>
        <time>2026-07-23T01:43:31.415Z</time>
      </trkpt>
      <trkpt lat="50.503499" lon="8.545838">
        <ele>252.809318</ele>
        <time>2026-07-23T01:43:33.948Z</time>
      </trkpt>
      <trkpt lat="50.503443" lon="8.545617">
        <ele>252.533092</ele>
        <time>2026-07-23T01:43:35.567Z</time>
      </trkpt>
      <trkpt lat="50.503442" lon="8.545392">
        <ele>252.244244</ele>
        <time>2026-07-23T01:43:37.124Z</time>
      </trkpt>
      <trkpt lat="50.503536" lon="8.544589">
        <ele>251.626768</ele>
        <time>2026-07-23T01:43:43.362Z</time>
      </trkpt>
      <trkpt lat="50.503535" lon="8.544326">
        <ele>251.531747</ele>
        <time>2026-07-23T01:43:45.432Z</time>
      </trkpt>
      <trkpt lat="50.503413" lon="8.543416">
        <ele>251.590502</ele>
        <time>2026-07-23T01:43:54.777Z</time>
      </trkpt>
      <trkpt lat="50.503418" lon="8.542919">
        <ele>251.530446</ele>
        <time>2026-07-23T01:43:59.408Z</time>
      </trkpt>
      <trkpt lat="50.503401" lon="8.542824">
        <ele>251.418341</ele>
        <time>2026-07-23T01:44:00.097Z</time>
      </trkpt>
      <trkpt lat="50.503329" lon="8.542661">
        <ele>251.123082</ele>
        <time>2026-07-23T01:44:01.408Z</time>
      </trkpt>
      <trkpt lat="50.503222" lon="8.542508">
        <ele>250.829516</ele>
        <time>2026-07-23T01:44:02.982Z</time>
      </trkpt>
      <trkpt lat="50.503073" lon="8.542333">
        <ele>250.487971</ele>
        <time>2026-07-23T01:44:05.040Z</time>
      </trkpt>
      <trkpt lat="50.502735" lon="8.541922">
        <ele>249.694728</ele>
        <time>2026-07-23T01:44:09.861Z</time>
      </trkpt>
      <trkpt lat="50.502612" lon="8.541825">
        <ele>249.434155</ele>
        <time>2026-07-23T01:44:11.291Z</time>
      </trkpt>
      <trkpt lat="50.502214" lon="8.541561">
        <ele>248.692526</ele>
        <time>2026-07-23T01:44:16.411Z</time>
      </trkpt>
      <trkpt lat="50.501841" lon="8.541485">
        <ele>247.655983</ele>
        <time>2026-07-23T01:44:20.169Z</time>
      </trkpt>
      <trkpt lat="50.501615" lon="8.541454">
        <ele>247.274804</ele>
        <time>2026-07-23T01:44:23.106Z</time>
      </trkpt>
      <trkpt lat="50.501510" lon="8.541408">
        <ele>247.061389</ele>
        <time>2026-07-23T01:44:24.268Z</time>
      </trkpt>
      <trkpt lat="50.501388" lon="8.541313">
        <ele>246.721352</ele>
        <time>2026-07-23T01:44:25.671Z</time>
      </trkpt>
      <trkpt lat="50.501144" lon="8.540997">
        <ele>246.100318</ele>
        <time>2026-07-23T01:44:29.007Z</time>
      </trkpt>
      <trkpt lat="50.500919" lon="8.540221">
        <ele>247.126930</ele>
        <time>2026-07-23T01:44:42.172Z</time>
      </trkpt>
      <trkpt lat="50.500835" lon="8.540002">
        <ele>247.345146</ele>
        <time>2026-07-23T01:44:44.931Z</time>
      </trkpt>
      <trkpt lat="50.500743" lon="8.539845">
        <ele>247.699641</ele>
        <time>2026-07-23T01:44:48.271Z</time>
      </trkpt>
      <trkpt lat="50.500532" lon="8.539459">
        <ele>248.772190</ele>
        <time>2026-07-23T01:44:57.638Z</time>
      </trkpt>
      <trkpt lat="50.499560" lon="8.537823">
        <ele>253.045006</ele>
        <time>2026-07-23T01:45:34.782Z</time>
      </trkpt>
      <trkpt lat="50.499477" lon="8.537684">
        <ele>253.737664</ele>
        <time>2026-07-23T01:45:40.429Z</time>
      </trkpt>
      <trkpt lat="50.499129" lon="8.537061">
        <ele>257.654699</ele>
        <time>2026-07-23T01:46:04.025Z</time>
      </trkpt>
      <trkpt lat="50.498808" lon="8.536386">
        <ele>262.010099</ele>
        <time>2026-07-23T01:46:29.664Z</time>
      </trkpt>
      <trkpt lat="50.497388" lon="8.533380">
        <ele>278.063837</ele>
        <time>2026-07-23T01:48:09.481Z</time>
      </trkpt>
      <trkpt lat="50.496943" lon="8.532641">
        <ele>282.058068</ele>
        <time>2026-07-23T01:48:34.781Z</time>
      </trkpt>
      <trkpt lat="50.496695" lon="8.532335">
        <ele>284.349481</ele>
        <time>2026-07-23T01:48:48.853Z</time>
      </trkpt>
      <trkpt lat="50.496422" lon="8.532095">
        <ele>286.512669</ele>
        <time>2026-07-23T01:49:01.792Z</time>
      </trkpt>
      <trkpt lat="50.496122" lon="8.531895">
        <ele>289.169873</ele>
        <time>2026-07-23T01:49:15.964Z</time>
      </trkpt>
      <trkpt lat="50.495592" lon="8.531640">
        <ele>295.302306</ele>
        <time>2026-07-23T01:49:52.464Z</time>
      </trkpt>
      <trkpt lat="50.493303" lon="8.530321">
        <ele>298.662919</ele>
        <time>2026-07-23T01:50:39.706Z</time>
      </trkpt>
      <trkpt lat="50.490243" lon="8.528635">
        <ele>306.227256</ele>
        <time>2026-07-23T01:51:58.341Z</time>
      </trkpt>
      <trkpt lat="50.489145" lon="8.528022">
        <ele>309.690005</ele>
        <time>2026-07-23T01:52:30.104Z</time>
      </trkpt>
      <trkpt lat="50.487786" lon="8.527233">
        <ele>311.554331</ele>
        <time>2026-07-23T01:52:59.110Z</time>
      </trkpt>
      <trkpt lat="50.487056" lon="8.526924">
        <ele>310.449638</ele>
        <time>2026-07-23T01:53:07.764Z</time>
      </trkpt>
      <trkpt lat="50.486732" lon="8.526692">
        <ele>309.304754</ele>
        <time>2026-07-23T01:53:11.398Z</time>
      </trkpt>
      <trkpt lat="50.486282" lon="8.526311">
        <ele>306.933474</ele>
        <time>2026-07-23T01:53:16.215Z</time>
      </trkpt>
      <trkpt lat="50.486195" lon="8.526226">
        <ele>306.483222</ele>
        <time>2026-07-23T01:53:17.215Z</time>
      </trkpt>
      <trkpt lat="50.485599" lon="8.525614">
        <ele>303.478014</ele>
        <time>2026-07-23T01:53:24.074Z</time>
      </trkpt>
      <trkpt lat="50.484921" lon="8.525134">
        <ele>301.214902</ele>
        <time>2026-07-23T01:53:31.741Z</time>
      </trkpt>
      <trkpt lat="50.484157" lon="8.524705">
        <ele>299.106441</ele>
        <time>2026-07-23T01:53:40.257Z</time>
      </trkpt>
      <trkpt lat="50.483588" lon="8.524415">
        <ele>297.741432</ele>
        <time>2026-07-23T01:53:46.622Z</time>
      </trkpt>
      <trkpt lat="50.483203" lon="8.524178">
        <ele>298.159805</ele>
        <time>2026-07-23T01:53:54.382Z</time>
      </trkpt>
      <trkpt lat="50.482887" lon="8.523927">
        <ele>299.532187</ele>
        <time>2026-07-23T01:54:04.238Z</time>
      </trkpt>
      <trkpt lat="50.482620" lon="8.523617">
        <ele>302.123488</ele>
        <time>2026-07-23T01:54:21.212Z</time>
      </trkpt>
      <trkpt lat="50.481487" lon="8.521939">
        <ele>312.031286</ele>
        <time>2026-07-23T01:55:24.567Z</time>
      </trkpt>
      <trkpt lat="50.479814" lon="8.519461">
        <ele>315.352506</ele>
        <time>2026-07-23T01:56:11.255Z</time>
      </trkpt>
      <trkpt lat="50.479221" lon="8.518589">
        <ele>315.641501</ele>
        <time>2026-07-23T01:56:24.704Z</time>
      </trkpt>
      <trkpt lat="50.479058" lon="8.518354">
        <ele>315.400868</ele>
        <time>2026-07-23T01:56:27.412Z</time>
      </trkpt>
      <trkpt lat="50.478246" lon="8.517002">
        <ele>311.932401</ele>
        <time>2026-07-23T01:56:39.517Z</time>
      </trkpt>
      <trkpt lat="50.478155" lon="8.516846">
        <ele>311.236853</ele>
        <time>2026-07-23T01:56:40.796Z</time>
      </trkpt>
      <trkpt lat="50.478104" lon="8.516767">
        <ele>310.866988</ele>
        <time>2026-07-23T01:56:41.459Z</time>
      </trkpt>
      <trkpt lat="50.478131" lon="8.516653">
        <ele>310.422526</ele>
        <time>2026-07-23T01:56:42.167Z</time>
      </trkpt>
      <trkpt lat="50.478069" lon="8.516481">
        <ele>309.683727</ele>
        <time>2026-07-23T01:56:43.322Z</time>
      </trkpt>
      <trkpt lat="50.477927" lon="8.516233">
        <ele>308.585872</ele>
        <time>2026-07-23T01:56:45.275Z</time>
      </trkpt>
      <trkpt lat="50.477918" lon="8.515835">
        <ele>307.963728</ele>
        <time>2026-07-23T01:56:48.105Z</time>
      </trkpt>
      <trkpt lat="50.477907" lon="8.515255">
        <ele>307.723124</ele>
        <time>2026-07-23T01:56:53.035Z</time>
      </trkpt>
      <trkpt lat="50.477937" lon="8.514877">
        <ele>307.363301</ele>
        <time>2026-07-23T01:56:55.822Z</time>
      </trkpt>
      <trkpt lat="50.477974" lon="8.514477">
        <ele>306.810296</ele>
        <time>2026-07-23T01:56:58.583Z</time>
      </trkpt>
      <trkpt lat="50.477991" lon="8.514339">
        <ele>306.628806</ele>
        <time>2026-07-23T01:56:59.548Z</time>
      </trkpt>
      <trkpt lat="50.478203" lon="8.513839">
        <ele>305.958521</ele>
        <time>2026-07-23T01:57:03.862Z</time>
      </trkpt>
      <trkpt lat="50.478402" lon="8.513266">
        <ele>304.834166</ele>
        <time>2026-07-23T01:57:08.225Z</time>
      </trkpt>
      <trkpt lat="50.478416" lon="8.513220">
        <ele>304.735088</ele>
        <time>2026-07-23T01:57:08.549Z</time>
      </trkpt>
      <trkpt lat="50.478666" lon="8.512274">
        <ele>301.849233</ele>
        <time>2026-07-23T01:57:14.808Z</time>
      </trkpt>
      <trkpt lat="50.478798" lon="8.511188">
        <ele>298.102589</ele>
        <time>2026-07-23T01:57:21.344Z</time>
      </trkpt>
      <trkpt lat="50.478829" lon="8.510907">
        <ele>297.455182</ele>
        <time>2026-07-23T01:57:23.246Z</time>
      </trkpt>
      <trkpt lat="50.478818" lon="8.510741">
        <ele>297.056206</ele>
        <time>2026-07-23T01:57:24.297Z</time>
      </trkpt>
      <trkpt lat="50.478805" lon="8.510645">
        <ele>296.778286</ele>
        <time>2026-07-23T01:57:24.891Z</time>
      </trkpt>
      <trkpt lat="50.478664" lon="8.509948">
        <ele>294.570791</ele>
        <time>2026-07-23T01:57:29.336Z</time>
      </trkpt>
      <trkpt lat="50.478547" lon="8.509655">
        <ele>293.273111</ele>
        <time>2026-07-23T01:57:31.319Z</time>
      </trkpt>
      <trkpt lat="50.478316" lon="8.509253">
        <ele>291.379226</ele>
        <time>2026-07-23T01:57:34.518Z</time>
      </trkpt>
      <trkpt lat="50.478155" lon="8.509076">
        <ele>290.782280</ele>
        <time>2026-07-23T01:57:36.536Z</time>
      </trkpt>
      <trkpt lat="50.477973" lon="8.508910">
        <ele>290.565346</ele>
        <time>2026-07-23T01:57:39.114Z</time>
      </trkpt>
      <trkpt lat="50.477589" lon="8.508745">
        <ele>290.782241</ele>
        <time>2026-07-23T01:57:45.836Z</time>
      </trkpt>
      <trkpt lat="50.477477" lon="8.509422">
        <ele>291.629013</ele>
        <time>2026-07-23T01:57:56.075Z</time>
      </trkpt>
      <trkpt lat="50.477261" lon="8.510606">
        <ele>293.593493</ele>
        <time>2026-07-23T01:58:15.570Z</time>
      </trkpt>
      <trkpt lat="50.477201" lon="8.510586">
        <ele>293.774022</ele>
        <time>2026-07-23T01:58:22.915Z</time>
      </trkpt>
      <trkpt lat="50.477164" lon="8.510655">
        <ele>293.943029</ele>
        <time>2026-07-23T01:58:29.949Z</time>
      </trkpt>
      <trkpt lat="50.477123" lon="8.510652">
        <ele>294.063836</ele>
        <time>2026-07-23T01:58:35.033Z</time>
      </trkpt>
      <trkpt lat="50.477027" lon="8.510611">
        <ele>294.394675</ele>
        <time>2026-07-23T01:58:47.685Z</time>
      </trkpt>
      <trkpt lat="50.476986" lon="8.510512">
        <ele>294.670017</ele>
        <time>2026-07-23T01:58:57.482Z</time>
      </trkpt>
      <trkpt lat="50.476947" lon="8.510565">
        <ele>294.858888</ele>
        <time>2026-07-23T01:59:03.968Z</time>
      </trkpt>
      <trkpt lat="50.476848" lon="8.510288">
        <ele>295.093714</ele>
        <time>2026-07-23T01:59:08.379Z</time>
      </trkpt>
      <trkpt lat="50.476826" lon="8.509821">
        <ele>294.627506</ele>
        <time>2026-07-23T01:59:11.545Z</time>
      </trkpt>
      <trkpt lat="50.476808" lon="8.509641">
        <ele>294.609934</ele>
        <time>2026-07-23T01:59:12.862Z</time>
      </trkpt>
      <trkpt lat="50.476772" lon="8.509520">
        <ele>294.597053</ele>
        <time>2026-07-23T01:59:14.449Z</time>
      </trkpt>
      <trkpt lat="50.476595" lon="8.509292">
        <ele>295.211067</ele>
        <time>2026-07-23T01:59:20.910Z</time>
      </trkpt>
      <trkpt lat="50.476469" lon="8.509088">
        <ele>295.753416</ele>
        <time>2026-07-23T01:59:25.881Z</time>
      </trkpt>
      <trkpt lat="50.476378" lon="8.509119">
        <ele>296.027602</ele>
        <time>2026-07-23T01:59:28.187Z</time>
      </trkpt>
      <trkpt lat="50.476245" lon="8.509084">
        <ele>296.411301</ele>
        <time>2026-07-23T01:59:31.484Z</time>
      </trkpt>
      <trkpt lat="50.475728" lon="8.508929">
        <ele>297.882573</ele>
        <time>2026-07-23T01:59:45.720Z</time>
      </trkpt>
      <trkpt lat="50.475278" lon="8.508871">
        <ele>297.703551</ele>
        <time>2026-07-23T01:59:52.119Z</time>
      </trkpt>
      <trkpt lat="50.475198" lon="8.508866">
        <ele>297.226262</ele>
        <time>2026-07-23T01:59:52.911Z</time>
      </trkpt>
      <trkpt lat="50.474833" lon="8.508845">
        <ele>294.374051</ele>
        <time>2026-07-23T01:59:56.095Z</time>
      </trkpt>
      <trkpt lat="50.474723" lon="8.508895">
        <ele>293.650693</ele>
        <time>2026-07-23T01:59:57.108Z</time>
      </trkpt>
      <trkpt lat="50.474637" lon="8.509012">
        <ele>293.052287</ele>
        <time>2026-07-23T01:59:58.197Z</time>
      </trkpt>
      <trkpt lat="50.474529" lon="8.509326">
        <ele>292.923930</ele>
        <time>2026-07-23T02:00:01.258Z</time>
      </trkpt>
      <trkpt lat="50.474404" lon="8.509598">
        <ele>293.429788</ele>
        <time>2026-07-23T02:00:06.947Z</time>
      </trkpt>
      <trkpt lat="50.474324" lon="8.509685">
        <ele>293.713131</ele>
        <time>2026-07-23T02:00:09.678Z</time>
      </trkpt>
      <trkpt lat="50.474198" lon="8.509755">
        <ele>294.107697</ele>
        <time>2026-07-23T02:00:12.882Z</time>
      </trkpt>
      <trkpt lat="50.474080" lon="8.509753">
        <ele>294.483989</ele>
        <time>2026-07-23T02:00:15.721Z</time>
      </trkpt>
      <trkpt lat="50.473978" lon="8.509699">
        <ele>294.906591</ele>
        <time>2026-07-23T02:00:19.264Z</time>
      </trkpt>
      <trkpt lat="50.473891" lon="8.509599">
        <ele>295.674267</ele>
        <time>2026-07-23T02:00:23.803Z</time>
      </trkpt>
      <trkpt lat="50.473759" lon="8.509357">
        <ele>297.086681</ele>
        <time>2026-07-23T02:00:33.208Z</time>
      </trkpt>
      <trkpt lat="50.473564" lon="8.509020">
        <ele>298.870881</ele>
        <time>2026-07-23T02:00:44.518Z</time>
      </trkpt>
      <trkpt lat="50.473358" lon="8.508803">
        <ele>300.255639</ele>
        <time>2026-07-23T02:00:53.199Z</time>
      </trkpt>
      <trkpt lat="50.472225" lon="8.507889">
        <ele>308.733971</ele>
        <time>2026-07-23T02:01:46.213Z</time>
      </trkpt>
      <trkpt lat="50.471745" lon="8.507846">
        <ele>312.214707</ele>
        <time>2026-07-23T02:02:07.706Z</time>
      </trkpt>
      <trkpt lat="50.471484" lon="8.507779">
        <ele>314.166740</ele>
        <time>2026-07-23T02:02:19.536Z</time>
      </trkpt>
      <trkpt lat="50.471249" lon="8.507636">
        <ele>315.862868</ele>
        <time>2026-07-23T02:02:30.070Z</time>
      </trkpt>
      <trkpt lat="50.470905" lon="8.507330">
        <ele>318.068122</ele>
        <time>2026-07-23T02:02:44.680Z</time>
      </trkpt>
      <trkpt lat="50.470646" lon="8.507144">
        <ele>319.499972</ele>
        <time>2026-07-23T02:02:54.479Z</time>
      </trkpt>
      <trkpt lat="50.470301" lon="8.507108">
        <ele>321.159748</ele>
        <time>2026-07-23T02:03:06.509Z</time>
      </trkpt>
      <trkpt lat="50.469640" lon="8.507246">
        <ele>323.982233</ele>
        <time>2026-07-23T02:03:27.642Z</time>
      </trkpt>
      <trkpt lat="50.469357" lon="8.507266">
        <ele>325.297844</ele>
        <time>2026-07-23T02:03:36.133Z</time>
      </trkpt>
      <trkpt lat="50.467351" lon="8.507145">
        <ele>341.022498</ele>
        <time>2026-07-23T02:05:10.905Z</time>
      </trkpt>
      <trkpt lat="50.466752" lon="8.507071">
        <ele>342.960615</ele>
        <time>2026-07-23T02:05:26.225Z</time>
      </trkpt>
      <trkpt lat="50.465774" lon="8.506691">
        <ele>346.477588</ele>
        <time>2026-07-23T02:05:55.321Z</time>
      </trkpt>
      <trkpt lat="50.465401" lon="8.506642">
        <ele>348.036425</ele>
        <time>2026-07-23T02:06:08.701Z</time>
      </trkpt>
      <trkpt lat="50.464491" lon="8.506565">
        <ele>349.951601</ele>
        <time>2026-07-23T02:06:28.322Z</time>
      </trkpt>
      <trkpt lat="50.464258" lon="8.506584">
        <ele>350.726077</ele>
        <time>2026-07-23T02:06:33.995Z</time>
      </trkpt>
      <trkpt lat="50.463987" lon="8.506718">
        <ele>352.302777</ele>
        <time>2026-07-23T02:06:45.973Z</time>
      </trkpt>
      <trkpt lat="50.463628" lon="8.506997">
        <ele>353.848305</ele>
        <time>2026-07-23T02:06:58.668Z</time>
      </trkpt>
      <trkpt lat="50.463450" lon="8.507178">
        <ele>354.021904</ele>
        <time>2026-07-23T02:07:01.580Z</time>
      </trkpt>
      <trkpt lat="50.463274" lon="8.507458">
        <ele>354.100792</ele>
        <time>2026-07-23T02:07:05.224Z</time>
      </trkpt>
      <trkpt lat="50.463140" lon="8.507793">
        <ele>354.504563</ele>
        <time>2026-07-23T02:07:11.199Z</time>
      </trkpt>
      <trkpt lat="50.462814" lon="8.508554">
        <ele>355.610633</ele>
        <time>2026-07-23T02:07:24.435Z</time>
      </trkpt>
      <trkpt lat="50.462695" lon="8.508725">
        <ele>355.736502</ele>
        <time>2026-07-23T02:07:27.357Z</time>
      </trkpt>
      <trkpt lat="50.462452" lon="8.508980">
        <ele>355.664974</ele>
        <time>2026-07-23T02:07:30.903Z</time>
      </trkpt>
      <trkpt lat="50.462378" lon="8.509077">
        <ele>355.730163</ele>
        <time>2026-07-23T02:07:32.498Z</time>
      </trkpt>
      <trkpt lat="50.462262" lon="8.509324">
        <ele>356.246173</ele>
        <time>2026-07-23T02:07:38.327Z</time>
      </trkpt>
      <trkpt lat="50.461924" lon="8.510671">
        <ele>358.241037</ele>
        <time>2026-07-23T02:08:00.497Z</time>
      </trkpt>
      <trkpt lat="50.461635" lon="8.511509">
        <ele>357.493929</ele>
        <time>2026-07-23T02:08:07.501Z</time>
      </trkpt>
      <trkpt lat="50.461435" lon="8.512011">
        <ele>356.947890</ele>
        <time>2026-07-23T02:08:11.747Z</time>
      </trkpt>
      <trkpt lat="50.460959" lon="8.512935">
        <ele>356.195246</ele>
        <time>2026-07-23T02:08:21.606Z</time>
      </trkpt>
      <trkpt lat="50.460578" lon="8.513511">
        <ele>354.119816</ele>
        <time>2026-07-23T02:08:26.691Z</time>
      </trkpt>
      <trkpt lat="50.460381" lon="8.513847">
        <ele>353.136893</ele>
        <time>2026-07-23T02:08:29.530Z</time>
      </trkpt>
      <trkpt lat="50.460225" lon="8.514192">
        <ele>352.944707</ele>
        <time>2026-07-23T02:08:32.966Z</time>
      </trkpt>
      <trkpt lat="50.460048" lon="8.514702">
        <ele>353.372486</ele>
        <time>2026-07-23T02:08:41.519Z</time>
      </trkpt>
      <trkpt lat="50.459738" lon="8.515866">
        <ele>351.855388</ele>
        <time>2026-07-23T02:08:50.463Z</time>
      </trkpt>
      <trkpt lat="50.459636" lon="8.516171">
        <ele>351.069770</ele>
        <time>2026-07-23T02:08:52.552Z</time>
      </trkpt>
      <trkpt lat="50.459208" lon="8.517235">
        <ele>348.391510</ele>
        <time>2026-07-23T02:09:00.664Z</time>
      </trkpt>
      <trkpt lat="50.459075" lon="8.517789">
        <ele>347.129980</ele>
        <time>2026-07-23T02:09:04.405Z</time>
      </trkpt>
      <trkpt lat="50.459012" lon="8.518300">
        <ele>346.192423</ele>
        <time>2026-07-23T02:09:07.867Z</time>
      </trkpt>
      <trkpt lat="50.458997" lon="8.518684">
        <ele>345.447357</ele>
        <time>2026-07-23T02:09:10.425Z</time>
      </trkpt>
      <trkpt lat="50.459020" lon="8.519300">
        <ele>344.202632</ele>
        <time>2026-07-23T02:09:14.287Z</time>
      </trkpt>
      <trkpt lat="50.459059" lon="8.520541">
        <ele>344.775047</ele>
        <time>2026-07-23T02:09:28.055Z</time>
      </trkpt>
      <trkpt lat="50.459027" lon="8.520770">
        <ele>345.210566</ele>
        <time>2026-07-23T02:09:33.862Z</time>
      </trkpt>
      <trkpt lat="50.458967" lon="8.520907">
        <ele>345.567570</ele>
        <time>2026-07-23T02:09:36.950Z</time>
      </trkpt>
      <trkpt lat="50.458866" lon="8.521009">
        <ele>345.657878</ele>
        <time>2026-07-23T02:09:38.454Z</time>
      </trkpt>
      <trkpt lat="50.458685" lon="8.521075">
        <ele>345.528362</ele>
        <time>2026-07-23T02:09:40.629Z</time>
      </trkpt>
      <trkpt lat="50.458455" lon="8.521077">
        <ele>345.448885</ele>
        <time>2026-07-23T02:09:43.760Z</time>
      </trkpt>
      <trkpt lat="50.458248" lon="8.521019">
        <ele>345.629434</ele>
        <time>2026-07-23T02:09:47.420Z</time>
      </trkpt>
      <trkpt lat="50.457653" lon="8.520668">
        <ele>347.789357</ele>
        <time>2026-07-23T02:10:05.811Z</time>
      </trkpt>
      <trkpt lat="50.457240" lon="8.520505">
        <ele>349.160298</ele>
        <time>2026-07-23T02:10:18.056Z</time>
      </trkpt>
      <trkpt lat="50.456637" lon="8.520416">
        <ele>350.422474</ele>
        <time>2026-07-23T02:10:32.324Z</time>
      </trkpt>
      <trkpt lat="50.455604" lon="8.520172">
        <ele>349.697323</ele>
        <time>2026-07-23T02:10:45.454Z</time>
      </trkpt>
      <trkpt lat="50.455171" lon="8.520160">
        <ele>349.386510</ele>
        <time>2026-07-23T02:10:50.752Z</time>
      </trkpt>
      <trkpt lat="50.454532" lon="8.520202">
        <ele>350.145598</ele>
        <time>2026-07-23T02:11:03.559Z</time>
      </trkpt>
      <trkpt lat="50.454384" lon="8.520178">
        <ele>350.517970</ele>
        <time>2026-07-23T02:11:07.185Z</time>
      </trkpt>
      <trkpt lat="50.454069" lon="8.520063">
        <ele>351.391779</ele>
        <time>2026-07-23T02:11:15.590Z</time>
      </trkpt>
      <trkpt lat="50.453493" lon="8.519663">
        <ele>353.010997</ele>
        <time>2026-07-23T02:11:31.372Z</time>
      </trkpt>
      <trkpt lat="50.453255" lon="8.519551">
        <ele>353.696011</ele>
        <time>2026-07-23T02:11:37.892Z</time>
      </trkpt>
      <trkpt lat="50.452885" lon="8.519484">
        <ele>354.653838</ele>
        <time>2026-07-23T02:11:47.382Z</time>
      </trkpt>
      <trkpt lat="50.452503" lon="8.519517">
        <ele>354.976632</ele>
        <time>2026-07-23T02:11:55.851Z</time>
      </trkpt>
      <trkpt lat="50.451820" lon="8.519895">
        <ele>352.064231</ele>
        <time>2026-07-23T02:12:02.812Z</time>
      </trkpt>
      <trkpt lat="50.451322" lon="8.520076">
        <ele>348.667536</ele>
        <time>2026-07-23T02:12:07.424Z</time>
      </trkpt>
      <trkpt lat="50.450954" lon="8.520097">
        <ele>345.760387</ele>
        <time>2026-07-23T02:12:10.687Z</time>
      </trkpt>
      <trkpt lat="50.450613" lon="8.520001">
        <ele>342.475154</ele>
        <time>2026-07-23T02:12:13.667Z</time>
      </trkpt>
      <trkpt lat="50.450279" lon="8.519847">
        <ele>339.853822</ele>
        <time>2026-07-23T02:12:16.775Z</time>
      </trkpt>
      <trkpt lat="50.449862" lon="8.519538">
        <ele>336.846904</ele>
        <time>2026-07-23T02:12:20.954Z</time>
      </trkpt>
      <trkpt lat="50.449733" lon="8.519463">
        <ele>336.079329</ele>
        <time>2026-07-23T02:12:22.231Z</time>
      </trkpt>
      <trkpt lat="50.449086" lon="8.519019">
        <ele>332.805946</ele>
        <time>2026-07-23T02:12:29.044Z</time>
      </trkpt>
      <trkpt lat="50.448991" lon="8.519004">
        <ele>332.172318</ele>
        <time>2026-07-23T02:12:29.898Z</time>
      </trkpt>
      <trkpt lat="50.448824" lon="8.519046">
        <ele>330.858827</ele>
        <time>2026-07-23T02:12:31.371Z</time>
      </trkpt>
      <trkpt lat="50.448622" lon="8.519118">
        <ele>329.402272</ele>
        <time>2026-07-23T02:12:33.208Z</time>
      </trkpt>
      <trkpt lat="50.448431" lon="8.519120">
        <ele>328.557030</ele>
        <time>2026-07-23T02:12:35.050Z</time>
      </trkpt>
      <trkpt lat="50.448419" lon="8.519303">
        <ele>328.323686</ele>
        <time>2026-07-23T02:12:36.424Z</time>
      </trkpt>
      <trkpt lat="50.448436" lon="8.519415">
        <ele>328.276174</ele>
        <time>2026-07-23T02:12:37.535Z</time>
      </trkpt>
      <trkpt lat="50.448669" lon="8.520046">
        <ele>328.994263</ele>
        <time>2026-07-23T02:12:47.155Z</time>
      </trkpt>
      <trkpt lat="50.448962" lon="8.521242">
        <ele>331.514970</ele>
        <time>2026-07-23T02:13:09.985Z</time>
      </trkpt>
      <trkpt lat="50.448985" lon="8.522117">
        <ele>332.350774</ele>
        <time>2026-07-23T02:13:21.116Z</time>
      </trkpt>
      <trkpt lat="50.449010" lon="8.522815">
        <ele>333.373010</ele>
        <time>2026-07-23T02:13:31.691Z</time>
      </trkpt>
      <trkpt lat="50.449101" lon="8.523522">
        <ele>335.039867</ele>
        <time>2026-07-23T02:13:45.404Z</time>
      </trkpt>
      <trkpt lat="50.449126" lon="8.523703">
        <ele>335.535564</ele>
        <time>2026-07-23T02:13:49.000Z</time>
      </trkpt>
      <trkpt lat="50.449306" lon="8.524960">
        <ele>339.513550</ele>
        <time>2026-07-23T02:14:17.610Z</time>
      </trkpt>
      <trkpt lat="50.449491" lon="8.526151">
        <ele>342.260212</ele>
        <time>2026-07-23T02:14:39.919Z</time>
      </trkpt>
      <trkpt lat="50.449550" lon="8.526741">
        <ele>343.173567</ele>
        <time>2026-07-23T02:14:48.926Z</time>
      </trkpt>
      <trkpt lat="50.449518" lon="8.527852">
        <ele>345.661217</ele>
        <time>2026-07-23T02:15:09.334Z</time>
      </trkpt>
      <trkpt lat="50.449442" lon="8.528599">
        <ele>347.975623</ele>
        <time>2026-07-23T02:15:26.027Z</time>
      </trkpt>
      <trkpt lat="50.449307" lon="8.529396">
        <ele>350.174489</ele>
        <time>2026-07-23T02:15:42.907Z</time>
      </trkpt>
      <trkpt lat="50.449026" lon="8.530466">
        <ele>352.996115</ele>
        <time>2026-07-23T02:16:04.918Z</time>
      </trkpt>
      <trkpt lat="50.448875" lon="8.530864">
        <ele>354.101488</ele>
        <time>2026-07-23T02:16:13.704Z</time>
      </trkpt>
      <trkpt lat="50.448743" lon="8.531125">
        <ele>354.898384</ele>
        <time>2026-07-23T02:16:20.034Z</time>
      </trkpt>
      <trkpt lat="50.448601" lon="8.531318">
        <ele>355.532964</ele>
        <time>2026-07-23T02:16:25.516Z</time>
      </trkpt>
      <trkpt lat="50.448423" lon="8.531479">
        <ele>356.042520</ele>
        <time>2026-07-23T02:16:30.565Z</time>
      </trkpt>
      <trkpt lat="50.448363" lon="8.531524">
        <ele>356.177657</ele>
        <time>2026-07-23T02:16:31.945Z</time>
      </trkpt>
      <trkpt lat="50.448090" lon="8.531727">
        <ele>356.695175</ele>
        <time>2026-07-23T02:16:37.988Z</time>
      </trkpt>
      <trkpt lat="50.447984" lon="8.531861">
        <ele>357.093153</ele>
        <time>2026-07-23T02:16:41.666Z</time>
      </trkpt>
      <trkpt lat="50.447633" lon="8.532793">
        <ele>360.265218</ele>
        <time>2026-07-23T02:17:05.077Z</time>
      </trkpt>
      <trkpt lat="50.447467" lon="8.533109">
        <ele>361.318099</ele>
        <time>2026-07-23T02:17:12.932Z</time>
      </trkpt>
      <trkpt lat="50.447055" lon="8.533734">
        <ele>363.781845</ele>
        <time>2026-07-23T02:17:31.617Z</time>
      </trkpt>
      <trkpt lat="50.446344" lon="8.534983">
        <ele>368.056470</ele>
        <time>2026-07-23T02:18:04.667Z</time>
      </trkpt>
      <trkpt lat="50.446149" lon="8.535365">
        <ele>369.060293</ele>
        <time>2026-07-23T02:18:13.245Z</time>
      </trkpt>
      <trkpt lat="50.445813" lon="8.536122">
        <ele>370.369355</ele>
        <time>2026-07-23T02:18:27.697Z</time>
      </trkpt>
      <trkpt lat="50.445306" lon="8.537247">
        <ele>370.926785</ele>
        <time>2026-07-23T02:18:42.747Z</time>
      </trkpt>
      <trkpt lat="50.444501" lon="8.538783">
        <ele>370.138413</ele>
        <time>2026-07-23T02:18:58.973Z</time>
      </trkpt>
      <trkpt lat="50.444021" lon="8.539582">
        <ele>368.617845</ele>
        <time>2026-07-23T02:19:06.543Z</time>
      </trkpt>
      <trkpt lat="50.443357" lon="8.540811">
        <ele>366.997058</ele>
        <time>2026-07-23T02:19:18.154Z</time>
      </trkpt>
      <trkpt lat="50.443234" lon="8.540927">
        <ele>366.942692</ele>
        <time>2026-07-23T02:19:20.151Z</time>
      </trkpt>
      <trkpt lat="50.443021" lon="8.540973">
        <ele>367.111100</ele>
        <time>2026-07-23T02:19:24.067Z</time>
      </trkpt>
      <trkpt lat="50.443038" lon="8.540319">
        <ele>367.607580</ele>
        <time>2026-07-23T02:19:32.585Z</time>
      </trkpt>
      <trkpt lat="50.443081" lon="8.538701">
        <ele>368.974600</ele>
        <time>2026-07-23T02:19:53.780Z</time>
      </trkpt>
      <trkpt lat="50.443089" lon="8.538601">
        <ele>369.008531</ele>
        <time>2026-07-23T02:19:54.823Z</time>
      </trkpt>
      <trkpt lat="50.443240" lon="8.537413">
        <ele>367.730421</ele>
        <time>2026-07-23T02:20:03.397Z</time>
      </trkpt>
      <trkpt lat="50.443467" lon="8.535623">
        <ele>366.178519</ele>
        <time>2026-07-23T02:20:16.996Z</time>
      </trkpt>
      <trkpt lat="50.443557" lon="8.533956">
        <ele>365.495424</ele>
        <time>2026-07-23T02:20:30.873Z</time>
      </trkpt>
      <trkpt lat="50.443653" lon="8.532010">
        <ele>364.684461</ele>
        <time>2026-07-23T02:20:46.891Z</time>
      </trkpt>
      <trkpt lat="50.443650" lon="8.531204">
        <ele>364.206969</ele>
        <time>2026-07-23T02:20:53.133Z</time>
      </trkpt>
      <trkpt lat="50.443623" lon="8.530803">
        <ele>364.093313</ele>
        <time>2026-07-23T02:20:56.395Z</time>
      </trkpt>
      <trkpt lat="50.443355" lon="8.528652">
        <ele>365.376450</ele>
        <time>2026-07-23T02:21:23.084Z</time>
      </trkpt>
      <trkpt lat="50.443316" lon="8.527686">
        <ele>364.952344</ele>
        <time>2026-07-23T02:21:31.230Z</time>
      </trkpt>
      <trkpt lat="50.443404" lon="8.525586">
        <ele>359.746809</ele>
        <time>2026-07-23T02:21:44.306Z</time>
      </trkpt>
      <trkpt lat="50.443398" lon="8.525182">
        <ele>358.990629</ele>
        <time>2026-07-23T02:21:46.942Z</time>
      </trkpt>
      <trkpt lat="50.443217" lon="8.523352">
        <ele>355.535578</ele>
        <time>2026-07-23T02:21:59.160Z</time>
      </trkpt>
      <trkpt lat="50.443054" lon="8.522699">
        <ele>353.812138</ele>
        <time>2026-07-23T02:22:03.512Z</time>
      </trkpt>
      <trkpt lat="50.442907" lon="8.522358">
        <ele>352.779176</ele>
        <time>2026-07-23T02:22:06.076Z</time>
      </trkpt>
      <trkpt lat="50.442484" lon="8.521599">
        <ele>350.176250</ele>
        <time>2026-07-23T02:22:12.301Z</time>
      </trkpt>
      <trkpt lat="50.442184" lon="8.521134">
        <ele>348.895029</ele>
        <time>2026-07-23T02:22:16.681Z</time>
      </trkpt>
      <trkpt lat="50.441546" lon="8.520404">
        <ele>346.619721</ele>
        <time>2026-07-23T02:22:24.805Z</time>
      </trkpt>
      <trkpt lat="50.440203" lon="8.518534">
        <ele>342.341189</ele>
        <time>2026-07-23T02:22:43.916Z</time>
      </trkpt>
      <trkpt lat="50.439521" lon="8.517637">
        <ele>341.068224</ele>
        <time>2026-07-23T02:22:54.274Z</time>
      </trkpt>
      <trkpt lat="50.438053" lon="8.515719">
        <ele>337.069559</ele>
        <time>2026-07-23T02:23:15.075Z</time>
      </trkpt>
      <trkpt lat="50.437865" lon="8.515436">
        <ele>336.159114</ele>
        <time>2026-07-23T02:23:17.801Z</time>
      </trkpt>
      <trkpt lat="50.437653" lon="8.514983">
        <ele>333.831248</ele>
        <time>2026-07-23T02:23:21.020Z</time>
      </trkpt>
      <trkpt lat="50.435305" lon="8.508824">
        <ele>293.309040</ele>
        <time>2026-07-23T02:24:00.880Z</time>
      </trkpt>
      <trkpt lat="50.435145" lon="8.508264">
        <ele>290.618991</ele>
        <time>2026-07-23T02:24:04.405Z</time>
      </trkpt>
      <trkpt lat="50.434959" lon="8.506908">
        <ele>286.763747</ele>
        <time>2026-07-23T02:24:12.957Z</time>
      </trkpt>
      <trkpt lat="50.434884" lon="8.506535">
        <ele>285.416655</ele>
        <time>2026-07-23T02:24:15.290Z</time>
      </trkpt>
      <trkpt lat="50.434813" lon="8.506287">
        <ele>284.237343</ele>
        <time>2026-07-23T02:24:16.853Z</time>
      </trkpt>
      <trkpt lat="50.434453" lon="8.505365">
        <ele>278.321681</ele>
        <time>2026-07-23T02:24:22.861Z</time>
      </trkpt>
      <trkpt lat="50.434345" lon="8.505031">
        <ele>276.401778</ele>
        <time>2026-07-23T02:24:24.977Z</time>
      </trkpt>
      <trkpt lat="50.434038" lon="8.503835">
        <ele>269.714592</ele>
        <time>2026-07-23T02:24:32.234Z</time>
      </trkpt>
      <trkpt lat="50.433764" lon="8.502750">
        <ele>261.300740</ele>
        <time>2026-07-23T02:24:38.537Z</time>
      </trkpt>
      <trkpt lat="50.433517" lon="8.501769">
        <ele>255.452902</ele>
        <time>2026-07-23T02:24:44.430Z</time>
      </trkpt>
      <trkpt lat="50.433432" lon="8.501438">
        <ele>253.303143</ele>
        <time>2026-07-23T02:24:46.379Z</time>
      </trkpt>
      <trkpt lat="50.433006" lon="8.499680">
        <ele>244.973866</ele>
        <time>2026-07-23T02:24:57.163Z</time>
      </trkpt>
      <trkpt lat="50.432988" lon="8.499599">
        <ele>244.582948</ele>
        <time>2026-07-23T02:24:57.652Z</time>
      </trkpt>
      <trkpt lat="50.432843" lon="8.498954">
        <ele>241.433065</ele>
        <time>2026-07-23T02:25:01.547Z</time>
      </trkpt>
      <trkpt lat="50.432834" lon="8.498794">
        <ele>240.709400</ele>
        <time>2026-07-23T02:25:02.468Z</time>
      </trkpt>
      <trkpt lat="50.432852" lon="8.498628">
        <ele>240.093582</ele>
        <time>2026-07-23T02:25:03.444Z</time>
      </trkpt>
      <trkpt lat="50.432977" lon="8.498159">
        <ele>238.485041</ele>
        <time>2026-07-23T02:25:06.485Z</time>
      </trkpt>
      <trkpt lat="50.433033" lon="8.497927">
        <ele>238.121862</ele>
        <time>2026-07-23T02:25:08.190Z</time>
      </trkpt>
      <trkpt lat="50.433065" lon="8.497785">
        <ele>237.952400</ele>
        <time>2026-07-23T02:25:09.443Z</time>
      </trkpt>
      <trkpt lat="50.433106" lon="8.497526">
        <ele>237.982456</ele>
        <time>2026-07-23T02:25:11.996Z</time>
      </trkpt>
      <trkpt lat="50.433085" lon="8.497335">
        <ele>237.921498</ele>
        <time>2026-07-23T02:25:13.854Z</time>
      </trkpt>
      <trkpt lat="50.432811" lon="8.497444">
        <ele>237.644040</ele>
        <time>2026-07-23T02:25:17.221Z</time>
      </trkpt>
      <trkpt lat="50.432689" lon="8.497436">
        <ele>237.557838</ele>
        <time>2026-07-23T02:25:18.696Z</time>
      </trkpt>
      <trkpt lat="50.432517" lon="8.497364">
        <ele>237.613740</ele>
        <time>2026-07-23T02:25:21.626Z</time>
      </trkpt>
      <trkpt lat="50.432467" lon="8.497721">
        <ele>237.800169</ele>
        <time>2026-07-23T02:25:26.053Z</time>
      </trkpt>
      <trkpt lat="50.432401" lon="8.498259">
        <ele>238.132157</ele>
        <time>2026-07-23T02:25:32.303Z</time>
      </trkpt>
      <trkpt lat="50.432200" lon="8.499983">
        <ele>239.612702</ele>
        <time>2026-07-23T02:25:55.207Z</time>
      </trkpt>
      <trkpt lat="50.432072" lon="8.500763">
        <ele>240.029207</ele>
        <time>2026-07-23T02:26:03.707Z</time>
      </trkpt>
      <trkpt lat="50.431640" lon="8.503056">
        <ele>244.750619</ele>
        <time>2026-07-23T02:26:45.961Z</time>
      </trkpt>
      <trkpt lat="50.431186" lon="8.505302">
        <ele>248.497002</ele>
        <time>2026-07-23T02:27:22.264Z</time>
      </trkpt>
      <trkpt lat="50.430894" lon="8.506547">
        <ele>253.142714</ele>
        <time>2026-07-23T02:27:54.615Z</time>
      </trkpt>
      <trkpt lat="50.430546" lon="8.507889">
        <ele>253.819964</ele>
        <time>2026-07-23T02:28:10.467Z</time>
      </trkpt>
      <trkpt lat="50.429895" lon="8.510197">
        <ele>255.382994</ele>
        <time>2026-07-23T02:28:41.238Z</time>
      </trkpt>
      <trkpt lat="50.429663" lon="8.511139">
        <ele>254.785701</ele>
        <time>2026-07-23T02:28:48.945Z</time>
      </trkpt>
      <trkpt lat="50.429570" lon="8.511760">
        <ele>254.294489</ele>
        <time>2026-07-23T02:28:53.602Z</time>
      </trkpt>
      <trkpt lat="50.429212" lon="8.515008">
        <ele>256.740090</ele>
        <time>2026-07-23T02:29:34.730Z</time>
      </trkpt>
      <trkpt lat="50.429107" lon="8.515603">
        <ele>257.499882</ele>
        <time>2026-07-23T02:29:44.008Z</time>
      </trkpt>
      <trkpt lat="50.429011" lon="8.515959">
        <ele>257.981430</ele>
        <time>2026-07-23T02:29:49.764Z</time>
      </trkpt>
      <trkpt lat="50.428847" lon="8.516408">
        <ele>258.581870</ele>
        <time>2026-07-23T02:29:56.375Z</time>
      </trkpt>
      <trkpt lat="50.428704" lon="8.516699">
        <ele>259.194130</ele>
        <time>2026-07-23T02:30:02.763Z</time>
      </trkpt>
      <trkpt lat="50.428378" lon="8.517190">
        <ele>260.602194</ele>
        <time>2026-07-23T02:30:14.512Z</time>
      </trkpt>
      <trkpt lat="50.427561" lon="8.518116">
        <ele>265.311935</ele>
        <time>2026-07-23T02:30:48.705Z</time>
      </trkpt>
      <trkpt lat="50.427311" lon="8.518463">
        <ele>266.858971</ele>
        <time>2026-07-23T02:31:00.534Z</time>
      </trkpt>
      <trkpt lat="50.427041" lon="8.518995">
        <ele>267.966959</ele>
        <time>2026-07-23T02:31:11.499Z</time>
      </trkpt>
      <trkpt lat="50.426513" lon="8.520630">
        <ele>268.357201</ele>
        <time>2026-07-23T02:31:29.572Z</time>
      </trkpt>
      <trkpt lat="50.426247" lon="8.521216">
        <ele>268.906775</ele>
        <time>2026-07-23T02:31:38.865Z</time>
      </trkpt>
      <trkpt lat="50.425945" lon="8.521660">
        <ele>269.514629</ele>
        <time>2026-07-23T02:31:47.136Z</time>
      </trkpt>
      <trkpt lat="50.425143" lon="8.522574">
        <ele>271.325310</ele>
        <time>2026-07-23T02:32:08.783Z</time>
      </trkpt>
      <trkpt lat="50.424877" lon="8.523003">
        <ele>273.808261</ele>
        <time>2026-07-23T02:32:23.564Z</time>
      </trkpt>
      <trkpt lat="50.424705" lon="8.523386">
        <ele>277.130680</ele>
        <time>2026-07-23T02:32:42.659Z</time>
      </trkpt>
      <trkpt lat="50.424602" lon="8.523679">
        <ele>279.850249</ele>
        <time>2026-07-23T02:32:57.056Z</time>
      </trkpt>
      <trkpt lat="50.424545" lon="8.523863">
        <ele>281.109492</ele>
        <time>2026-07-23T02:33:05.082Z</time>
      </trkpt>
      <trkpt lat="50.424444" lon="8.524334">
        <ele>283.341075</ele>
        <time>2026-07-23T02:33:18.154Z</time>
      </trkpt>
      <trkpt lat="50.424253" lon="8.525760">
        <ele>285.016696</ele>
        <time>2026-07-23T02:33:38.286Z</time>
      </trkpt>
      <trkpt lat="50.424052" lon="8.527491">
        <ele>284.592705</ele>
        <time>2026-07-23T02:33:53.091Z</time>
      </trkpt>
      <trkpt lat="50.423581" lon="8.531363">
        <ele>289.657655</ele>
        <time>2026-07-23T02:34:50.930Z</time>
      </trkpt>
      <trkpt lat="50.423516" lon="8.531649">
        <ele>290.048362</ele>
        <time>2026-07-23T02:34:54.265Z</time>
      </trkpt>
      <trkpt lat="50.423412" lon="8.532108">
        <ele>291.960187</ele>
        <time>2026-07-23T02:35:08.223Z</time>
      </trkpt>
      <trkpt lat="50.423240" lon="8.532615">
        <ele>293.846880</ele>
        <time>2026-07-23T02:35:20.770Z</time>
      </trkpt>
      <trkpt lat="50.423022" lon="8.533093">
        <ele>295.109210</ele>
        <time>2026-07-23T02:35:31.525Z</time>
      </trkpt>
      <trkpt lat="50.422803" lon="8.533485">
        <ele>295.660041</ele>
        <time>2026-07-23T02:35:38.445Z</time>
      </trkpt>
      <trkpt lat="50.422460" lon="8.533955">
        <ele>296.158396</ele>
        <time>2026-07-23T02:35:46.404Z</time>
      </trkpt>
      <trkpt lat="50.421461" lon="8.535005">
        <ele>299.877733</ele>
        <time>2026-07-23T02:36:19.433Z</time>
      </trkpt>
      <trkpt lat="50.421138" lon="8.535409">
        <ele>301.317573</ele>
        <time>2026-07-23T02:36:33.186Z</time>
      </trkpt>
      <trkpt lat="50.419008" lon="8.538406">
        <ele>303.731616</ele>
        <time>2026-07-23T02:37:24.122Z</time>
      </trkpt>
      <trkpt lat="50.418778" lon="8.538809">
        <ele>303.329278</ele>
        <time>2026-07-23T02:37:28.392Z</time>
      </trkpt>
      <trkpt lat="50.418515" lon="8.539409">
        <ele>301.766510</ele>
        <time>2026-07-23T02:37:32.866Z</time>
      </trkpt>
      <trkpt lat="50.418309" lon="8.540051">
        <ele>302.291388</ele>
        <time>2026-07-23T02:37:42.590Z</time>
      </trkpt>
      <trkpt lat="50.418155" lon="8.540831">
        <ele>304.071874</ele>
        <time>2026-07-23T02:37:57.714Z</time>
      </trkpt>
      <trkpt lat="50.417798" lon="8.543060">
        <ele>308.547653</ele>
        <time>2026-07-23T02:38:37.277Z</time>
      </trkpt>
      <trkpt lat="50.417682" lon="8.544049">
        <ele>311.019291</ele>
        <time>2026-07-23T02:38:56.772Z</time>
      </trkpt>
      <trkpt lat="50.417665" lon="8.544846">
        <ele>313.033154</ele>
        <time>2026-07-23T02:39:12.569Z</time>
      </trkpt>
      <trkpt lat="50.417791" lon="8.547146">
        <ele>316.935424</ele>
        <time>2026-07-23T02:39:50.340Z</time>
      </trkpt>
      <trkpt lat="50.417895" lon="8.548155">
        <ele>317.012550</ele>
        <time>2026-07-23T02:39:59.867Z</time>
      </trkpt>
      <trkpt lat="50.418037" lon="8.548998">
        <ele>316.055471</ele>
        <time>2026-07-23T02:40:06.087Z</time>
      </trkpt>
      <trkpt lat="50.418081" lon="8.549200">
        <ele>315.911743</ele>
        <time>2026-07-23T02:40:07.513Z</time>
      </trkpt>
      <trkpt lat="50.418277" lon="8.550129">
        <ele>316.296746</ele>
        <time>2026-07-23T02:40:18.760Z</time>
      </trkpt>
      <trkpt lat="50.418388" lon="8.550712">
        <ele>317.773191</ele>
        <time>2026-07-23T02:40:30.635Z</time>
      </trkpt>
      <trkpt lat="50.418480" lon="8.551359">
        <ele>319.943940</ele>
        <time>2026-07-23T02:40:45.863Z</time>
      </trkpt>
      <trkpt lat="50.418535" lon="8.552033">
        <ele>321.925586</ele>
        <time>2026-07-23T02:40:59.785Z</time>
      </trkpt>
      <trkpt lat="50.418615" lon="8.554165">
        <ele>328.280371</ele>
        <time>2026-07-23T02:41:46.721Z</time>
      </trkpt>
      <trkpt lat="50.418625" lon="8.554570">
        <ele>328.648202</ele>
        <time>2026-07-23T02:41:51.349Z</time>
      </trkpt>
      <trkpt lat="50.418659" lon="8.555562">
        <ele>328.530143</ele>
        <time>2026-07-23T02:42:00.044Z</time>
      </trkpt>
      <trkpt lat="50.418663" lon="8.555656">
        <ele>328.524901</ele>
        <time>2026-07-23T02:42:00.957Z</time>
      </trkpt>
      <trkpt lat="50.418685" lon="8.556333">
        <ele>328.885030</ele>
        <time>2026-07-23T02:42:08.186Z</time>
      </trkpt>
      <trkpt lat="50.418673" lon="8.556751">
        <ele>329.888447</ele>
        <time>2026-07-23T02:42:16.715Z</time>
      </trkpt>
      <trkpt lat="50.418533" lon="8.557566">
        <ele>332.109462</ele>
        <time>2026-07-23T02:42:33.582Z</time>
      </trkpt>
      <trkpt lat="50.418504" lon="8.557760">
        <ele>332.644577</ele>
        <time>2026-07-23T02:42:37.541Z</time>
      </trkpt>
      <trkpt lat="50.418450" lon="8.558534">
        <ele>335.118198</ele>
        <time>2026-07-23T02:42:55.332Z</time>
      </trkpt>
      <trkpt lat="50.418473" lon="8.559403">
        <ele>337.053061</ele>
        <time>2026-07-23T02:43:10.595Z</time>
      </trkpt>
      <trkpt lat="50.418482" lon="8.559887">
        <ele>338.337277</ele>
        <time>2026-07-23T02:43:20.436Z</time>
      </trkpt>
      <trkpt lat="50.418490" lon="8.560439">
        <ele>340.364482</ele>
        <time>2026-07-23T02:43:33.311Z</time>
      </trkpt>
      <trkpt lat="50.418487" lon="8.560891">
        <ele>342.598867</ele>
        <time>2026-07-23T02:43:46.995Z</time>
      </trkpt>
      <trkpt lat="50.418457" lon="8.561285">
        <ele>344.626210</ele>
        <time>2026-07-23T02:43:59.205Z</time>
      </trkpt>
      <trkpt lat="50.418341" lon="8.562058">
        <ele>347.539195</ele>
        <time>2026-07-23T02:44:19.372Z</time>
      </trkpt>
      <trkpt lat="50.418259" lon="8.562418">
        <ele>347.871483</ele>
        <time>2026-07-23T02:44:22.776Z</time>
      </trkpt>
      <trkpt lat="50.417744" lon="8.564625">
        <ele>349.667848</ele>
        <time>2026-07-23T02:44:51.858Z</time>
      </trkpt>
      <trkpt lat="50.417172" lon="8.567148">
        <ele>359.880700</ele>
        <time>2026-07-23T02:45:58.529Z</time>
      </trkpt>
      <trkpt lat="50.417098" lon="8.567660">
        <ele>362.190733</ele>
        <time>2026-07-23T02:46:13.306Z</time>
      </trkpt>
      <trkpt lat="50.417047" lon="8.568216">
        <ele>363.618234</ele>
        <time>2026-07-23T02:46:24.043Z</time>
      </trkpt>
      <trkpt lat="50.417007" lon="8.569996">
        <ele>368.006364</ele>
        <time>2026-07-23T02:46:58.952Z</time>
      </trkpt>
      <trkpt lat="50.416916" lon="8.570840">
        <ele>369.318003</ele>
        <time>2026-07-23T02:47:11.895Z</time>
      </trkpt>
      <trkpt lat="50.416787" lon="8.571439">
        <ele>370.484035</ele>
        <time>2026-07-23T02:47:22.239Z</time>
      </trkpt>
      <trkpt lat="50.416128" lon="8.573806">
        <ele>378.324425</ele>
        <time>2026-07-23T02:48:18.757Z</time>
      </trkpt>
      <trkpt lat="50.415984" lon="8.574585">
        <ele>379.932375</ele>
        <time>2026-07-23T02:48:32.773Z</time>
      </trkpt>
      <trkpt lat="50.415953" lon="8.575247">
        <ele>380.800730</ele>
        <time>2026-07-23T02:48:42.317Z</time>
      </trkpt>
      <trkpt lat="50.415978" lon="8.575657">
        <ele>381.306489</ele>
        <time>2026-07-23T02:48:48.209Z</time>
      </trkpt>
      <trkpt lat="50.416029" lon="8.576116">
        <ele>381.900614</ele>
        <time>2026-07-23T02:48:54.619Z</time>
      </trkpt>
      <trkpt lat="50.416161" lon="8.576778">
        <ele>382.802583</ele>
        <time>2026-07-23T02:49:04.835Z</time>
      </trkpt>
      <trkpt lat="50.416506" lon="8.578491">
        <ele>385.137591</ele>
        <time>2026-07-23T02:49:31.686Z</time>
      </trkpt>
      <trkpt lat="50.416827" lon="8.580207">
        <ele>385.794726</ele>
        <time>2026-07-23T02:49:50.070Z</time>
      </trkpt>
      <trkpt lat="50.417054" lon="8.582057">
        <ele>393.866326</ele>
        <time>2026-07-23T02:50:40.558Z</time>
      </trkpt>
      <trkpt lat="50.417115" lon="8.582431">
        <ele>395.755437</ele>
        <time>2026-07-23T02:50:52.498Z</time>
      </trkpt>
      <trkpt lat="50.417202" lon="8.582792">
        <ele>397.569987</ele>
        <time>2026-07-23T02:51:03.472Z</time>
      </trkpt>
      <trkpt lat="50.417378" lon="8.583300">
        <ele>400.051786</ele>
        <time>2026-07-23T02:51:18.592Z</time>
      </trkpt>
      <trkpt lat="50.418445" lon="8.585504">
        <ele>410.209869</ele>
        <time>2026-07-23T02:52:25.530Z</time>
      </trkpt>
      <trkpt lat="50.418663" lon="8.586053">
        <ele>412.694248</ele>
        <time>2026-07-23T02:52:41.559Z</time>
      </trkpt>
      <trkpt lat="50.418754" lon="8.586366">
        <ele>413.998056</ele>
        <time>2026-07-23T02:52:50.212Z</time>
      </trkpt>
      <trkpt lat="50.418850" lon="8.586849">
        <ele>415.875619</ele>
        <time>2026-07-23T02:53:02.321Z</time>
      </trkpt>
      <trkpt lat="50.418886" lon="8.587156">
        <ele>416.925308</ele>
        <time>2026-07-23T02:53:09.805Z</time>
      </trkpt>
      <trkpt lat="50.418911" lon="8.587686">
        <ele>418.153552</ele>
        <time>2026-07-23T02:53:19.603Z</time>
      </trkpt>
      <trkpt lat="50.418831" lon="8.590901">
        <ele>423.697416</ele>
        <time>2026-07-23T02:54:12.048Z</time>
      </trkpt>
      <trkpt lat="50.418833" lon="8.591677">
        <ele>424.979838</ele>
        <time>2026-07-23T02:54:24.651Z</time>
      </trkpt>
      <trkpt lat="50.418889" lon="8.592837">
        <ele>426.424783</ele>
        <time>2026-07-23T02:54:41.547Z</time>
      </trkpt>
      <trkpt lat="50.418962" lon="8.593604">
        <ele>426.498311</ele>
        <time>2026-07-23T02:54:49.824Z</time>
      </trkpt>
      <trkpt lat="50.419063" lon="8.594363">
        <ele>425.449423</ele>
        <time>2026-07-23T02:54:55.103Z</time>
      </trkpt>
      <trkpt lat="50.419287" lon="8.595559">
        <ele>421.345226</ele>
        <time>2026-07-23T02:55:02.575Z</time>
      </trkpt>
      <trkpt lat="50.419544" lon="8.596428">
        <ele>415.311684</ele>
        <time>2026-07-23T02:55:07.803Z</time>
      </trkpt>
      <trkpt lat="50.419699" lon="8.596820">
        <ele>413.628779</ele>
        <time>2026-07-23T02:55:10.563Z</time>
      </trkpt>
      <trkpt lat="50.419897" lon="8.597206">
        <ele>412.215809</ele>
        <time>2026-07-23T02:55:13.602Z</time>
      </trkpt>
      <trkpt lat="50.420088" lon="8.597495">
        <ele>411.114865</ele>
        <time>2026-07-23T02:55:16.164Z</time>
      </trkpt>
      <trkpt lat="50.420317" lon="8.597768">
        <ele>409.932290</ele>
        <time>2026-07-23T02:55:19.002Z</time>
      </trkpt>
      <trkpt lat="50.420505" lon="8.597950">
        <ele>408.667138</ele>
        <time>2026-07-23T02:55:21.025Z</time>
      </trkpt>
      <trkpt lat="50.420741" lon="8.598114">
        <ele>406.973210</ele>
        <time>2026-07-23T02:55:23.356Z</time>
      </trkpt>
      <trkpt lat="50.421185" lon="8.598282">
        <ele>404.388771</ele>
        <time>2026-07-23T02:55:27.610Z</time>
      </trkpt>
      <trkpt lat="50.421495" lon="8.598301">
        <ele>402.153118</ele>
        <time>2026-07-23T02:55:30.372Z</time>
      </trkpt>
      <trkpt lat="50.421818" lon="8.598244">
        <ele>399.893835</ele>
        <time>2026-07-23T02:55:33.286Z</time>
      </trkpt>
      <trkpt lat="50.422041" lon="8.598161">
        <ele>398.319662</ele>
        <time>2026-07-23T02:55:35.348Z</time>
      </trkpt>
      <trkpt lat="50.422621" lon="8.597867">
        <ele>394.451642</ele>
        <time>2026-07-23T02:55:40.896Z</time>
      </trkpt>
      <trkpt lat="50.422917" lon="8.597767">
        <ele>392.851942</ele>
        <time>2026-07-23T02:55:43.739Z</time>
      </trkpt>
      <trkpt lat="50.423275" lon="8.597724">
        <ele>391.396909</ele>
        <time>2026-07-23T02:55:47.230Z</time>
      </trkpt>
      <trkpt lat="50.423752" lon="8.597803">
        <ele>389.587216</ele>
        <time>2026-07-23T02:55:51.949Z</time>
      </trkpt>
      <trkpt lat="50.424121" lon="8.597966">
        <ele>388.799242</ele>
        <time>2026-07-23T02:55:56.226Z</time>
      </trkpt>
      <trkpt lat="50.425180" lon="8.598635">
        <ele>386.447033</ele>
        <time>2026-07-23T02:56:08.956Z</time>
      </trkpt>
      <trkpt lat="50.426226" lon="8.599169">
        <ele>379.564602</ele>
        <time>2026-07-23T02:56:18.926Z</time>
      </trkpt>
      <trkpt lat="50.426533" lon="8.599374">
        <ele>377.721949</ele>
        <time>2026-07-23T02:56:22.015Z</time>
      </trkpt>
      <trkpt lat="50.426867" lon="8.599689">
        <ele>375.925115</ele>
        <time>2026-07-23T02:56:25.733Z</time>
      </trkpt>
      <trkpt lat="50.427452" lon="8.600441">
        <ele>372.626378</ele>
        <time>2026-07-23T02:56:33.112Z</time>
      </trkpt>
      <trkpt lat="50.427841" lon="8.600831">
        <ele>368.927322</ele>
        <time>2026-07-23T02:56:37.141Z</time>
      </trkpt>
      <trkpt lat="50.428238" lon="8.601084">
        <ele>367.291455</ele>
        <time>2026-07-23T02:56:41.460Z</time>
      </trkpt>
      <trkpt lat="50.428980" lon="8.601390">
        <ele>364.585877</ele>
        <time>2026-07-23T02:56:49.134Z</time>
      </trkpt>
      <trkpt lat="50.429523" lon="8.601774">
        <ele>362.486929</ele>
        <time>2026-07-23T02:56:55.012Z</time>
      </trkpt>
      <trkpt lat="50.430491" lon="8.602652">
        <ele>360.606593</ele>
        <time>2026-07-23T02:57:07.773Z</time>
      </trkpt>
      <trkpt lat="50.431625" lon="8.603714">
        <ele>358.783382</ele>
        <time>2026-07-23T02:57:23.069Z</time>
      </trkpt>
      <trkpt lat="50.431894" lon="8.603994">
        <ele>359.153641</ele>
        <time>2026-07-23T02:57:29.350Z</time>
      </trkpt>
      <trkpt lat="50.432777" lon="8.605046">
        <ele>361.015626</ele>
        <time>2026-07-23T02:57:54.248Z</time>
      </trkpt>
      <trkpt lat="50.433547" lon="8.606044">
        <ele>360.539144</ele>
        <time>2026-07-23T02:58:06.914Z</time>
      </trkpt>
      <trkpt lat="50.434037" lon="8.606765">
        <ele>360.660043</ele>
        <time>2026-07-23T02:58:17.380Z</time>
      </trkpt>
      <trkpt lat="50.434276" lon="8.607307">
        <ele>361.247319</ele>
        <time>2026-07-23T02:58:26.171Z</time>
      </trkpt>
      <trkpt lat="50.434494" lon="8.607972">
        <ele>362.216143</ele>
        <time>2026-07-23T02:58:37.270Z</time>
      </trkpt>
      <trkpt lat="50.434636" lon="8.608793">
        <ele>362.454097</ele>
        <time>2026-07-23T02:58:46.632Z</time>
      </trkpt>
      <trkpt lat="50.434660" lon="8.608975">
        <ele>362.163907</ele>
        <time>2026-07-23T02:58:47.868Z</time>
      </trkpt>
      <trkpt lat="50.434677" lon="8.609527">
        <ele>360.806256</ele>
        <time>2026-07-23T02:58:51.291Z</time>
      </trkpt>
      <trkpt lat="50.434595" lon="8.610768">
        <ele>357.347657</ele>
        <time>2026-07-23T02:58:59.002Z</time>
      </trkpt>
      <trkpt lat="50.434363" lon="8.612055">
        <ele>351.093845</ele>
        <time>2026-07-23T02:59:06.586Z</time>
      </trkpt>
      <trkpt lat="50.434133" lon="8.612841">
        <ele>346.991960</ele>
        <time>2026-07-23T02:59:11.472Z</time>
      </trkpt>
      <trkpt lat="50.433996" lon="8.613273">
        <ele>345.785408</ele>
        <time>2026-07-23T02:59:14.405Z</time>
      </trkpt>
      <trkpt lat="50.433809" lon="8.613874">
        <ele>345.765079</ele>
        <time>2026-07-23T02:59:22.293Z</time>
      </trkpt>
      <trkpt lat="50.433672" lon="8.614224">
        <ele>345.740318</ele>
        <time>2026-07-23T02:59:26.169Z</time>
      </trkpt>
      <trkpt lat="50.433440" lon="8.614684">
        <ele>345.405296</ele>
        <time>2026-07-23T02:59:30.594Z</time>
      </trkpt>
      <trkpt lat="50.432991" lon="8.615402">
        <ele>344.850508</ele>
        <time>2026-07-23T02:59:38.507Z</time>
      </trkpt>
      <trkpt lat="50.432476" lon="8.615873">
        <ele>345.163577</ele>
        <time>2026-07-23T02:59:49.029Z</time>
      </trkpt>
      <trkpt lat="50.432271" lon="8.616038">
        <ele>345.089586</ele>
        <time>2026-07-23T02:59:52.450Z</time>
      </trkpt>
      <trkpt lat="50.430111" lon="8.616910">
        <ele>340.626370</ele>
        <time>2026-07-23T03:00:16.825Z</time>
      </trkpt>
      <trkpt lat="50.429811" lon="8.617059">
        <ele>340.065771</ele>
        <time>2026-07-23T03:00:20.435Z</time>
      </trkpt>
      <trkpt lat="50.429704" lon="8.617115">
        <ele>339.727524</ele>
        <time>2026-07-23T03:00:21.587Z</time>
      </trkpt>
      <trkpt lat="50.429124" lon="8.617504">
        <ele>337.633282</ele>
        <time>2026-07-23T03:00:27.922Z</time>
      </trkpt>
      <trkpt lat="50.427129" lon="8.619170">
        <ele>327.682394</ele>
        <time>2026-07-23T03:00:49.669Z</time>
      </trkpt>
      <trkpt lat="50.425020" lon="8.620950">
        <ele>313.440617</ele>
        <time>2026-07-23T03:01:11.646Z</time>
      </trkpt>
      <trkpt lat="50.424635" lon="8.621303">
        <ele>311.395272</ele>
        <time>2026-07-23T03:01:15.885Z</time>
      </trkpt>
      <trkpt lat="50.424371" lon="8.621630">
        <ele>310.690063</ele>
        <time>2026-07-23T03:01:19.626Z</time>
      </trkpt>
      <trkpt lat="50.424191" lon="8.621913">
        <ele>309.843366</ele>
        <time>2026-07-23T03:01:22.425Z</time>
      </trkpt>
      <trkpt lat="50.423162" lon="8.623621">
        <ele>298.053261</ele>
        <time>2026-07-23T03:01:35.571Z</time>
      </trkpt>
      <trkpt lat="50.422858" lon="8.623980">
        <ele>297.990909</ele>
        <time>2026-07-23T03:01:43.137Z</time>
      </trkpt>
      <trkpt lat="50.421890" lon="8.624834">
        <ele>295.779265</ele>
        <time>2026-07-23T03:01:55.427Z</time>
      </trkpt>
      <trkpt lat="50.421765" lon="8.625076">
        <ele>294.552590</ele>
        <time>2026-07-23T03:01:57.204Z</time>
      </trkpt>
      <trkpt lat="50.421505" lon="8.625926">
        <ele>290.814482</ele>
        <time>2026-07-23T03:02:02.708Z</time>
      </trkpt>
      <trkpt lat="50.421339" lon="8.626277">
        <ele>288.839253</ele>
        <time>2026-07-23T03:02:05.191Z</time>
      </trkpt>
      <trkpt lat="50.420887" lon="8.627100">
        <ele>284.104075</ele>
        <time>2026-07-23T03:02:11.444Z</time>
      </trkpt>
      <trkpt lat="50.420796" lon="8.627395">
        <ele>282.647237</ele>
        <time>2026-07-23T03:02:13.318Z</time>
      </trkpt>
      <trkpt lat="50.420775" lon="8.627698">
        <ele>281.120005</ele>
        <time>2026-07-23T03:02:15.031Z</time>
      </trkpt>
      <trkpt lat="50.420757" lon="8.629177">
        <ele>272.647305</ele>
        <time>2026-07-23T03:02:23.231Z</time>
      </trkpt>
      <trkpt lat="50.420795" lon="8.630561">
        <ele>265.470125</ele>
        <time>2026-07-23T03:02:31.008Z</time>
      </trkpt>
      <trkpt lat="50.420839" lon="8.631524">
        <ele>261.213909</ele>
        <time>2026-07-23T03:02:36.546Z</time>
      </trkpt>
      <trkpt lat="50.420931" lon="8.632579">
        <ele>256.727996</ele>
        <time>2026-07-23T03:02:42.686Z</time>
      </trkpt>
      <trkpt lat="50.421048" lon="8.633273">
        <ele>253.916540</ele>
        <time>2026-07-23T03:02:46.869Z</time>
      </trkpt>
      <trkpt lat="50.421160" lon="8.633637">
        <ele>252.491288</ele>
        <time>2026-07-23T03:02:49.259Z</time>
      </trkpt>
      <trkpt lat="50.421703" lon="8.634692">
        <ele>248.802526</ele>
        <time>2026-07-23T03:02:57.632Z</time>
      </trkpt>
      <trkpt lat="50.421768" lon="8.634935">
        <ele>248.122243</ele>
        <time>2026-07-23T03:02:59.271Z</time>
      </trkpt>
      <trkpt lat="50.421834" lon="8.635573">
        <ele>246.626853</ele>
        <time>2026-07-23T03:03:03.355Z</time>
      </trkpt>
      <trkpt lat="50.421860" lon="8.636789">
        <ele>244.737149</ele>
        <time>2026-07-23T03:03:11.448Z</time>
      </trkpt>
      <trkpt lat="50.421924" lon="8.639477">
        <ele>244.098521</ele>
        <time>2026-07-23T03:03:35.267Z</time>
      </trkpt>
      <trkpt lat="50.421928" lon="8.639783">
        <ele>243.983820</ele>
        <time>2026-07-23T03:03:38.313Z</time>
      </trkpt>
      <trkpt lat="50.421977" lon="8.640661">
        <ele>242.179488</ele>
        <time>2026-07-23T03:03:43.907Z</time>
      </trkpt>
      <trkpt lat="50.422544" lon="8.645107">
        <ele>234.311319</ele>
        <time>2026-07-23T03:04:13.935Z</time>
      </trkpt>
      <trkpt lat="50.422784" lon="8.647004">
        <ele>232.941458</ele>
        <time>2026-07-23T03:04:28.911Z</time>
      </trkpt>
      <trkpt lat="50.422932" lon="8.647998">
        <ele>232.587650</ele>
        <time>2026-07-23T03:04:38.452Z</time>
      </trkpt>
      <trkpt lat="50.423259" lon="8.649744">
        <ele>228.055963</ele>
        <time>2026-07-23T03:04:49.675Z</time>
      </trkpt>
      <trkpt lat="50.423774" lon="8.652444">
        <ele>226.843747</ele>
        <time>2026-07-23T03:05:13.082Z</time>
      </trkpt>
      <trkpt lat="50.423820" lon="8.652688">
        <ele>226.501589</ele>
        <time>2026-07-23T03:05:14.886Z</time>
      </trkpt>
      <trkpt lat="50.423921" lon="8.653436">
        <ele>224.919080</ele>
        <time>2026-07-23T03:05:19.740Z</time>
      </trkpt>
      <trkpt lat="50.423950" lon="8.654090">
        <ele>223.551135</ele>
        <time>2026-07-23T03:05:24.008Z</time>
      </trkpt>
      <trkpt lat="50.423918" lon="8.655033">
        <ele>221.135112</ele>
        <time>2026-07-23T03:05:29.909Z</time>
      </trkpt>
      <trkpt lat="50.423875" lon="8.655843">
        <ele>218.574237</ele>
        <time>2026-07-23T03:05:34.753Z</time>
      </trkpt>
      <trkpt lat="50.423729" lon="8.656315">
        <ele>217.161187</ele>
        <time>2026-07-23T03:05:38.012Z</time>
      </trkpt>
      <trkpt lat="50.423677" lon="8.656436">
        <ele>216.779248</ele>
        <time>2026-07-23T03:05:38.887Z</time>
      </trkpt>
      <trkpt lat="50.423277" lon="8.655806">
        <ele>214.600947</ele>
        <time>2026-07-23T03:05:44.472Z</time>
      </trkpt>
      <trkpt lat="50.423074" lon="8.655515">
        <ele>214.282668</ele>
        <time>2026-07-23T03:05:47.898Z</time>
      </trkpt>
      <trkpt lat="50.422720" lon="8.655105">
        <ele>213.776990</ele>
        <time>2026-07-23T03:05:53.178Z</time>
      </trkpt>
      <trkpt lat="50.422323" lon="8.654729">
        <ele>213.093255</ele>
        <time>2026-07-23T03:05:58.365Z</time>
      </trkpt>
      <trkpt lat="50.421789" lon="8.654410">
        <ele>213.305307</ele>
        <time>2026-07-23T03:06:07.146Z</time>
      </trkpt>
      <trkpt lat="50.420244" lon="8.653744">
        <ele>220.159937</ele>
        <time>2026-07-23T03:06:59.594Z</time>
      </trkpt>
      <trkpt lat="50.419961" lon="8.653625">
        <ele>221.059086</ele>
        <time>2026-07-23T03:07:08.003Z</time>
      </trkpt>
      <trkpt lat="50.417957" lon="8.652789">
        <ele>222.293870</ele>
        <time>2026-07-23T03:07:42.866Z</time>
      </trkpt>
      <trkpt lat="50.416684" lon="8.652262">
        <ele>222.724495</ele>
        <time>2026-07-23T03:08:04.950Z</time>
      </trkpt>
      <trkpt lat="50.416134" lon="8.651964">
        <ele>221.238558</ele>
        <time>2026-07-23T03:08:11.021Z</time>
      </trkpt>
      <trkpt lat="50.415398" lon="8.651367">
        <ele>217.937957</ele>
        <time>2026-07-23T03:08:19.007Z</time>
      </trkpt>
      <trkpt lat="50.412925" lon="8.649035">
        <ele>212.822443</ele>
        <time>2026-07-23T03:08:51.363Z</time>
      </trkpt>
      <trkpt lat="50.412751" lon="8.648854">
        <ele>212.915606</ele>
        <time>2026-07-23T03:08:55.174Z</time>
      </trkpt>
      <trkpt lat="50.412206" lon="8.648179">
        <ele>214.525644</ele>
        <time>2026-07-23T03:09:12.249Z</time>
      </trkpt>
      <trkpt lat="50.411809" lon="8.647543">
        <ele>216.115719</ele>
        <time>2026-07-23T03:09:26.914Z</time>
      </trkpt>
      <trkpt lat="50.410894" lon="8.645906">
        <ele>220.569250</ele>
        <time>2026-07-23T03:10:05.297Z</time>
      </trkpt>
      <trkpt lat="50.408671" lon="8.641933">
        <ele>228.579492</ele>
        <time>2026-07-23T03:11:27.325Z</time>
      </trkpt>
      <trkpt lat="50.407772" lon="8.640328">
        <ele>231.020819</ele>
        <time>2026-07-23T03:11:57.181Z</time>
      </trkpt>
      <trkpt lat="50.407390" lon="8.639672">
        <ele>232.407876</ele>
        <time>2026-07-23T03:12:10.779Z</time>
      </trkpt>
      <trkpt lat="50.406911" lon="8.638980">
        <ele>235.004979</ele>
        <time>2026-07-23T03:12:31.787Z</time>
      </trkpt>
      <trkpt lat="50.406884" lon="8.638889">
        <ele>235.228147</ele>
        <time>2026-07-23T03:12:33.810Z</time>
      </trkpt>
      <trkpt lat="50.406749" lon="8.638701">
        <ele>235.248908</ele>
        <time>2026-07-23T03:12:36.759Z</time>
      </trkpt>
      <trkpt lat="50.406615" lon="8.638604">
        <ele>235.116244</ele>
        <time>2026-07-23T03:12:38.234Z</time>
      </trkpt>
      <trkpt lat="50.406434" lon="8.638391">
        <ele>235.107847</ele>
        <time>2026-07-23T03:12:41.949Z</time>
      </trkpt>
      <trkpt lat="50.405949" lon="8.637821">
        <ele>236.344362</ele>
        <time>2026-07-23T03:12:56.360Z</time>
      </trkpt>
      <trkpt lat="50.405597" lon="8.637562">
        <ele>236.799595</ele>
        <time>2026-07-23T03:13:02.805Z</time>
      </trkpt>
      <trkpt lat="50.405283" lon="8.637372">
        <ele>238.068366</ele>
        <time>2026-07-23T03:13:13.843Z</time>
      </trkpt>
      <trkpt lat="50.404969" lon="8.637262">
        <ele>239.232624</ele>
        <time>2026-07-23T03:13:23.555Z</time>
      </trkpt>
      <trkpt lat="50.404489" lon="8.637164">
        <ele>240.539059</ele>
        <time>2026-07-23T03:13:35.668Z</time>
      </trkpt>
      <trkpt lat="50.404408" lon="8.637152">
        <ele>240.750449</ele>
        <time>2026-07-23T03:13:37.805Z</time>
      </trkpt>
      <trkpt lat="50.404232" lon="8.637147">
        <ele>241.177793</ele>
        <time>2026-07-23T03:13:42.323Z</time>
      </trkpt>
      <trkpt lat="50.403894" lon="8.637223">
        <ele>241.923719</ele>
        <time>2026-07-23T03:13:49.659Z</time>
      </trkpt>
      <trkpt lat="50.403675" lon="8.637133">
        <ele>242.837246</ele>
        <time>2026-07-23T03:13:56.487Z</time>
      </trkpt>
      <trkpt lat="50.403609" lon="8.637070">
        <ele>243.249410</ele>
        <time>2026-07-23T03:13:59.588Z</time>
      </trkpt>
      <trkpt lat="50.403558" lon="8.636948">
        <ele>243.783897</ele>
        <time>2026-07-23T03:14:03.685Z</time>
      </trkpt>
      <trkpt lat="50.403446" lon="8.635940">
        <ele>247.699805</ele>
        <time>2026-07-23T03:14:29.172Z</time>
      </trkpt>
      <trkpt lat="50.403398" lon="8.635782">
        <ele>248.120716</ele>
        <time>2026-07-23T03:14:32.523Z</time>
      </trkpt>
      <trkpt lat="50.403166" lon="8.635677">
        <ele>248.775595</ele>
        <time>2026-07-23T03:14:38.790Z</time>
      </trkpt>
      <trkpt lat="50.402968" lon="8.635619">
        <ele>248.826653</ele>
        <time>2026-07-23T03:14:42.399Z</time>
      </trkpt>
      <trkpt lat="50.402861" lon="8.635590">
        <ele>248.693619</ele>
        <time>2026-07-23T03:14:43.540Z</time>
      </trkpt>
      <trkpt lat="50.402782" lon="8.635566">
        <ele>248.313504</ele>
        <time>2026-07-23T03:14:44.301Z</time>
      </trkpt>
      <trkpt lat="50.402563" lon="8.635498">
        <ele>247.206197</ele>
        <time>2026-07-23T03:14:46.379Z</time>
      </trkpt>
      <trkpt lat="50.402422" lon="8.635471">
        <ele>246.464456</ele>
        <time>2026-07-23T03:14:47.703Z</time>
      </trkpt>
      <trkpt lat="50.401892" lon="8.635375">
        <ele>244.672810</ele>
        <time>2026-07-23T03:14:53.006Z</time>
      </trkpt>
      <trkpt lat="50.401703" lon="8.635323">
        <ele>244.511374</ele>
        <time>2026-07-23T03:14:55.717Z</time>
      </trkpt>
      <trkpt lat="50.401489" lon="8.635205">
        <ele>244.840157</ele>
        <time>2026-07-23T03:15:00.641Z</time>
      </trkpt>
      <trkpt lat="50.401080" lon="8.634862">
        <ele>245.958640</ele>
        <time>2026-07-23T03:15:12.264Z</time>
      </trkpt>
      <trkpt lat="50.400789" lon="8.634603">
        <ele>246.496572</ele>
        <time>2026-07-23T03:15:19.718Z</time>
      </trkpt>
      <trkpt lat="50.400695" lon="8.634597">
        <ele>246.457100</ele>
        <time>2026-07-23T03:15:20.876Z</time>
      </trkpt>
      <trkpt lat="50.400686" lon="8.634600">
        <ele>246.441992</ele>
        <time>2026-07-23T03:15:20.979Z</time>
      </trkpt>
      <trkpt lat="50.400634" lon="8.634640">
        <ele>246.346896</ele>
        <time>2026-07-23T03:15:21.604Z</time>
      </trkpt>
      <trkpt lat="50.400568" lon="8.634851">
        <ele>246.024526</ele>
        <time>2026-07-23T03:15:23.209Z</time>
      </trkpt>
      <trkpt lat="50.400507" lon="8.635185">
        <ele>245.228028</ele>
        <time>2026-07-23T03:15:25.421Z</time>
      </trkpt>
      <trkpt lat="50.400477" lon="8.635444">
        <ele>244.413809</ele>
        <time>2026-07-23T03:15:26.986Z</time>
      </trkpt>
      <trkpt lat="50.400463" lon="8.635640">
        <ele>243.881918</ele>
        <time>2026-07-23T03:15:28.191Z</time>
      </trkpt>
      <trkpt lat="50.400422" lon="8.636093">
        <ele>242.830598</ele>
        <time>2026-07-23T03:15:31.115Z</time>
      </trkpt>
      <trkpt lat="50.400342" lon="8.636283">
        <ele>242.521027</ele>
        <time>2026-07-23T03:15:32.618Z</time>
      </trkpt>
      <trkpt lat="50.400247" lon="8.636371">
        <ele>242.344221</ele>
        <time>2026-07-23T03:15:33.985Z</time>
      </trkpt>
      <trkpt lat="50.400047" lon="8.636439">
        <ele>242.266865</ele>
        <time>2026-07-23T03:15:36.910Z</time>
      </trkpt>
      <trkpt lat="50.399723" lon="8.636609">
        <ele>241.957462</ele>
        <time>2026-07-23T03:15:41.101Z</time>
      </trkpt>
      <trkpt lat="50.399283" lon="8.636897">
        <ele>241.251274</ele>
        <time>2026-07-23T03:15:46.529Z</time>
      </trkpt>
      <trkpt lat="50.399232" lon="8.636935">
        <ele>241.183380</ele>
        <time>2026-07-23T03:15:47.253Z</time>
      </trkpt>
      <trkpt lat="50.398796" lon="8.637249">
        <ele>241.151683</ele>
        <time>2026-07-23T03:15:54.119Z</time>
      </trkpt>
      <trkpt lat="50.398371" lon="8.637506">
        <ele>241.731585</ele>
        <time>2026-07-23T03:16:03.395Z</time>
      </trkpt>
      <trkpt lat="50.398007" lon="8.637603">
        <ele>242.276022</ele>
        <time>2026-07-23T03:16:12.067Z</time>
      </trkpt>
      <trkpt lat="50.398065" lon="8.639057">
        <ele>240.749691</ele>
        <time>2026-07-23T03:16:22.366Z</time>
      </trkpt>
      <trkpt lat="50.398150" lon="8.639660">
        <ele>239.760755</ele>
        <time>2026-07-23T03:16:26.499Z</time>
      </trkpt>
      <trkpt lat="50.398277" lon="8.640180">
        <ele>239.076459</ele>
        <time>2026-07-23T03:16:30.485Z</time>
      </trkpt>
      <trkpt lat="50.399115" lon="8.643691">
        <ele>233.098274</ele>
        <time>2026-07-23T03:16:55.735Z</time>
      </trkpt>
      <trkpt lat="50.399189" lon="8.644107">
        <ele>232.415508</ele>
        <time>2026-07-23T03:16:58.623Z</time>
      </trkpt>
      <trkpt lat="50.399219" lon="8.644467">
        <ele>231.908504</ele>
        <time>2026-07-23T03:17:01.154Z</time>
      </trkpt>
      <trkpt lat="50.399266" lon="8.645427">
        <ele>230.700916</ele>
        <time>2026-07-23T03:17:07.919Z</time>
      </trkpt>
      <trkpt lat="50.399399" lon="8.648252">
        <ele>227.214897</ele>
        <time>2026-07-23T03:17:27.817Z</time>
      </trkpt>
      <trkpt lat="50.399465" lon="8.649477">
        <ele>225.896925</ele>
        <time>2026-07-23T03:17:36.713Z</time>
      </trkpt>
      <trkpt lat="50.399656" lon="8.651723">
        <ele>223.320383</ele>
        <time>2026-07-23T03:17:52.959Z</time>
      </trkpt>
      <trkpt lat="50.399946" lon="8.655072">
        <ele>216.637576</ele>
        <time>2026-07-23T03:18:14.834Z</time>
      </trkpt>
      <trkpt lat="50.400243" lon="8.658383">
        <ele>211.711763</ele>
        <time>2026-07-23T03:18:37.706Z</time>
      </trkpt>
      <trkpt lat="50.400568" lon="8.660816">
        <ele>208.376759</ele>
        <time>2026-07-23T03:18:54.965Z</time>
      </trkpt>
      <trkpt lat="50.400725" lon="8.661318">
        <ele>207.472730</ele>
        <time>2026-07-23T03:18:58.724Z</time>
      </trkpt>
      <trkpt lat="50.400901" lon="8.661679">
        <ele>206.647504</ele>
        <time>2026-07-23T03:19:01.690Z</time>
      </trkpt>
      <trkpt lat="50.401182" lon="8.662122">
        <ele>205.681415</ele>
        <time>2026-07-23T03:19:05.928Z</time>
      </trkpt>
      <trkpt lat="50.401234" lon="8.662254">
        <ele>205.435851</ele>
        <time>2026-07-23T03:19:06.980Z</time>
      </trkpt>
      <trkpt lat="50.401262" lon="8.662389">
        <ele>205.246744</ele>
        <time>2026-07-23T03:19:07.962Z</time>
      </trkpt>
      <trkpt lat="50.401272" lon="8.662654">
        <ele>205.012103</ele>
        <time>2026-07-23T03:19:09.892Z</time>
      </trkpt>
      <trkpt lat="50.401243" lon="8.662804">
        <ele>204.894572</ele>
        <time>2026-07-23T03:19:11.143Z</time>
      </trkpt>
      <trkpt lat="50.401137" lon="8.663064">
        <ele>204.583702</ele>
        <time>2026-07-23T03:19:13.687Z</time>
      </trkpt>
      <trkpt lat="50.401852" lon="8.663863">
        <ele>201.969955</ele>
        <time>2026-07-23T03:19:22.566Z</time>
      </trkpt>
      <trkpt lat="50.402366" lon="8.664384">
        <ele>201.084779</ele>
        <time>2026-07-23T03:19:29.671Z</time>
      </trkpt>
      <trkpt lat="50.404079" lon="8.666003">
        <ele>202.122539</ele>
        <time>2026-07-23T03:20:03.775Z</time>
      </trkpt>
      <trkpt lat="50.404641" lon="8.666646">
        <ele>201.492969</ele>
        <time>2026-07-23T03:20:12.428Z</time>
      </trkpt>
      <trkpt lat="50.405033" lon="8.667160">
        <ele>200.868990</ele>
        <time>2026-07-23T03:20:18.448Z</time>
      </trkpt>
      <trkpt lat="50.405439" lon="8.667759">
        <ele>199.760645</ele>
        <time>2026-07-23T03:20:24.592Z</time>
      </trkpt>
      <trkpt lat="50.405822" lon="8.668396">
        <ele>198.306219</ele>
        <time>2026-07-23T03:20:30.440Z</time>
      </trkpt>
      <trkpt lat="50.406180" lon="8.669068">
        <ele>196.909970</ele>
        <time>2026-07-23T03:20:36.328Z</time>
      </trkpt>
      <trkpt lat="50.406511" lon="8.669773">
        <ele>195.594380</ele>
        <time>2026-07-23T03:20:42.275Z</time>
      </trkpt>
      <trkpt lat="50.406955" lon="8.670886">
        <ele>193.516928</ele>
        <time>2026-07-23T03:20:51.134Z</time>
      </trkpt>
      <trkpt lat="50.407214" lon="8.671661">
        <ele>192.298276</ele>
        <time>2026-07-23T03:20:57.215Z</time>
      </trkpt>
      <trkpt lat="50.407727" lon="8.673507">
        <ele>189.499812</ele>
        <time>2026-07-23T03:21:11.034Z</time>
      </trkpt>
      <trkpt lat="50.407879" lon="8.674107">
        <ele>188.668711</ele>
        <time>2026-07-23T03:21:15.507Z</time>
      </trkpt>
      <trkpt lat="50.408039" lon="8.674736">
        <ele>188.282266</ele>
        <time>2026-07-23T03:21:21.028Z</time>
      </trkpt>
      <trkpt lat="50.408264" lon="8.675566">
        <ele>187.674804</ele>
        <time>2026-07-23T03:21:28.085Z</time>
      </trkpt>
      <trkpt lat="50.408518" lon="8.676301">
        <ele>186.933866</ele>
        <time>2026-07-23T03:21:34.189Z</time>
      </trkpt>
      <trkpt lat="50.408719" lon="8.676737">
        <ele>186.611585</ele>
        <time>2026-07-23T03:21:38.486Z</time>
      </trkpt>
      <trkpt lat="50.409065" lon="8.677333">
        <ele>186.261081</ele>
        <time>2026-07-23T03:21:45.158Z</time>
      </trkpt>
      <trkpt lat="50.409090" lon="8.677369">
        <ele>186.227438</ele>
        <time>2026-07-23T03:21:45.559Z</time>
      </trkpt>
      <trkpt lat="50.409351" lon="8.677720">
        <ele>185.725604</ele>
        <time>2026-07-23T03:21:49.473Z</time>
      </trkpt>
      <trkpt lat="50.409735" lon="8.678156">
        <ele>185.219390</ele>
        <time>2026-07-23T03:21:55.274Z</time>
      </trkpt>
      <trkpt lat="50.409773" lon="8.678197">
        <ele>185.180650</ele>
        <time>2026-07-23T03:21:55.839Z</time>
      </trkpt>
      <trkpt lat="50.410539" lon="8.679013">
        <ele>184.423277</ele>
        <time>2026-07-23T03:22:07.404Z</time>
      </trkpt>
      <trkpt lat="50.411287" lon="8.679778">
        <ele>183.946711</ele>
        <time>2026-07-23T03:22:19.493Z</time>
      </trkpt>
      <trkpt lat="50.411761" lon="8.680283">
        <ele>183.166278</ele>
        <time>2026-07-23T03:22:26.066Z</time>
      </trkpt>
      <trkpt lat="50.412122" lon="8.680718">
        <ele>182.117715</ele>
        <time>2026-07-23T03:22:30.947Z</time>
      </trkpt>
      <trkpt lat="50.413190" lon="8.681839">
        <ele>179.598434</ele>
        <time>2026-07-23T03:22:45.085Z</time>
      </trkpt>
      <trkpt lat="50.413284" lon="8.681888">
        <ele>179.412281</ele>
        <time>2026-07-23T03:22:46.196Z</time>
      </trkpt>
      <trkpt lat="50.413240" lon="8.682514">
        <ele>178.668568</ele>
        <time>2026-07-23T03:22:50.685Z</time>
      </trkpt>
      <trkpt lat="50.413202" lon="8.682904">
        <ele>177.987269</ele>
        <time>2026-07-23T03:22:53.290Z</time>
      </trkpt>
      <trkpt lat="50.413141" lon="8.683503">
        <ele>176.826865</ele>
        <time>2026-07-23T03:22:57.264Z</time>
      </trkpt>
      <trkpt lat="50.413036" lon="8.683994">
        <ele>176.166625</ele>
        <time>2026-07-23T03:23:00.725Z</time>
      </trkpt>
      <trkpt lat="50.413643" lon="8.684319">
        <ele>175.912409</ele>
        <time>2026-07-23T03:23:10.572Z</time>
      </trkpt>
      <trkpt lat="50.414026" lon="8.684510">
        <ele>174.498967</ele>
        <time>2026-07-23T03:23:14.492Z</time>
      </trkpt>
      <trkpt lat="50.414224" lon="8.684544">
        <ele>174.156113</ele>
        <time>2026-07-23T03:23:16.872Z</time>
      </trkpt>
      <trkpt lat="50.414335" lon="8.684969">
        <ele>173.550078</ele>
        <time>2026-07-23T03:23:19.965Z</time>
      </trkpt>
      <trkpt lat="50.414382" lon="8.685363">
        <ele>173.224157</ele>
        <time>2026-07-23T03:23:23.130Z</time>
      </trkpt>
      <trkpt lat="50.414551" lon="8.686898">
        <ele>172.374842</ele>
        <time>2026-07-23T03:23:35.534Z</time>
      </trkpt>
      <trkpt lat="50.414538" lon="8.688575">
        <ele>171.026724</ele>
        <time>2026-07-23T03:23:48.035Z</time>
      </trkpt>
      <trkpt lat="50.414531" lon="8.690409">
        <ele>169.883351</ele>
        <time>2026-07-23T03:24:02.295Z</time>
      </trkpt>
      <trkpt lat="50.414554" lon="8.690683">
        <ele>169.866753</ele>
        <time>2026-07-23T03:24:05.345Z</time>
      </trkpt>
      <trkpt lat="50.414581" lon="8.690943">
        <ele>169.852236</ele>
        <time>2026-07-23T03:24:07.860Z</time>
      </trkpt>
      <trkpt lat="50.414613" lon="8.691116">
        <ele>169.749106</ele>
        <time>2026-07-23T03:24:09.329Z</time>
      </trkpt>
      <trkpt lat="50.414811" lon="8.691834">
        <ele>169.036741</ele>
        <time>2026-07-23T03:24:14.984Z</time>
      </trkpt>
      <trkpt lat="50.415444" lon="8.694181">
        <ele>168.083808</ele>
        <time>2026-07-23T03:24:36.333Z</time>
      </trkpt>
      <trkpt lat="50.415573" lon="8.695707">
        <ele>167.190015</ele>
        <time>2026-07-23T03:24:48.459Z</time>
      </trkpt>
      <trkpt lat="50.415563" lon="8.696280">
        <ele>166.797450</ele>
        <time>2026-07-23T03:24:52.836Z</time>
      </trkpt>
      <trkpt lat="50.415539" lon="8.697365">
        <ele>166.021988</ele>
        <time>2026-07-23T03:25:01.235Z</time>
      </trkpt>
      <trkpt lat="50.415612" lon="8.698642">
        <ele>165.452578</ele>
        <time>2026-07-23T03:25:11.607Z</time>
      </trkpt>
      <trkpt lat="50.415674" lon="8.699505">
        <ele>165.531735</ele>
        <time>2026-07-23T03:25:20.876Z</time>
      </trkpt>
      <trkpt lat="50.415869" lon="8.702300">
        <ele>162.262583</ele>
        <time>2026-07-23T03:25:40.732Z</time>
      </trkpt>
      <trkpt lat="50.415990" lon="8.703984">
        <ele>159.589985</ele>
        <time>2026-07-23T03:25:52.156Z</time>
      </trkpt>
      <trkpt lat="50.416012" lon="8.705339">
        <ele>157.237136</ele>
        <time>2026-07-23T03:26:01.096Z</time>
      </trkpt>
      <trkpt lat="50.415897" lon="8.708152">
        <ele>154.126206</ele>
        <time>2026-07-23T03:26:21.315Z</time>
      </trkpt>
      <trkpt lat="50.415772" lon="8.711123">
        <ele>152.176727</ele>
        <time>2026-07-23T03:26:44.522Z</time>
      </trkpt>
      <trkpt lat="50.415646" lon="8.714484">
        <ele>149.544033</ele>
        <time>2026-07-23T03:27:09.795Z</time>
      </trkpt>
      <trkpt lat="50.415729" lon="8.715285">
        <ele>150.580625</ele>
        <time>2026-07-23T03:27:25.507Z</time>
      </trkpt>
      <trkpt lat="50.415794" lon="8.715862">
        <ele>150.580044</ele>
        <time>2026-07-23T03:27:32.497Z</time>
      </trkpt>
      <trkpt lat="50.415832" lon="8.716481">
        <ele>150.295279</ele>
        <time>2026-07-23T03:27:39.596Z</time>
      </trkpt>
      <trkpt lat="50.415861" lon="8.717596">
        <ele>149.638370</ele>
        <time>2026-07-23T03:27:52.276Z</time>
      </trkpt>
      <trkpt lat="50.415904" lon="8.717876">
        <ele>149.349306</ele>
        <time>2026-07-23T03:27:55.115Z</time>
      </trkpt>
      <trkpt lat="50.416728" lon="8.721576">
        <ele>146.331288</ele>
        <time>2026-07-23T03:28:37.384Z</time>
      </trkpt>
      <trkpt lat="50.417203" lon="8.723305">
        <ele>145.605237</ele>
        <time>2026-07-23T03:28:59.331Z</time>
      </trkpt>
      <trkpt lat="50.417325" lon="8.724041">
        <ele>145.397502</ele>
        <time>2026-07-23T03:29:08.742Z</time>
      </trkpt>
      <trkpt lat="50.417386" lon="8.724701">
        <ele>145.208152</ele>
        <time>2026-07-23T03:29:16.631Z</time>
      </trkpt>
      <trkpt lat="50.417400" lon="8.725371">
        <ele>145.107049</ele>
        <time>2026-07-23T03:29:24.848Z</time>
      </trkpt>
      <trkpt lat="50.417377" lon="8.725765">
        <ele>145.071923</ele>
        <time>2026-07-23T03:29:29.709Z</time>
      </trkpt>
      <trkpt lat="50.417278" lon="8.726604">
        <ele>144.680995</ele>
        <time>2026-07-23T03:29:39.655Z</time>
      </trkpt>
      <trkpt lat="50.417227" lon="8.727035">
        <ele>144.460052</ele>
        <time>2026-07-23T03:29:44.314Z</time>
      </trkpt>
      <trkpt lat="50.417139" lon="8.727784">
        <ele>144.481234</ele>
        <time>2026-07-23T03:29:54.794Z</time>
      </trkpt>
      <trkpt lat="50.417130" lon="8.727825">
        <ele>144.479560</ele>
        <time>2026-07-23T03:29:55.335Z</time>
      </trkpt>
      <trkpt lat="50.416963" lon="8.728359">
        <ele>144.308509</ele>
        <time>2026-07-23T03:30:02.190Z</time>
      </trkpt>
      <trkpt lat="50.416520" lon="8.729494">
        <ele>144.010298</ele>
        <time>2026-07-23T03:30:18.308Z</time>
      </trkpt>
      <trkpt lat="50.416119" lon="8.730620">
        <ele>144.038752</ele>
        <time>2026-07-23T03:30:34.286Z</time>
      </trkpt>
      <trkpt lat="50.416412" lon="8.730820">
        <ele>145.639028</ele>
        <time>2026-07-23T03:30:47.972Z</time>
      </trkpt>
      <trkpt lat="50.416690" lon="8.731259">
        <ele>147.960928</ele>
        <time>2026-07-23T03:31:06.055Z</time>
      </trkpt>
      <trkpt lat="50.416935" lon="8.731721">
        <ele>149.387392</ele>
        <time>2026-07-23T03:31:19.219Z</time>
      </trkpt>
      <trkpt lat="50.417166" lon="8.732134">
        <ele>149.423452</ele>
        <time>2026-07-23T03:31:26.551Z</time>
      </trkpt>
      <trkpt lat="50.417308" lon="8.732388">
        <ele>148.962976</ele>
        <time>2026-07-23T03:31:30.072Z</time>
      </trkpt>
      <trkpt lat="50.417513" lon="8.733130">
        <ele>146.402408</ele>
        <time>2026-07-23T03:31:34.844Z</time>
      </trkpt>
      <trkpt lat="50.418793" lon="8.732729">
        <ele>142.372368</ele>
        <time>2026-07-23T03:31:48.114Z</time>
      </trkpt>
      <trkpt lat="50.419607" lon="8.732100">
        <ele>142.094645</ele>
        <time>2026-07-23T03:32:01.829Z</time>
      </trkpt>
      <trkpt lat="50.420751" lon="8.731623">
        <ele>137.991428</ele>
        <time>2026-07-23T03:32:13.478Z</time>
      </trkpt>
      <trkpt lat="50.420825" lon="8.731592">
        <ele>138.201665</ele>
        <time>2026-07-23T03:32:16.092Z</time>
      </trkpt>
      <trkpt lat="50.421772" lon="8.731196">
        <ele>141.712639</ele>
        <time>2026-07-23T03:32:45.639Z</time>
      </trkpt>
      <trkpt lat="50.422056" lon="8.731095">
        <ele>141.950339</ele>
        <time>2026-07-23T03:32:50.373Z</time>
      </trkpt>
      <trkpt lat="50.422928" lon="8.730943">
        <ele>141.165478</ele>
        <time>2026-07-23T03:33:00.949Z</time>
      </trkpt>
      <trkpt lat="50.423478" lon="8.730875">
        <ele>142.528172</ele>
        <time>2026-07-23T03:33:15.714Z</time>
      </trkpt>
      <trkpt lat="50.423738" lon="8.730747">
        <ele>142.910796</ele>
        <time>2026-07-23T03:33:20.994Z</time>
      </trkpt>
      <trkpt lat="50.424538" lon="8.730356">
        <ele>142.914202</ele>
        <time>2026-07-23T03:33:33.292Z</time>
      </trkpt>
      <trkpt lat="50.426913" lon="8.729160">
        <ele>143.181103</ele>
        <time>2026-07-23T03:34:11.359Z</time>
      </trkpt>
      <trkpt lat="50.427467" lon="8.728894">
        <ele>143.020107</ele>
        <time>2026-07-23T03:34:19.464Z</time>
      </trkpt>
      <trkpt lat="50.427546" lon="8.728922">
        <ele>142.891318</ele>
        <time>2026-07-23T03:34:20.331Z</time>
      </trkpt>
      <trkpt lat="50.427601" lon="8.729791">
        <ele>141.877639</ele>
        <time>2026-07-23T03:34:26.447Z</time>
      </trkpt>
      <trkpt lat="50.427625" lon="8.730224">
        <ele>141.696938</ele>
        <time>2026-07-23T03:34:30.289Z</time>
      </trkpt>
      <trkpt lat="50.427683" lon="8.730884">
        <ele>141.490939</ele>
        <time>2026-07-23T03:34:35.991Z</time>
      </trkpt>
      <trkpt lat="50.427745" lon="8.731322">
        <ele>141.259954</ele>
        <time>2026-07-23T03:34:39.566Z</time>
      </trkpt>
      <trkpt lat="50.427770" lon="8.731475">
        <ele>141.120053</ele>
        <time>2026-07-23T03:34:40.725Z</time>
      </trkpt>
      <trkpt lat="50.427792" lon="8.731608">
        <ele>140.998347</ele>
        <time>2026-07-23T03:34:41.700Z</time>
      </trkpt>
      <trkpt lat="50.427835" lon="8.731846">
        <ele>140.962013</ele>
        <time>2026-07-23T03:34:43.598Z</time>
      </trkpt>
      <trkpt lat="50.427843" lon="8.731886">
        <ele>140.957354</ele>
        <time>2026-07-23T03:34:44.044Z</time>
      </trkpt>
      <trkpt lat="50.428091" lon="8.732994">
        <ele>142.657158</ele>
        <time>2026-07-23T03:35:02.924Z</time>
      </trkpt>
      <trkpt lat="50.428073" lon="8.733124">
        <ele>142.741882</ele>
        <time>2026-07-23T03:35:04.669Z</time>
      </trkpt>
      <trkpt lat="50.428036" lon="8.733197">
        <ele>142.801292</ele>
        <time>2026-07-23T03:35:05.641Z</time>
      </trkpt>
      <trkpt lat="50.427689" lon="8.733581">
        <ele>142.637461</ele>
        <time>2026-07-23T03:35:11.187Z</time>
      </trkpt>
      <trkpt lat="50.427113" lon="8.734302">
        <ele>142.573705</ele>
        <time>2026-07-23T03:35:21.894Z</time>
      </trkpt>
      <trkpt lat="50.426725" lon="8.734863">
        <ele>142.175103</ele>
        <time>2026-07-23T03:35:28.557Z</time>
      </trkpt>
      <trkpt lat="50.426641" lon="8.735043">
        <ele>142.017818</ele>
        <time>2026-07-23T03:35:30.225Z</time>
      </trkpt>
      <trkpt lat="50.426670" lon="8.735231">
        <ele>141.993477</ele>
        <time>2026-07-23T03:35:31.934Z</time>
      </trkpt>
      <trkpt lat="50.426858" lon="8.735777">
        <ele>142.187264</ele>
        <time>2026-07-23T03:35:38.921Z</time>
      </trkpt>
      <trkpt lat="50.427065" lon="8.736356">
        <ele>142.425890</ele>
        <time>2026-07-23T03:35:46.035Z</time>
      </trkpt>
      <trkpt lat="50.427978" lon="8.735575">
        <ele>143.646735</ele>
        <time>2026-07-23T03:36:05.975Z</time>
      </trkpt>
      <trkpt lat="50.428590" lon="8.734858">
        <ele>144.677485</ele>
        <time>2026-07-23T03:36:23.837Z</time>
      </trkpt>
    </trkseg>
  </trk>
</gpx>