<?xml version='1.0' encoding='UTF-8'?>
<gpx version="1.1" creator="https://www.komoot.de" xmlns="http://www.topografix.com/GPX/1/1" xmlns:xsi="http://www.w3.org/2001/XMLSchema-instance" xsi:schemaLocation="http://www.topografix.com/GPX/1/1 http://www.topografix.com/GPX/1/1/gpx.xsd">
  <metadata>
    <name>RTF Rund um die Burg Rockenberg Tour 2 115km</name>
    <author>
      <link href="https://www.komoot.de">
        <text>komoot</text>
        <type>text/html</type>
      </link>
    </author>
  </metadata>
  <trk>
    <name>RTF Rund um die Burg Rockenberg Tour 2 115km</name>
    <type>racebike</type>
    <trkseg>
      <trkpt lat="50.428388" lon="8.735095">
        <ele>144.399846</ele>
        <time>2026-07-21T19:51:40.688Z</time>
      </trkpt>
      <trkpt lat="50.428208" lon="8.735306">
        <ele>144.182506</ele>
        <time>2026-07-21T19:51:43.159Z</time>
      </trkpt>
      <trkpt lat="50.427978" lon="8.735575">
        <ele>143.647361</ele>
        <time>2026-07-21T19:51:46.268Z</time>
      </trkpt>
      <trkpt lat="50.427065" lon="8.736356">
        <ele>142.573753</ele>
        <time>2026-07-21T19:51:58.875Z</time>
      </trkpt>
      <trkpt lat="50.427226" lon="8.736830">
        <ele>142.623288</ele>
        <time>2026-07-21T19:52:04.386Z</time>
      </trkpt>
      <trkpt lat="50.427261" lon="8.737479">
        <ele>143.020132</ele>
        <time>2026-07-21T19:52:12.078Z</time>
      </trkpt>
      <trkpt lat="50.427669" lon="8.739036">
        <ele>144.601173</ele>
        <time>2026-07-21T19:52:34.333Z</time>
      </trkpt>
      <trkpt lat="50.428178" lon="8.738664">
        <ele>146.252163</ele>
        <time>2026-07-21T19:52:49.589Z</time>
      </trkpt>
      <trkpt lat="50.428232" lon="8.738800">
        <ele>146.351361</ele>
        <time>2026-07-21T19:52:52.022Z</time>
      </trkpt>
      <trkpt lat="50.428389" lon="8.740384">
        <ele>147.310078</ele>
        <time>2026-07-21T19:53:10.512Z</time>
      </trkpt>
      <trkpt lat="50.428440" lon="8.740651">
        <ele>147.489717</ele>
        <time>2026-07-21T19:53:13.734Z</time>
      </trkpt>
      <trkpt lat="50.428609" lon="8.741351">
        <ele>147.977835</ele>
        <time>2026-07-21T19:53:22.587Z</time>
      </trkpt>
      <trkpt lat="50.428791" lon="8.741809">
        <ele>148.957034</ele>
        <time>2026-07-21T19:53:31.772Z</time>
      </trkpt>
      <trkpt lat="50.428929" lon="8.742045">
        <ele>149.410878</ele>
        <time>2026-07-21T19:53:37.087Z</time>
      </trkpt>
      <trkpt lat="50.429010" lon="8.742280">
        <ele>149.547076</ele>
        <time>2026-07-21T19:53:40.133Z</time>
      </trkpt>
      <trkpt lat="50.429161" lon="8.743152">
        <ele>148.405081</ele>
        <time>2026-07-21T19:53:46.287Z</time>
      </trkpt>
      <trkpt lat="50.429313" lon="8.744008">
        <ele>148.152363</ele>
        <time>2026-07-21T19:53:53.972Z</time>
      </trkpt>
      <trkpt lat="50.429483" lon="8.744908">
        <ele>148.496707</ele>
        <time>2026-07-21T19:54:04.346Z</time>
      </trkpt>
      <trkpt lat="50.429587" lon="8.745421">
        <ele>148.761812</ele>
        <time>2026-07-21T19:54:10.409Z</time>
      </trkpt>
      <trkpt lat="50.429598" lon="8.745479">
        <ele>148.809840</ele>
        <time>2026-07-21T19:54:11.138Z</time>
      </trkpt>
      <trkpt lat="50.429760" lon="8.746249">
        <ele>149.490543</ele>
        <time>2026-07-21T19:54:21.718Z</time>
      </trkpt>
      <trkpt lat="50.430144" lon="8.746844">
        <ele>150.090757</ele>
        <time>2026-07-21T19:54:32.223Z</time>
      </trkpt>
      <trkpt lat="50.430245" lon="8.746999">
        <ele>150.231880</ele>
        <time>2026-07-21T19:54:34.550Z</time>
      </trkpt>
      <trkpt lat="50.430597" lon="8.747521">
        <ele>150.986611</ele>
        <time>2026-07-21T19:54:44.930Z</time>
      </trkpt>
      <trkpt lat="50.431742" lon="8.749260">
        <ele>153.080311</ele>
        <time>2026-07-21T19:55:16.656Z</time>
      </trkpt>
      <trkpt lat="50.431885" lon="8.749290">
        <ele>153.484701</ele>
        <time>2026-07-21T19:55:20.661Z</time>
      </trkpt>
      <trkpt lat="50.433124" lon="8.750659">
        <ele>157.477437</ele>
        <time>2026-07-21T19:55:59.257Z</time>
      </trkpt>
      <trkpt lat="50.435121" lon="8.753872">
        <ele>163.893940</ele>
        <time>2026-07-21T19:57:07.408Z</time>
      </trkpt>
      <trkpt lat="50.436229" lon="8.755669">
        <ele>167.417213</ele>
        <time>2026-07-21T19:57:44.421Z</time>
      </trkpt>
      <trkpt lat="50.437222" lon="8.757290">
        <ele>172.651307</ele>
        <time>2026-07-21T19:58:27.348Z</time>
      </trkpt>
      <trkpt lat="50.437311" lon="8.757393">
        <ele>173.032194</ele>
        <time>2026-07-21T19:58:30.202Z</time>
      </trkpt>
      <trkpt lat="50.437440" lon="8.757511">
        <ele>173.543553</ele>
        <time>2026-07-21T19:58:34.453Z</time>
      </trkpt>
      <trkpt lat="50.438931" lon="8.759588">
        <ele>181.968754</ele>
        <time>2026-07-21T19:59:38.519Z</time>
      </trkpt>
      <trkpt lat="50.439254" lon="8.760008">
        <ele>182.811325</ele>
        <time>2026-07-21T19:59:47.303Z</time>
      </trkpt>
      <trkpt lat="50.441776" lon="8.761613">
        <ele>187.929624</ele>
        <time>2026-07-21T20:00:47.978Z</time>
      </trkpt>
      <trkpt lat="50.444046" lon="8.763885">
        <ele>194.535376</ele>
        <time>2026-07-21T20:01:54.656Z</time>
      </trkpt>
      <trkpt lat="50.446363" lon="8.766217">
        <ele>203.117736</ele>
        <time>2026-07-21T20:03:09.880Z</time>
      </trkpt>
      <trkpt lat="50.447217" lon="8.768458">
        <ele>209.010730</ele>
        <time>2026-07-21T20:04:07.330Z</time>
      </trkpt>
      <trkpt lat="50.447592" lon="8.769431">
        <ele>210.562703</ele>
        <time>2026-07-21T20:04:28.509Z</time>
      </trkpt>
      <trkpt lat="50.448470" lon="8.773194">
        <ele>210.080503</ele>
        <time>2026-07-21T20:05:17.849Z</time>
      </trkpt>
      <trkpt lat="50.448497" lon="8.773403">
        <ele>210.147785</ele>
        <time>2026-07-21T20:05:20.170Z</time>
      </trkpt>
      <trkpt lat="50.448167" lon="8.778168">
        <ele>212.500549</ele>
        <time>2026-07-21T20:06:15.358Z</time>
      </trkpt>
      <trkpt lat="50.448181" lon="8.779263">
        <ele>215.042947</ele>
        <time>2026-07-21T20:06:36.514Z</time>
      </trkpt>
      <trkpt lat="50.448312" lon="8.780701">
        <ele>217.462515</ele>
        <time>2026-07-21T20:06:59.590Z</time>
      </trkpt>
      <trkpt lat="50.448342" lon="8.781218">
        <ele>218.097811</ele>
        <time>2026-07-21T20:07:07.175Z</time>
      </trkpt>
      <trkpt lat="50.448532" lon="8.782606">
        <ele>219.616293</ele>
        <time>2026-07-21T20:07:26.767Z</time>
      </trkpt>
      <trkpt lat="50.448534" lon="8.782750">
        <ele>219.721074</ele>
        <time>2026-07-21T20:07:28.243Z</time>
      </trkpt>
      <trkpt lat="50.448603" lon="8.782898">
        <ele>219.830553</ele>
        <time>2026-07-21T20:07:30.713Z</time>
      </trkpt>
      <trkpt lat="50.448216" lon="8.783387">
        <ele>220.935530</ele>
        <time>2026-07-21T20:07:43.126Z</time>
      </trkpt>
      <trkpt lat="50.448062" lon="8.783644">
        <ele>221.138443</ele>
        <time>2026-07-21T20:07:47.029Z</time>
      </trkpt>
      <trkpt lat="50.446063" lon="8.787439">
        <ele>219.091112</ele>
        <time>2026-07-21T20:08:27.400Z</time>
      </trkpt>
      <trkpt lat="50.445818" lon="8.787807">
        <ele>218.867031</ele>
        <time>2026-07-21T20:08:31.752Z</time>
      </trkpt>
      <trkpt lat="50.444719" lon="8.789257">
        <ele>218.840660</ele>
        <time>2026-07-21T20:08:53.026Z</time>
      </trkpt>
      <trkpt lat="50.443455" lon="8.790984">
        <ele>220.234193</ele>
        <time>2026-07-21T20:09:23.240Z</time>
      </trkpt>
      <trkpt lat="50.442698" lon="8.791978">
        <ele>221.640679</ele>
        <time>2026-07-21T20:09:44.112Z</time>
      </trkpt>
      <trkpt lat="50.442129" lon="8.792528">
        <ele>221.912228</ele>
        <time>2026-07-21T20:09:54.999Z</time>
      </trkpt>
      <trkpt lat="50.441797" lon="8.792733">
        <ele>221.571428</ele>
        <time>2026-07-21T20:09:59.385Z</time>
      </trkpt>
      <trkpt lat="50.441156" lon="8.793007">
        <ele>220.423649</ele>
        <time>2026-07-21T20:10:06.797Z</time>
      </trkpt>
      <trkpt lat="50.440902" lon="8.793117">
        <ele>220.112737</ele>
        <time>2026-07-21T20:10:09.967Z</time>
      </trkpt>
      <trkpt lat="50.440476" lon="8.793383">
        <ele>219.752932</ele>
        <time>2026-07-21T20:10:15.633Z</time>
      </trkpt>
      <trkpt lat="50.440027" lon="8.793776">
        <ele>219.817294</ele>
        <time>2026-07-21T20:10:23.176Z</time>
      </trkpt>
      <trkpt lat="50.439802" lon="8.794043">
        <ele>220.212214</ele>
        <time>2026-07-21T20:10:29.971Z</time>
      </trkpt>
      <trkpt lat="50.439531" lon="8.794427">
        <ele>220.273369</ele>
        <time>2026-07-21T20:10:35.149Z</time>
      </trkpt>
      <trkpt lat="50.439393" lon="8.794670">
        <ele>220.226078</ele>
        <time>2026-07-21T20:10:38.049Z</time>
      </trkpt>
      <trkpt lat="50.439133" lon="8.795226">
        <ele>220.175130</ele>
        <time>2026-07-21T20:10:44.265Z</time>
      </trkpt>
      <trkpt lat="50.438934" lon="8.795806">
        <ele>220.016031</ele>
        <time>2026-07-21T20:10:50.110Z</time>
      </trkpt>
      <trkpt lat="50.438705" lon="8.796750">
        <ele>219.965501</ele>
        <time>2026-07-21T20:10:59.171Z</time>
      </trkpt>
      <trkpt lat="50.438271" lon="8.798862">
        <ele>222.233185</ele>
        <time>2026-07-21T20:11:29.836Z</time>
      </trkpt>
      <trkpt lat="50.437613" lon="8.802048">
        <ele>223.924963</ele>
        <time>2026-07-21T20:12:08.342Z</time>
      </trkpt>
      <trkpt lat="50.437236" lon="8.803450">
        <ele>220.773818</ele>
        <time>2026-07-21T20:12:18.070Z</time>
      </trkpt>
      <trkpt lat="50.435299" lon="8.810559">
        <ele>201.322496</ele>
        <time>2026-07-21T20:13:06.264Z</time>
      </trkpt>
      <trkpt lat="50.435042" lon="8.811212">
        <ele>199.609189</ele>
        <time>2026-07-21T20:13:11.212Z</time>
      </trkpt>
      <trkpt lat="50.435025" lon="8.811256">
        <ele>199.446470</ele>
        <time>2026-07-21T20:13:11.522Z</time>
      </trkpt>
      <trkpt lat="50.434770" lon="8.811798">
        <ele>197.098665</ele>
        <time>2026-07-21T20:13:15.471Z</time>
      </trkpt>
      <trkpt lat="50.433739" lon="8.813392">
        <ele>190.479337</ele>
        <time>2026-07-21T20:13:29.290Z</time>
      </trkpt>
      <trkpt lat="50.433701" lon="8.813454">
        <ele>190.256199</ele>
        <time>2026-07-21T20:13:29.859Z</time>
      </trkpt>
      <trkpt lat="50.433034" lon="8.814558">
        <ele>188.189979</ele>
        <time>2026-07-21T20:13:40.329Z</time>
      </trkpt>
      <trkpt lat="50.432386" lon="8.815649">
        <ele>187.362640</ele>
        <time>2026-07-21T20:13:52.435Z</time>
      </trkpt>
      <trkpt lat="50.432041" lon="8.816216">
        <ele>186.616328</ele>
        <time>2026-07-21T20:13:58.274Z</time>
      </trkpt>
      <trkpt lat="50.431081" lon="8.817781">
        <ele>182.365446</ele>
        <time>2026-07-21T20:14:12.332Z</time>
      </trkpt>
      <trkpt lat="50.428815" lon="8.821523">
        <ele>169.340413</ele>
        <time>2026-07-21T20:14:44.433Z</time>
      </trkpt>
      <trkpt lat="50.428461" lon="8.822138">
        <ele>168.488979</ele>
        <time>2026-07-21T20:14:50.529Z</time>
      </trkpt>
      <trkpt lat="50.428308" lon="8.822507">
        <ele>168.632024</ele>
        <time>2026-07-21T20:14:55.751Z</time>
      </trkpt>
      <trkpt lat="50.428187" lon="8.822964">
        <ele>169.094173</ele>
        <time>2026-07-21T20:15:02.197Z</time>
      </trkpt>
      <trkpt lat="50.428078" lon="8.823576">
        <ele>169.565368</ele>
        <time>2026-07-21T20:15:10.568Z</time>
      </trkpt>
      <trkpt lat="50.427836" lon="8.825055">
        <ele>169.062624</ele>
        <time>2026-07-21T20:15:23.515Z</time>
      </trkpt>
      <trkpt lat="50.427785" lon="8.825558">
        <ele>168.169938</ele>
        <time>2026-07-21T20:15:26.833Z</time>
      </trkpt>
      <trkpt lat="50.427782" lon="8.825995">
        <ele>167.073946</ele>
        <time>2026-07-21T20:15:29.537Z</time>
      </trkpt>
      <trkpt lat="50.427830" lon="8.827071">
        <ele>164.314590</ele>
        <time>2026-07-21T20:15:36.156Z</time>
      </trkpt>
      <trkpt lat="50.427745" lon="8.827923">
        <ele>163.364105</ele>
        <time>2026-07-21T20:15:42.613Z</time>
      </trkpt>
      <trkpt lat="50.427680" lon="8.828358">
        <ele>162.683403</ele>
        <time>2026-07-21T20:15:45.715Z</time>
      </trkpt>
      <trkpt lat="50.427931" lon="8.828429">
        <ele>161.464841</ele>
        <time>2026-07-21T20:15:49.146Z</time>
      </trkpt>
      <trkpt lat="50.428222" lon="8.828516">
        <ele>159.886318</ele>
        <time>2026-07-21T20:15:53.293Z</time>
      </trkpt>
      <trkpt lat="50.428272" lon="8.828540">
        <ele>159.537397</ele>
        <time>2026-07-21T20:15:53.940Z</time>
      </trkpt>
      <trkpt lat="50.428575" lon="8.828675">
        <ele>156.610376</ele>
        <time>2026-07-21T20:15:57.731Z</time>
      </trkpt>
      <trkpt lat="50.429154" lon="8.828647">
        <ele>153.964437</ele>
        <time>2026-07-21T20:16:05.751Z</time>
      </trkpt>
      <trkpt lat="50.429223" lon="8.828701">
        <ele>153.798551</ele>
        <time>2026-07-21T20:16:07.030Z</time>
      </trkpt>
      <trkpt lat="50.429293" lon="8.828738">
        <ele>153.904147</ele>
        <time>2026-07-21T20:16:08.200Z</time>
      </trkpt>
      <trkpt lat="50.430021" lon="8.828652">
        <ele>155.109572</ele>
        <time>2026-07-21T20:16:24.186Z</time>
      </trkpt>
      <trkpt lat="50.430225" lon="8.828602">
        <ele>155.799568</ele>
        <time>2026-07-21T20:16:30.454Z</time>
      </trkpt>
      <trkpt lat="50.430363" lon="8.828490">
        <ele>156.366744</ele>
        <time>2026-07-21T20:16:34.884Z</time>
      </trkpt>
      <trkpt lat="50.430483" lon="8.828332">
        <ele>156.896107</ele>
        <time>2026-07-21T20:16:39.248Z</time>
      </trkpt>
      <trkpt lat="50.430651" lon="8.828027">
        <ele>157.756653</ele>
        <time>2026-07-21T20:16:46.553Z</time>
      </trkpt>
      <trkpt lat="50.431013" lon="8.827204">
        <ele>160.593088</ele>
        <time>2026-07-21T20:17:07.388Z</time>
      </trkpt>
      <trkpt lat="50.431128" lon="8.826978">
        <ele>161.409495</ele>
        <time>2026-07-21T20:17:13.453Z</time>
      </trkpt>
      <trkpt lat="50.431331" lon="8.826665">
        <ele>162.632294</ele>
        <time>2026-07-21T20:17:22.852Z</time>
      </trkpt>
      <trkpt lat="50.431364" lon="8.826626">
        <ele>162.739361</ele>
        <time>2026-07-21T20:17:23.982Z</time>
      </trkpt>
      <trkpt lat="50.431575" lon="8.826372">
        <ele>163.349855</ele>
        <time>2026-07-21T20:17:30.267Z</time>
      </trkpt>
      <trkpt lat="50.431838" lon="8.826147">
        <ele>163.750976</ele>
        <time>2026-07-21T20:17:36.181Z</time>
      </trkpt>
      <trkpt lat="50.432118" lon="8.825974">
        <ele>163.877680</ele>
        <time>2026-07-21T20:17:41.216Z</time>
      </trkpt>
      <trkpt lat="50.432411" lon="8.825861">
        <ele>163.735753</ele>
        <time>2026-07-21T20:17:45.294Z</time>
      </trkpt>
      <trkpt lat="50.432742" lon="8.825810">
        <ele>163.265258</ele>
        <time>2026-07-21T20:17:49.049Z</time>
      </trkpt>
      <trkpt lat="50.433071" lon="8.825836">
        <ele>162.413954</ele>
        <time>2026-07-21T20:17:52.573Z</time>
      </trkpt>
      <trkpt lat="50.433433" lon="8.825954">
        <ele>161.100096</ele>
        <time>2026-07-21T20:17:56.185Z</time>
      </trkpt>
      <trkpt lat="50.433939" lon="8.826302">
        <ele>160.797560</ele>
        <time>2026-07-21T20:18:03.407Z</time>
      </trkpt>
      <trkpt lat="50.434216" lon="8.826590">
        <ele>161.109216</ele>
        <time>2026-07-21T20:18:09.785Z</time>
      </trkpt>
      <trkpt lat="50.435345" lon="8.827951">
        <ele>163.116536</ele>
        <time>2026-07-21T20:18:39.641Z</time>
      </trkpt>
      <trkpt lat="50.435466" lon="8.828125">
        <ele>163.151943</ele>
        <time>2026-07-21T20:18:41.872Z</time>
      </trkpt>
      <trkpt lat="50.435661" lon="8.828494">
        <ele>162.518941</ele>
        <time>2026-07-21T20:18:45.295Z</time>
      </trkpt>
      <trkpt lat="50.436498" lon="8.830396">
        <ele>156.787962</ele>
        <time>2026-07-21T20:18:59.689Z</time>
      </trkpt>
      <trkpt lat="50.437090" lon="8.831734">
        <ele>152.149368</ele>
        <time>2026-07-21T20:19:09.694Z</time>
      </trkpt>
      <trkpt lat="50.437367" lon="8.832358">
        <ele>149.078912</ele>
        <time>2026-07-21T20:19:14.055Z</time>
      </trkpt>
      <trkpt lat="50.437480" lon="8.832540">
        <ele>148.704396</ele>
        <time>2026-07-21T20:19:15.648Z</time>
      </trkpt>
      <trkpt lat="50.437653" lon="8.832743">
        <ele>148.884702</ele>
        <time>2026-07-21T20:19:21.850Z</time>
      </trkpt>
      <trkpt lat="50.437787" lon="8.832841">
        <ele>149.047683</ele>
        <time>2026-07-21T20:19:24.549Z</time>
      </trkpt>
      <trkpt lat="50.438278" lon="8.833043">
        <ele>149.422208</ele>
        <time>2026-07-21T20:19:36.902Z</time>
      </trkpt>
      <trkpt lat="50.438745" lon="8.833219">
        <ele>149.303807</ele>
        <time>2026-07-21T20:19:45.761Z</time>
      </trkpt>
      <trkpt lat="50.438879" lon="8.833283">
        <ele>149.373118</ele>
        <time>2026-07-21T20:19:49.130Z</time>
      </trkpt>
      <trkpt lat="50.439043" lon="8.833305">
        <ele>149.423781</ele>
        <time>2026-07-21T20:19:53.055Z</time>
      </trkpt>
      <trkpt lat="50.439270" lon="8.833307">
        <ele>149.351150</ele>
        <time>2026-07-21T20:19:55.861Z</time>
      </trkpt>
      <trkpt lat="50.439628" lon="8.833217">
        <ele>149.596357</ele>
        <time>2026-07-21T20:20:01.364Z</time>
      </trkpt>
      <trkpt lat="50.440148" lon="8.833160">
        <ele>150.749217</ele>
        <time>2026-07-21T20:20:15.729Z</time>
      </trkpt>
      <trkpt lat="50.440245" lon="8.833546">
        <ele>150.477679</ele>
        <time>2026-07-21T20:20:18.687Z</time>
      </trkpt>
      <trkpt lat="50.440338" lon="8.834318">
        <ele>149.315215</ele>
        <time>2026-07-21T20:20:23.991Z</time>
      </trkpt>
      <trkpt lat="50.440357" lon="8.834521">
        <ele>149.081289</ele>
        <time>2026-07-21T20:20:25.416Z</time>
      </trkpt>
      <trkpt lat="50.440457" lon="8.835353">
        <ele>148.544227</ele>
        <time>2026-07-21T20:20:32.276Z</time>
      </trkpt>
      <trkpt lat="50.440683" lon="8.836911">
        <ele>146.335983</ele>
        <time>2026-07-21T20:20:43.206Z</time>
      </trkpt>
      <trkpt lat="50.440692" lon="8.837094">
        <ele>146.127803</ele>
        <time>2026-07-21T20:20:44.483Z</time>
      </trkpt>
      <trkpt lat="50.441357" lon="8.841017">
        <ele>143.289907</ele>
        <time>2026-07-21T20:21:15.775Z</time>
      </trkpt>
      <trkpt lat="50.441392" lon="8.841250">
        <ele>143.142068</ele>
        <time>2026-07-21T20:21:17.592Z</time>
      </trkpt>
      <trkpt lat="50.441437" lon="8.841551">
        <ele>143.016507</ele>
        <time>2026-07-21T20:21:20.111Z</time>
      </trkpt>
      <trkpt lat="50.441514" lon="8.841863">
        <ele>142.931538</ele>
        <time>2026-07-21T20:21:24.446Z</time>
      </trkpt>
      <trkpt lat="50.441710" lon="8.842173">
        <ele>142.660957</ele>
        <time>2026-07-21T20:21:28.963Z</time>
      </trkpt>
      <trkpt lat="50.442445" lon="8.843083">
        <ele>143.014986</ele>
        <time>2026-07-21T20:21:48.821Z</time>
      </trkpt>
      <trkpt lat="50.443101" lon="8.843973">
        <ele>146.128036</ele>
        <time>2026-07-21T20:22:20.928Z</time>
      </trkpt>
      <trkpt lat="50.444380" lon="8.845563">
        <ele>147.888403</ele>
        <time>2026-07-21T20:22:59.565Z</time>
      </trkpt>
      <trkpt lat="50.444469" lon="8.845678">
        <ele>148.081800</ele>
        <time>2026-07-21T20:23:02.954Z</time>
      </trkpt>
      <trkpt lat="50.444800" lon="8.845989">
        <ele>148.818731</ele>
        <time>2026-07-21T20:23:11.958Z</time>
      </trkpt>
      <trkpt lat="50.445327" lon="8.846703">
        <ele>148.911226</ele>
        <time>2026-07-21T20:23:22.357Z</time>
      </trkpt>
      <trkpt lat="50.445736" lon="8.847302">
        <ele>149.003539</ele>
        <time>2026-07-21T20:23:31.333Z</time>
      </trkpt>
      <trkpt lat="50.445850" lon="8.847594">
        <ele>148.830000</ele>
        <time>2026-07-21T20:23:33.966Z</time>
      </trkpt>
      <trkpt lat="50.445905" lon="8.847777">
        <ele>148.693201</ele>
        <time>2026-07-21T20:23:35.439Z</time>
      </trkpt>
      <trkpt lat="50.446106" lon="8.848109">
        <ele>148.546423</ele>
        <time>2026-07-21T20:23:39.034Z</time>
      </trkpt>
      <trkpt lat="50.446690" lon="8.848917">
        <ele>149.373132</ele>
        <time>2026-07-21T20:23:54.515Z</time>
      </trkpt>
      <trkpt lat="50.447213" lon="8.849641">
        <ele>149.902307</ele>
        <time>2026-07-21T20:24:07.133Z</time>
      </trkpt>
      <trkpt lat="50.448190" lon="8.850967">
        <ele>150.800090</ele>
        <time>2026-07-21T20:24:30.248Z</time>
      </trkpt>
      <trkpt lat="50.450711" lon="8.854390">
        <ele>147.569787</ele>
        <time>2026-07-21T20:25:10.714Z</time>
      </trkpt>
      <trkpt lat="50.451149" lon="8.854750">
        <ele>147.988086</ele>
        <time>2026-07-21T20:25:20.256Z</time>
      </trkpt>
      <trkpt lat="50.451603" lon="8.851669">
        <ele>149.996008</ele>
        <time>2026-07-21T20:25:58.244Z</time>
      </trkpt>
      <trkpt lat="50.451832" lon="8.850177">
        <ele>150.904753</ele>
        <time>2026-07-21T20:26:16.291Z</time>
      </trkpt>
      <trkpt lat="50.452298" lon="8.847145">
        <ele>153.045371</ele>
        <time>2026-07-21T20:26:53.966Z</time>
      </trkpt>
      <trkpt lat="50.452335" lon="8.846447">
        <ele>153.888309</ele>
        <time>2026-07-21T20:27:04.218Z</time>
      </trkpt>
      <trkpt lat="50.453396" lon="8.847614">
        <ele>156.136517</ele>
        <time>2026-07-21T20:27:39.727Z</time>
      </trkpt>
      <trkpt lat="50.455964" lon="8.850611">
        <ele>160.022951</ele>
        <time>2026-07-21T20:28:59.455Z</time>
      </trkpt>
      <trkpt lat="50.457427" lon="8.851497">
        <ele>162.549158</ele>
        <time>2026-07-21T20:29:41.595Z</time>
      </trkpt>
      <trkpt lat="50.459026" lon="8.852413">
        <ele>163.568411</ele>
        <time>2026-07-21T20:30:20.723Z</time>
      </trkpt>
      <trkpt lat="50.459539" lon="8.852740">
        <ele>162.840458</ele>
        <time>2026-07-21T20:30:29.669Z</time>
      </trkpt>
      <trkpt lat="50.460477" lon="8.853343">
        <ele>162.031648</ele>
        <time>2026-07-21T20:30:47.749Z</time>
      </trkpt>
      <trkpt lat="50.461291" lon="8.853751">
        <ele>161.852817</ele>
        <time>2026-07-21T20:31:04.240Z</time>
      </trkpt>
      <trkpt lat="50.463074" lon="8.854778">
        <ele>164.330163</ele>
        <time>2026-07-21T20:31:52.847Z</time>
      </trkpt>
      <trkpt lat="50.464577" lon="8.855644">
        <ele>165.458992</ele>
        <time>2026-07-21T20:32:29.859Z</time>
      </trkpt>
      <trkpt lat="50.465955" lon="8.856443">
        <ele>165.340412</ele>
        <time>2026-07-21T20:32:59.222Z</time>
      </trkpt>
      <trkpt lat="50.466065" lon="8.856505">
        <ele>165.201606</ele>
        <time>2026-07-21T20:33:01.132Z</time>
      </trkpt>
      <trkpt lat="50.468078" lon="8.857475">
        <ele>162.700487</ele>
        <time>2026-07-21T20:33:26.254Z</time>
      </trkpt>
      <trkpt lat="50.469961" lon="8.858344">
        <ele>160.368158</ele>
        <time>2026-07-21T20:33:49.667Z</time>
      </trkpt>
      <trkpt lat="50.470113" lon="8.858432">
        <ele>160.279838</ele>
        <time>2026-07-21T20:33:51.512Z</time>
      </trkpt>
      <trkpt lat="50.471122" lon="8.858903">
        <ele>160.168836</ele>
        <time>2026-07-21T20:34:07.342Z</time>
      </trkpt>
      <trkpt lat="50.472497" lon="8.859516">
        <ele>159.421438</ele>
        <time>2026-07-21T20:34:33.687Z</time>
      </trkpt>
      <trkpt lat="50.472565" lon="8.859527">
        <ele>159.395786</ele>
        <time>2026-07-21T20:34:34.933Z</time>
      </trkpt>
      <trkpt lat="50.473513" lon="8.861014">
        <ele>158.924034</ele>
        <time>2026-07-21T20:35:00.299Z</time>
      </trkpt>
      <trkpt lat="50.474430" lon="8.862452">
        <ele>159.077253</ele>
        <time>2026-07-21T20:35:27.199Z</time>
      </trkpt>
      <trkpt lat="50.474980" lon="8.863348">
        <ele>158.895090</ele>
        <time>2026-07-21T20:35:42.687Z</time>
      </trkpt>
      <trkpt lat="50.475429" lon="8.864314">
        <ele>158.656152</ele>
        <time>2026-07-21T20:35:57.071Z</time>
      </trkpt>
      <trkpt lat="50.475491" lon="8.864496">
        <ele>158.676355</ele>
        <time>2026-07-21T20:36:00.063Z</time>
      </trkpt>
      <trkpt lat="50.475602" lon="8.865010">
        <ele>158.657591</ele>
        <time>2026-07-21T20:36:06.974Z</time>
      </trkpt>
      <trkpt lat="50.475774" lon="8.866211">
        <ele>158.159754</ele>
        <time>2026-07-21T20:36:20.826Z</time>
      </trkpt>
      <trkpt lat="50.475830" lon="8.866951">
        <ele>158.549233</ele>
        <time>2026-07-21T20:36:32.666Z</time>
      </trkpt>
      <trkpt lat="50.475695" lon="8.868884">
        <ele>158.588772</ele>
        <time>2026-07-21T20:36:50.945Z</time>
      </trkpt>
      <trkpt lat="50.475507" lon="8.870305">
        <ele>158.257869</ele>
        <time>2026-07-21T20:37:03.858Z</time>
      </trkpt>
      <trkpt lat="50.476006" lon="8.872873">
        <ele>152.810235</ele>
        <time>2026-07-21T20:37:21.056Z</time>
      </trkpt>
      <trkpt lat="50.476869" lon="8.874830">
        <ele>149.759528</ele>
        <time>2026-07-21T20:37:37.707Z</time>
      </trkpt>
      <trkpt lat="50.477808" lon="8.876523">
        <ele>148.875397</ele>
        <time>2026-07-21T20:37:56.510Z</time>
      </trkpt>
      <trkpt lat="50.477878" lon="8.876686">
        <ele>148.768951</ele>
        <time>2026-07-21T20:37:58.117Z</time>
      </trkpt>
      <trkpt lat="50.477946" lon="8.876830">
        <ele>148.555694</ele>
        <time>2026-07-21T20:37:59.369Z</time>
      </trkpt>
      <trkpt lat="50.478038" lon="8.876961">
        <ele>148.336122</ele>
        <time>2026-07-21T20:38:00.675Z</time>
      </trkpt>
      <trkpt lat="50.478145" lon="8.877172">
        <ele>148.119840</ele>
        <time>2026-07-21T20:38:02.628Z</time>
      </trkpt>
      <trkpt lat="50.478165" lon="8.877443">
        <ele>148.276778</ele>
        <time>2026-07-21T20:38:05.952Z</time>
      </trkpt>
      <trkpt lat="50.478212" lon="8.877648">
        <ele>148.561211</ele>
        <time>2026-07-21T20:38:09.468Z</time>
      </trkpt>
      <trkpt lat="50.478322" lon="8.877835">
        <ele>149.053881</ele>
        <time>2026-07-21T20:38:14.232Z</time>
      </trkpt>
      <trkpt lat="50.478409" lon="8.877844">
        <ele>149.075937</ele>
        <time>2026-07-21T20:38:16.077Z</time>
      </trkpt>
      <trkpt lat="50.477997" lon="8.881030">
        <ele>148.997346</ele>
        <time>2026-07-21T20:38:45.723Z</time>
      </trkpt>
      <trkpt lat="50.477593" lon="8.884229">
        <ele>148.651349</ele>
        <time>2026-07-21T20:39:14.958Z</time>
      </trkpt>
      <trkpt lat="50.477512" lon="8.884881">
        <ele>148.959703</ele>
        <time>2026-07-21T20:39:22.854Z</time>
      </trkpt>
      <trkpt lat="50.477402" lon="8.885776">
        <ele>149.107271</ele>
        <time>2026-07-21T20:39:32.050Z</time>
      </trkpt>
      <trkpt lat="50.477387" lon="8.885896">
        <ele>149.132676</ele>
        <time>2026-07-21T20:39:33.271Z</time>
      </trkpt>
      <trkpt lat="50.477270" lon="8.886808">
        <ele>149.364604</ele>
        <time>2026-07-21T20:39:43.448Z</time>
      </trkpt>
      <trkpt lat="50.477453" lon="8.886828">
        <ele>149.073161</ele>
        <time>2026-07-21T20:39:45.415Z</time>
      </trkpt>
      <trkpt lat="50.477881" lon="8.886873">
        <ele>147.802031</ele>
        <time>2026-07-21T20:39:49.852Z</time>
      </trkpt>
      <trkpt lat="50.478486" lon="8.886939">
        <ele>146.028313</ele>
        <time>2026-07-21T20:39:56.059Z</time>
      </trkpt>
      <trkpt lat="50.479632" lon="8.887102">
        <ele>143.242502</ele>
        <time>2026-07-21T20:40:08.259Z</time>
      </trkpt>
      <trkpt lat="50.479828" lon="8.887140">
        <ele>142.983220</ele>
        <time>2026-07-21T20:40:10.620Z</time>
      </trkpt>
      <trkpt lat="50.479973" lon="8.887246">
        <ele>142.903762</ele>
        <time>2026-07-21T20:40:12.786Z</time>
      </trkpt>
      <trkpt lat="50.480023" lon="8.887315">
        <ele>142.903982</ele>
        <time>2026-07-21T20:40:13.790Z</time>
      </trkpt>
      <trkpt lat="50.480060" lon="8.887366">
        <ele>142.904144</ele>
        <time>2026-07-21T20:40:14.566Z</time>
      </trkpt>
      <trkpt lat="50.479901" lon="8.889007">
        <ele>142.968595</ele>
        <time>2026-07-21T20:40:30.440Z</time>
      </trkpt>
      <trkpt lat="50.479778" lon="8.890326">
        <ele>142.596222</ele>
        <time>2026-07-21T20:40:41.792Z</time>
      </trkpt>
      <trkpt lat="50.479773" lon="8.890371">
        <ele>142.580593</ele>
        <time>2026-07-21T20:40:42.171Z</time>
      </trkpt>
      <trkpt lat="50.479762" lon="8.890598">
        <ele>142.503582</ele>
        <time>2026-07-21T20:40:44.070Z</time>
      </trkpt>
      <trkpt lat="50.479811" lon="8.890789">
        <ele>142.437626</ele>
        <time>2026-07-21T20:40:45.872Z</time>
      </trkpt>
      <trkpt lat="50.479777" lon="8.891513">
        <ele>142.435762</ele>
        <time>2026-07-21T20:40:52.560Z</time>
      </trkpt>
      <trkpt lat="50.479737" lon="8.891653">
        <ele>142.585032</ele>
        <time>2026-07-21T20:40:54.230Z</time>
      </trkpt>
      <trkpt lat="50.479664" lon="8.892077">
        <ele>143.678333</ele>
        <time>2026-07-21T20:41:02.880Z</time>
      </trkpt>
      <trkpt lat="50.479676" lon="8.892245">
        <ele>144.226687</ele>
        <time>2026-07-21T20:41:06.904Z</time>
      </trkpt>
      <trkpt lat="50.480096" lon="8.893525">
        <ele>149.708320</ele>
        <time>2026-07-21T20:41:42.801Z</time>
      </trkpt>
      <trkpt lat="50.480128" lon="8.893638">
        <ele>150.098078</ele>
        <time>2026-07-21T20:41:45.996Z</time>
      </trkpt>
      <trkpt lat="50.480158" lon="8.893738">
        <ele>150.442773</ele>
        <time>2026-07-21T20:41:48.608Z</time>
      </trkpt>
      <trkpt lat="50.480282" lon="8.894224">
        <ele>151.478272</ele>
        <time>2026-07-21T20:41:57.544Z</time>
      </trkpt>
      <trkpt lat="50.480353" lon="8.894548">
        <ele>151.508013</ele>
        <time>2026-07-21T20:42:00.686Z</time>
      </trkpt>
      <trkpt lat="50.480662" lon="8.895716">
        <ele>149.691700</ele>
        <time>2026-07-21T20:42:09.252Z</time>
      </trkpt>
      <trkpt lat="50.481224" lon="8.898443">
        <ele>145.143317</ele>
        <time>2026-07-21T20:42:28.529Z</time>
      </trkpt>
      <trkpt lat="50.481286" lon="8.898536">
        <ele>144.939763</ele>
        <time>2026-07-21T20:42:29.494Z</time>
      </trkpt>
      <trkpt lat="50.481261" lon="8.898634">
        <ele>144.772409</ele>
        <time>2026-07-21T20:42:30.250Z</time>
      </trkpt>
      <trkpt lat="50.481216" lon="8.898814">
        <ele>144.461242</ele>
        <time>2026-07-21T20:42:31.541Z</time>
      </trkpt>
      <trkpt lat="50.481092" lon="8.899413">
        <ele>143.063912</ele>
        <time>2026-07-21T20:42:35.497Z</time>
      </trkpt>
      <trkpt lat="50.481019" lon="8.899880">
        <ele>142.302847</ele>
        <time>2026-07-21T20:42:38.798Z</time>
      </trkpt>
      <trkpt lat="50.480934" lon="8.900931">
        <ele>140.707282</ele>
        <time>2026-07-21T20:42:46.028Z</time>
      </trkpt>
      <trkpt lat="50.480901" lon="8.901056">
        <ele>140.369700</ele>
        <time>2026-07-21T20:42:47.223Z</time>
      </trkpt>
      <trkpt lat="50.480622" lon="8.901144">
        <ele>139.320568</ele>
        <time>2026-07-21T20:42:49.977Z</time>
      </trkpt>
      <trkpt lat="50.480489" lon="8.901200">
        <ele>139.153902</ele>
        <time>2026-07-21T20:42:51.613Z</time>
      </trkpt>
      <trkpt lat="50.478277" lon="8.902337">
        <ele>138.818959</ele>
        <time>2026-07-21T20:43:25.373Z</time>
      </trkpt>
      <trkpt lat="50.477691" lon="8.902608">
        <ele>138.981607</ele>
        <time>2026-07-21T20:43:34.997Z</time>
      </trkpt>
      <trkpt lat="50.477439" lon="8.902720">
        <ele>139.000006</ele>
        <time>2026-07-21T20:43:38.900Z</time>
      </trkpt>
      <trkpt lat="50.477193" lon="8.902748">
        <ele>138.971200</ele>
        <time>2026-07-21T20:43:42.584Z</time>
      </trkpt>
      <trkpt lat="50.477029" lon="8.902757">
        <ele>138.840732</ele>
        <time>2026-07-21T20:43:44.826Z</time>
      </trkpt>
      <trkpt lat="50.476956" lon="8.902791">
        <ele>138.755846</ele>
        <time>2026-07-21T20:43:45.725Z</time>
      </trkpt>
      <trkpt lat="50.476811" lon="8.903108">
        <ele>138.304049</ele>
        <time>2026-07-21T20:43:48.418Z</time>
      </trkpt>
      <trkpt lat="50.476759" lon="8.903255">
        <ele>138.127160</ele>
        <time>2026-07-21T20:43:49.573Z</time>
      </trkpt>
      <trkpt lat="50.476714" lon="8.903382">
        <ele>137.979374</ele>
        <time>2026-07-21T20:43:50.633Z</time>
      </trkpt>
      <trkpt lat="50.476493" lon="8.904022">
        <ele>137.836914</ele>
        <time>2026-07-21T20:43:57.137Z</time>
      </trkpt>
      <trkpt lat="50.476818" lon="8.904396">
        <ele>138.061249</ele>
        <time>2026-07-21T20:44:04.126Z</time>
      </trkpt>
      <trkpt lat="50.477004" lon="8.904595">
        <ele>138.038160</ele>
        <time>2026-07-21T20:44:07.385Z</time>
      </trkpt>
      <trkpt lat="50.477330" lon="8.904750">
        <ele>137.730395</ele>
        <time>2026-07-21T20:44:11.509Z</time>
      </trkpt>
      <trkpt lat="50.477548" lon="8.904805">
        <ele>137.591825</ele>
        <time>2026-07-21T20:44:14.384Z</time>
      </trkpt>
      <trkpt lat="50.477697" lon="8.904831">
        <ele>137.501746</ele>
        <time>2026-07-21T20:44:16.302Z</time>
      </trkpt>
      <trkpt lat="50.478208" lon="8.904932">
        <ele>137.202612</ele>
        <time>2026-07-21T20:44:23.122Z</time>
      </trkpt>
      <trkpt lat="50.478777" lon="8.905095">
        <ele>136.934260</ele>
        <time>2026-07-21T20:44:30.810Z</time>
      </trkpt>
      <trkpt lat="50.481185" lon="8.906360">
        <ele>137.409567</ele>
        <time>2026-07-21T20:45:10.033Z</time>
      </trkpt>
      <trkpt lat="50.483363" lon="8.907518">
        <ele>146.209343</ele>
        <time>2026-07-21T20:46:20.292Z</time>
      </trkpt>
      <trkpt lat="50.486289" lon="8.908786">
        <ele>153.302210</ele>
        <time>2026-07-21T20:47:33.129Z</time>
      </trkpt>
      <trkpt lat="50.487873" lon="8.909763">
        <ele>157.257922</ele>
        <time>2026-07-21T20:48:14.553Z</time>
      </trkpt>
      <trkpt lat="50.488975" lon="8.910098">
        <ele>159.194601</ele>
        <time>2026-07-21T20:48:38.727Z</time>
      </trkpt>
      <trkpt lat="50.489275" lon="8.910254">
        <ele>159.680915</ele>
        <time>2026-07-21T20:48:45.303Z</time>
      </trkpt>
      <trkpt lat="50.490868" lon="8.911332">
        <ele>161.804541</ele>
        <time>2026-07-21T20:49:19.570Z</time>
      </trkpt>
      <trkpt lat="50.491067" lon="8.911516">
        <ele>162.042119</ele>
        <time>2026-07-21T20:49:23.920Z</time>
      </trkpt>
      <trkpt lat="50.491373" lon="8.911917">
        <ele>162.225950</ele>
        <time>2026-07-21T20:49:30.255Z</time>
      </trkpt>
      <trkpt lat="50.491405" lon="8.911966">
        <ele>162.265240</ele>
        <time>2026-07-21T20:49:30.966Z</time>
      </trkpt>
      <trkpt lat="50.491865" lon="8.912809">
        <ele>162.887002</ele>
        <time>2026-07-21T20:49:44.228Z</time>
      </trkpt>
      <trkpt lat="50.492596" lon="8.914278">
        <ele>163.511201</ele>
        <time>2026-07-21T20:50:05.642Z</time>
      </trkpt>
      <trkpt lat="50.493368" lon="8.915822">
        <ele>156.645893</ele>
        <time>2026-07-21T20:50:17.117Z</time>
      </trkpt>
      <trkpt lat="50.493934" lon="8.916956">
        <ele>153.959420</ele>
        <time>2026-07-21T20:50:26.761Z</time>
      </trkpt>
      <trkpt lat="50.495570" lon="8.920267">
        <ele>146.056788</ele>
        <time>2026-07-21T20:50:54.023Z</time>
      </trkpt>
      <trkpt lat="50.495726" lon="8.920528">
        <ele>146.010238</ele>
        <time>2026-07-21T20:50:57.495Z</time>
      </trkpt>
      <trkpt lat="50.496091" lon="8.920987">
        <ele>146.933584</ele>
        <time>2026-07-21T20:51:08.153Z</time>
      </trkpt>
      <trkpt lat="50.496750" lon="8.921520">
        <ele>148.644243</ele>
        <time>2026-07-21T20:51:26.818Z</time>
      </trkpt>
      <trkpt lat="50.497779" lon="8.922326">
        <ele>148.177098</ele>
        <time>2026-07-21T20:51:42.128Z</time>
      </trkpt>
      <trkpt lat="50.498100" lon="8.922647">
        <ele>147.758112</ele>
        <time>2026-07-21T20:51:46.703Z</time>
      </trkpt>
      <trkpt lat="50.498409" lon="8.923020">
        <ele>147.162563</ele>
        <time>2026-07-21T20:51:51.044Z</time>
      </trkpt>
      <trkpt lat="50.498562" lon="8.923236">
        <ele>147.022461</ele>
        <time>2026-07-21T20:51:53.805Z</time>
      </trkpt>
      <trkpt lat="50.499459" lon="8.924698">
        <ele>147.058311</ele>
        <time>2026-07-21T20:52:12.853Z</time>
      </trkpt>
      <trkpt lat="50.500385" lon="8.926174">
        <ele>149.077046</ele>
        <time>2026-07-21T20:52:41.048Z</time>
      </trkpt>
      <trkpt lat="50.500762" lon="8.926794">
        <ele>149.735159</ele>
        <time>2026-07-21T20:52:51.328Z</time>
      </trkpt>
      <trkpt lat="50.501349" lon="8.927722">
        <ele>151.240799</ele>
        <time>2026-07-21T20:53:09.584Z</time>
      </trkpt>
      <trkpt lat="50.501760" lon="8.928378">
        <ele>152.992698</ele>
        <time>2026-07-21T20:53:25.091Z</time>
      </trkpt>
      <trkpt lat="50.502216" lon="8.929104">
        <ele>155.337717</ele>
        <time>2026-07-21T20:53:45.088Z</time>
      </trkpt>
      <trkpt lat="50.502355" lon="8.929333">
        <ele>155.720910</ele>
        <time>2026-07-21T20:53:48.953Z</time>
      </trkpt>
      <trkpt lat="50.502910" lon="8.930129">
        <ele>156.766132</ele>
        <time>2026-07-21T20:54:04.003Z</time>
      </trkpt>
      <trkpt lat="50.503344" lon="8.930654">
        <ele>158.165738</ele>
        <time>2026-07-21T20:54:18.068Z</time>
      </trkpt>
      <trkpt lat="50.503734" lon="8.931039">
        <ele>160.317798</ele>
        <time>2026-07-21T20:54:33.272Z</time>
      </trkpt>
      <trkpt lat="50.504310" lon="8.931498">
        <ele>164.954452</ele>
        <time>2026-07-21T20:55:02.283Z</time>
      </trkpt>
      <trkpt lat="50.504368" lon="8.931541">
        <ele>165.149487</ele>
        <time>2026-07-21T20:55:04.031Z</time>
      </trkpt>
      <trkpt lat="50.504504" lon="8.931637">
        <ele>165.550763</ele>
        <time>2026-07-21T20:55:06.995Z</time>
      </trkpt>
      <trkpt lat="50.504723" lon="8.931795">
        <ele>166.339605</ele>
        <time>2026-07-21T20:55:13.797Z</time>
      </trkpt>
      <trkpt lat="50.504819" lon="8.931866">
        <ele>166.758848</ele>
        <time>2026-07-21T20:55:17.341Z</time>
      </trkpt>
      <trkpt lat="50.504867" lon="8.931902">
        <ele>166.969264</ele>
        <time>2026-07-21T20:55:19.105Z</time>
      </trkpt>
      <trkpt lat="50.505100" lon="8.932070">
        <ele>167.846211</ele>
        <time>2026-07-21T20:55:26.594Z</time>
      </trkpt>
      <trkpt lat="50.505266" lon="8.932188">
        <ele>168.193258</ele>
        <time>2026-07-21T20:55:30.672Z</time>
      </trkpt>
      <trkpt lat="50.505592" lon="8.932416">
        <ele>168.233053</ele>
        <time>2026-07-21T20:55:36.556Z</time>
      </trkpt>
      <trkpt lat="50.506008" lon="8.932716">
        <ele>166.652430</ele>
        <time>2026-07-21T20:55:41.150Z</time>
      </trkpt>
      <trkpt lat="50.506131" lon="8.932806">
        <ele>165.728272</ele>
        <time>2026-07-21T20:55:42.345Z</time>
      </trkpt>
      <trkpt lat="50.506376" lon="8.932975">
        <ele>163.576335</ele>
        <time>2026-07-21T20:55:44.684Z</time>
      </trkpt>
      <trkpt lat="50.506880" lon="8.933329">
        <ele>161.169164</ele>
        <time>2026-07-21T20:55:50.065Z</time>
      </trkpt>
      <trkpt lat="50.507582" lon="8.933833">
        <ele>157.738698</ele>
        <time>2026-07-21T20:55:57.453Z</time>
      </trkpt>
      <trkpt lat="50.508347" lon="8.934401">
        <ele>154.975694</ele>
        <time>2026-07-21T20:56:06.020Z</time>
      </trkpt>
      <trkpt lat="50.508664" lon="8.934773">
        <ele>154.120291</ele>
        <time>2026-07-21T20:56:10.371Z</time>
      </trkpt>
      <trkpt lat="50.508793" lon="8.934985">
        <ele>153.638537</ele>
        <time>2026-07-21T20:56:12.295Z</time>
      </trkpt>
      <trkpt lat="50.509006" lon="8.935453">
        <ele>152.672106</ele>
        <time>2026-07-21T20:56:16.168Z</time>
      </trkpt>
      <trkpt lat="50.509227" lon="8.936132">
        <ele>151.078888</ele>
        <time>2026-07-21T20:56:21.054Z</time>
      </trkpt>
      <trkpt lat="50.509358" lon="8.936427">
        <ele>150.265401</ele>
        <time>2026-07-21T20:56:23.289Z</time>
      </trkpt>
      <trkpt lat="50.509453" lon="8.936594">
        <ele>149.963550</ele>
        <time>2026-07-21T20:56:24.761Z</time>
      </trkpt>
      <trkpt lat="50.509667" lon="8.936838">
        <ele>149.967811</ele>
        <time>2026-07-21T20:56:29.190Z</time>
      </trkpt>
      <trkpt lat="50.509986" lon="8.937059">
        <ele>150.528648</ele>
        <time>2026-07-21T20:56:37.704Z</time>
      </trkpt>
      <trkpt lat="50.511354" lon="8.937832">
        <ele>151.512719</ele>
        <time>2026-07-21T20:57:02.303Z</time>
      </trkpt>
      <trkpt lat="50.512355" lon="8.938432">
        <ele>152.453208</ele>
        <time>2026-07-21T20:57:22.348Z</time>
      </trkpt>
      <trkpt lat="50.512594" lon="8.938703">
        <ele>152.493360</ele>
        <time>2026-07-21T20:57:26.663Z</time>
      </trkpt>
      <trkpt lat="50.512927" lon="8.939159">
        <ele>152.379259</ele>
        <time>2026-07-21T20:57:32.620Z</time>
      </trkpt>
      <trkpt lat="50.513068" lon="8.939419">
        <ele>152.229129</ele>
        <time>2026-07-21T20:57:35.508Z</time>
      </trkpt>
      <trkpt lat="50.513169" lon="8.939663">
        <ele>152.166981</ele>
        <time>2026-07-21T20:57:37.984Z</time>
      </trkpt>
      <trkpt lat="50.513391" lon="8.940349">
        <ele>151.826700</ele>
        <time>2026-07-21T20:57:44.215Z</time>
      </trkpt>
      <trkpt lat="50.513523" lon="8.940613">
        <ele>151.792390</ele>
        <time>2026-07-21T20:57:47.217Z</time>
      </trkpt>
      <trkpt lat="50.513817" lon="8.941007">
        <ele>151.728916</ele>
        <time>2026-07-21T20:57:52.581Z</time>
      </trkpt>
      <trkpt lat="50.514145" lon="8.941256">
        <ele>151.813246</ele>
        <time>2026-07-21T20:57:58.378Z</time>
      </trkpt>
      <trkpt lat="50.514322" lon="8.941323">
        <ele>151.902986</ele>
        <time>2026-07-21T20:58:01.646Z</time>
      </trkpt>
      <trkpt lat="50.514944" lon="8.941401">
        <ele>152.240519</ele>
        <time>2026-07-21T20:58:12.306Z</time>
      </trkpt>
      <trkpt lat="50.515073" lon="8.941444">
        <ele>152.210349</ele>
        <time>2026-07-21T20:58:14.184Z</time>
      </trkpt>
      <trkpt lat="50.515295" lon="8.941633">
        <ele>152.055909</ele>
        <time>2026-07-21T20:58:17.418Z</time>
      </trkpt>
      <trkpt lat="50.515509" lon="8.942045">
        <ele>151.704749</ele>
        <time>2026-07-21T20:58:21.550Z</time>
      </trkpt>
      <trkpt lat="50.515591" lon="8.942319">
        <ele>151.508878</ele>
        <time>2026-07-21T20:58:23.908Z</time>
      </trkpt>
      <trkpt lat="50.515675" lon="8.942883">
        <ele>151.246557</ele>
        <time>2026-07-21T20:58:28.518Z</time>
      </trkpt>
      <trkpt lat="50.515676" lon="8.943146">
        <ele>151.216293</ele>
        <time>2026-07-21T20:58:30.826Z</time>
      </trkpt>
      <trkpt lat="50.515609" lon="8.944261">
        <ele>151.415526</ele>
        <time>2026-07-21T20:58:42.137Z</time>
      </trkpt>
      <trkpt lat="50.515655" lon="8.944818">
        <ele>151.605007</ele>
        <time>2026-07-21T20:58:48.337Z</time>
      </trkpt>
      <trkpt lat="50.515743" lon="8.945230">
        <ele>151.808380</ele>
        <time>2026-07-21T20:58:53.355Z</time>
      </trkpt>
      <trkpt lat="50.516169" lon="8.946519">
        <ele>152.579336</ele>
        <time>2026-07-21T20:59:10.126Z</time>
      </trkpt>
      <trkpt lat="50.516236" lon="8.946813">
        <ele>152.678155</ele>
        <time>2026-07-21T20:59:13.394Z</time>
      </trkpt>
      <trkpt lat="50.516265" lon="8.947071">
        <ele>152.707522</ele>
        <time>2026-07-21T20:59:16.061Z</time>
      </trkpt>
      <trkpt lat="50.516248" lon="8.947651">
        <ele>152.785498</ele>
        <time>2026-07-21T20:59:21.805Z</time>
      </trkpt>
      <trkpt lat="50.516197" lon="8.947945">
        <ele>152.769841</ele>
        <time>2026-07-21T20:59:24.617Z</time>
      </trkpt>
      <trkpt lat="50.516116" lon="8.948198">
        <ele>152.727793</ele>
        <time>2026-07-21T20:59:27.110Z</time>
      </trkpt>
      <trkpt lat="50.516027" lon="8.948386">
        <ele>152.701695</ele>
        <time>2026-07-21T20:59:29.209Z</time>
      </trkpt>
      <trkpt lat="50.515863" lon="8.948634">
        <ele>152.700006</ele>
        <time>2026-07-21T20:59:32.619Z</time>
      </trkpt>
      <trkpt lat="50.515732" lon="8.948890">
        <ele>152.700006</ele>
        <time>2026-07-21T20:59:35.835Z</time>
      </trkpt>
      <trkpt lat="50.515660" lon="8.949091">
        <ele>152.717302</ele>
        <time>2026-07-21T20:59:38.077Z</time>
      </trkpt>
      <trkpt lat="50.515572" lon="8.949579">
        <ele>152.803848</ele>
        <time>2026-07-21T20:59:43.055Z</time>
      </trkpt>
      <trkpt lat="50.515558" lon="8.951362">
        <ele>153.301827</ele>
        <time>2026-07-21T21:00:01.844Z</time>
      </trkpt>
      <trkpt lat="50.515582" lon="8.951654">
        <ele>153.369599</ele>
        <time>2026-07-21T21:00:05.001Z</time>
      </trkpt>
      <trkpt lat="50.515704" lon="8.952264">
        <ele>153.407995</ele>
        <time>2026-07-21T21:00:10.917Z</time>
      </trkpt>
      <trkpt lat="50.516054" lon="8.953520">
        <ele>154.952588</ele>
        <time>2026-07-21T21:00:29.893Z</time>
      </trkpt>
      <trkpt lat="50.516115" lon="8.953846">
        <ele>155.443054</ele>
        <time>2026-07-21T21:00:35.734Z</time>
      </trkpt>
      <trkpt lat="50.516165" lon="8.954376">
        <ele>156.007799</ele>
        <time>2026-07-21T21:00:43.065Z</time>
      </trkpt>
      <trkpt lat="50.516285" lon="8.956272">
        <ele>154.770354</ele>
        <time>2026-07-21T21:00:57.447Z</time>
      </trkpt>
      <trkpt lat="50.516429" lon="8.956910">
        <ele>155.525823</ele>
        <time>2026-07-21T21:01:06.913Z</time>
      </trkpt>
      <trkpt lat="50.516465" lon="8.957040">
        <ele>155.836732</ele>
        <time>2026-07-21T21:01:09.787Z</time>
      </trkpt>
      <trkpt lat="50.516482" lon="8.957107">
        <ele>155.994906</ele>
        <time>2026-07-21T21:01:11.350Z</time>
      </trkpt>
      <trkpt lat="50.516613" lon="8.957727">
        <ele>157.540618</ele>
        <time>2026-07-21T21:01:24.123Z</time>
      </trkpt>
      <trkpt lat="50.516699" lon="8.958707">
        <ele>159.156257</ele>
        <time>2026-07-21T21:01:39.944Z</time>
      </trkpt>
      <trkpt lat="50.516804" lon="8.959026">
        <ele>159.810305</ele>
        <time>2026-07-21T21:01:44.875Z</time>
      </trkpt>
      <trkpt lat="50.516870" lon="8.958883">
        <ele>160.231479</ele>
        <time>2026-07-21T21:01:48.749Z</time>
      </trkpt>
      <trkpt lat="50.516944" lon="8.958732">
        <ele>160.904931</ele>
        <time>2026-07-21T21:01:53.959Z</time>
      </trkpt>
      <trkpt lat="50.516988" lon="8.958557">
        <ele>161.425279</ele>
        <time>2026-07-21T21:01:57.955Z</time>
      </trkpt>
      <trkpt lat="50.517125" lon="8.957576">
        <ele>162.467296</ele>
        <time>2026-07-21T21:02:10.484Z</time>
      </trkpt>
      <trkpt lat="50.517163" lon="8.957448">
        <ele>162.964013</ele>
        <time>2026-07-21T21:02:13.272Z</time>
      </trkpt>
      <trkpt lat="50.517250" lon="8.957396">
        <ele>163.478695</ele>
        <time>2026-07-21T21:02:17.402Z</time>
      </trkpt>
      <trkpt lat="50.517340" lon="8.957472">
        <ele>164.018686</ele>
        <time>2026-07-21T21:02:22.268Z</time>
      </trkpt>
      <trkpt lat="50.517534" lon="8.958331">
        <ele>166.863139</ele>
        <time>2026-07-21T21:02:41.454Z</time>
      </trkpt>
      <trkpt lat="50.517644" lon="8.958569">
        <ele>167.583538</ele>
        <time>2026-07-21T21:02:47.029Z</time>
      </trkpt>
      <trkpt lat="50.517758" lon="8.958624">
        <ele>168.073496</ele>
        <time>2026-07-21T21:02:50.430Z</time>
      </trkpt>
      <trkpt lat="50.517890" lon="8.958608">
        <ele>168.693807</ele>
        <time>2026-07-21T21:02:54.938Z</time>
      </trkpt>
      <trkpt lat="50.518316" lon="8.958440">
        <ele>171.273719</ele>
        <time>2026-07-21T21:03:12.558Z</time>
      </trkpt>
      <trkpt lat="50.518440" lon="8.958372">
        <ele>171.693657</ele>
        <time>2026-07-21T21:03:16.679Z</time>
      </trkpt>
      <trkpt lat="50.519383" lon="8.957883">
        <ele>173.150453</ele>
        <time>2026-07-21T21:03:35.932Z</time>
      </trkpt>
      <trkpt lat="50.519850" lon="8.957696">
        <ele>174.178405</ele>
        <time>2026-07-21T21:03:47.594Z</time>
      </trkpt>
      <trkpt lat="50.521622" lon="8.957500">
        <ele>177.085345</ele>
        <time>2026-07-21T21:04:25.951Z</time>
      </trkpt>
      <trkpt lat="50.521839" lon="8.957523">
        <ele>177.007261</ele>
        <time>2026-07-21T21:04:28.626Z</time>
      </trkpt>
      <trkpt lat="50.522762" lon="8.957900">
        <ele>176.452985</ele>
        <time>2026-07-21T21:04:41.038Z</time>
      </trkpt>
      <trkpt lat="50.523665" lon="8.958231">
        <ele>177.434833</ele>
        <time>2026-07-21T21:04:58.959Z</time>
      </trkpt>
      <trkpt lat="50.524575" lon="8.958547">
        <ele>177.215845</ele>
        <time>2026-07-21T21:05:11.790Z</time>
      </trkpt>
      <trkpt lat="50.524988" lon="8.958631">
        <ele>177.353621</ele>
        <time>2026-07-21T21:05:17.938Z</time>
      </trkpt>
      <trkpt lat="50.525290" lon="8.958574">
        <ele>178.331317</ele>
        <time>2026-07-21T21:05:27.522Z</time>
      </trkpt>
      <trkpt lat="50.525562" lon="8.958399">
        <ele>179.186370</ele>
        <time>2026-07-21T21:05:35.042Z</time>
      </trkpt>
      <trkpt lat="50.525802" lon="8.958144">
        <ele>179.900016</ele>
        <time>2026-07-21T21:05:42.139Z</time>
      </trkpt>
      <trkpt lat="50.526143" lon="8.957670">
        <ele>180.977183</ele>
        <time>2026-07-21T21:05:53.101Z</time>
      </trkpt>
      <trkpt lat="50.526152" lon="8.957657">
        <ele>181.002696</ele>
        <time>2026-07-21T21:05:53.378Z</time>
      </trkpt>
      <trkpt lat="50.526584" lon="8.957065">
        <ele>182.141957</ele>
        <time>2026-07-21T21:06:06.496Z</time>
      </trkpt>
      <trkpt lat="50.528919" lon="8.953844">
        <ele>185.209095</ele>
        <time>2026-07-21T21:07:04.254Z</time>
      </trkpt>
      <trkpt lat="50.529308" lon="8.953384">
        <ele>186.619542</ele>
        <time>2026-07-21T21:07:17.166Z</time>
      </trkpt>
      <trkpt lat="50.530052" lon="8.952637">
        <ele>191.554262</ele>
        <time>2026-07-21T21:07:48.743Z</time>
      </trkpt>
      <trkpt lat="50.530107" lon="8.952586">
        <ele>192.098528</ele>
        <time>2026-07-21T21:07:52.323Z</time>
      </trkpt>
      <trkpt lat="50.530508" lon="8.952325">
        <ele>198.661853</ele>
        <time>2026-07-21T21:08:28.166Z</time>
      </trkpt>
      <trkpt lat="50.531568" lon="8.951908">
        <ele>208.284884</ele>
        <time>2026-07-21T21:09:22.194Z</time>
      </trkpt>
      <trkpt lat="50.531849" lon="8.951852">
        <ele>210.142257</ele>
        <time>2026-07-21T21:09:33.267Z</time>
      </trkpt>
      <trkpt lat="50.532261" lon="8.951840">
        <ele>212.066985</ele>
        <time>2026-07-21T21:09:47.248Z</time>
      </trkpt>
      <trkpt lat="50.533032" lon="8.951886">
        <ele>215.104165</ele>
        <time>2026-07-21T21:10:10.481Z</time>
      </trkpt>
      <trkpt lat="50.533937" lon="8.951989">
        <ele>218.570540</ele>
        <time>2026-07-21T21:10:38.444Z</time>
      </trkpt>
      <trkpt lat="50.535073" lon="8.952172">
        <ele>220.656707</ele>
        <time>2026-07-21T21:11:03.457Z</time>
      </trkpt>
      <trkpt lat="50.537997" lon="8.954086">
        <ele>224.181363</ele>
        <time>2026-07-21T21:12:05.074Z</time>
      </trkpt>
      <trkpt lat="50.539214" lon="8.954761">
        <ele>222.337126</ele>
        <time>2026-07-21T21:12:20.072Z</time>
      </trkpt>
      <trkpt lat="50.539562" lon="8.954939">
        <ele>219.905851</ele>
        <time>2026-07-21T21:12:23.308Z</time>
      </trkpt>
      <trkpt lat="50.540661" lon="8.955186">
        <ele>215.795447</ele>
        <time>2026-07-21T21:12:34.424Z</time>
      </trkpt>
      <trkpt lat="50.540914" lon="8.955174">
        <ele>214.437433</ele>
        <time>2026-07-21T21:12:36.785Z</time>
      </trkpt>
      <trkpt lat="50.541210" lon="8.955101">
        <ele>212.338983</ele>
        <time>2026-07-21T21:12:39.471Z</time>
      </trkpt>
      <trkpt lat="50.541230" lon="8.955098">
        <ele>212.181651</ele>
        <time>2026-07-21T21:12:39.648Z</time>
      </trkpt>
      <trkpt lat="50.541364" lon="8.955099">
        <ele>211.132269</ele>
        <time>2026-07-21T21:12:40.805Z</time>
      </trkpt>
      <trkpt lat="50.541737" lon="8.955165">
        <ele>209.085062</ele>
        <time>2026-07-21T21:12:44.318Z</time>
      </trkpt>
      <trkpt lat="50.542226" lon="8.955317">
        <ele>207.017095</ele>
        <time>2026-07-21T21:12:49.232Z</time>
      </trkpt>
      <trkpt lat="50.543037" lon="8.955590">
        <ele>202.447911</ele>
        <time>2026-07-21T21:12:56.935Z</time>
      </trkpt>
      <trkpt lat="50.543737" lon="8.955913">
        <ele>198.240748</ele>
        <time>2026-07-21T21:13:03.604Z</time>
      </trkpt>
      <trkpt lat="50.543932" lon="8.955986">
        <ele>197.672884</ele>
        <time>2026-07-21T21:13:05.887Z</time>
      </trkpt>
      <trkpt lat="50.544076" lon="8.956030">
        <ele>197.367124</ele>
        <time>2026-07-21T21:13:07.461Z</time>
      </trkpt>
      <trkpt lat="50.544287" lon="8.955986">
        <ele>196.839498</ele>
        <time>2026-07-21T21:13:09.660Z</time>
      </trkpt>
      <trkpt lat="50.544615" lon="8.955704">
        <ele>196.137311</ele>
        <time>2026-07-21T21:13:13.894Z</time>
      </trkpt>
      <trkpt lat="50.544717" lon="8.955627">
        <ele>195.907353</ele>
        <time>2026-07-21T21:13:15.250Z</time>
      </trkpt>
      <trkpt lat="50.545202" lon="8.955553">
        <ele>194.809738</ele>
        <time>2026-07-21T21:13:20.417Z</time>
      </trkpt>
      <trkpt lat="50.545988" lon="8.955526">
        <ele>192.996404</ele>
        <time>2026-07-21T21:13:28.883Z</time>
      </trkpt>
      <trkpt lat="50.546319" lon="8.955530">
        <ele>192.216236</ele>
        <time>2026-07-21T21:13:32.351Z</time>
      </trkpt>
      <trkpt lat="50.546644" lon="8.955611">
        <ele>191.529115</ele>
        <time>2026-07-21T21:13:35.985Z</time>
      </trkpt>
      <trkpt lat="50.546710" lon="8.955642">
        <ele>191.441626</ele>
        <time>2026-07-21T21:13:36.765Z</time>
      </trkpt>
      <trkpt lat="50.546726" lon="8.955649">
        <ele>191.423833</ele>
        <time>2026-07-21T21:13:36.956Z</time>
      </trkpt>
      <trkpt lat="50.546896" lon="8.955763">
        <ele>191.267147</ele>
        <time>2026-07-21T21:13:39.271Z</time>
      </trkpt>
      <trkpt lat="50.547324" lon="8.956098">
        <ele>191.473631</ele>
        <time>2026-07-21T21:13:47.369Z</time>
      </trkpt>
      <trkpt lat="50.547459" lon="8.956209">
        <ele>191.511336</ele>
        <time>2026-07-21T21:13:49.601Z</time>
      </trkpt>
      <trkpt lat="50.547672" lon="8.956384">
        <ele>191.607348</ele>
        <time>2026-07-21T21:13:53.395Z</time>
      </trkpt>
      <trkpt lat="50.547755" lon="8.956581">
        <ele>191.715640</ele>
        <time>2026-07-21T21:13:56.070Z</time>
      </trkpt>
      <trkpt lat="50.547839" lon="8.956521">
        <ele>191.805350</ele>
        <time>2026-07-21T21:13:57.808Z</time>
      </trkpt>
      <trkpt lat="50.547892" lon="8.956499">
        <ele>191.910348</ele>
        <time>2026-07-21T21:13:58.947Z</time>
      </trkpt>
      <trkpt lat="50.548264" lon="8.956397">
        <ele>192.749899</ele>
        <time>2026-07-21T21:14:08.347Z</time>
      </trkpt>
      <trkpt lat="50.548319" lon="8.956369">
        <ele>192.727531</ele>
        <time>2026-07-21T21:14:09.497Z</time>
      </trkpt>
      <trkpt lat="50.548454" lon="8.956263">
        <ele>192.669151</ele>
        <time>2026-07-21T21:14:11.406Z</time>
      </trkpt>
      <trkpt lat="50.548508" lon="8.956206">
        <ele>192.542017</ele>
        <time>2026-07-21T21:14:12.102Z</time>
      </trkpt>
      <trkpt lat="50.548625" lon="8.955851">
        <ele>192.046278</ele>
        <time>2026-07-21T21:14:14.777Z</time>
      </trkpt>
      <trkpt lat="50.548721" lon="8.955493">
        <ele>191.854056</ele>
        <time>2026-07-21T21:14:18.319Z</time>
      </trkpt>
      <trkpt lat="50.548744" lon="8.955413">
        <ele>191.829021</ele>
        <time>2026-07-21T21:14:19.070Z</time>
      </trkpt>
      <trkpt lat="50.548913" lon="8.954801">
        <ele>191.377743</ele>
        <time>2026-07-21T21:14:24.053Z</time>
      </trkpt>
      <trkpt lat="50.548945" lon="8.954683">
        <ele>191.310195</ele>
        <time>2026-07-21T21:14:25.085Z</time>
      </trkpt>
      <trkpt lat="50.549004" lon="8.954478">
        <ele>191.311917</ele>
        <time>2026-07-21T21:14:27.237Z</time>
      </trkpt>
      <trkpt lat="50.549209" lon="8.953790">
        <ele>191.519944</ele>
        <time>2026-07-21T21:14:34.976Z</time>
      </trkpt>
      <trkpt lat="50.549517" lon="8.952725">
        <ele>193.370668</ele>
        <time>2026-07-21T21:14:53.950Z</time>
      </trkpt>
      <trkpt lat="50.549613" lon="8.952309">
        <ele>193.774002</ele>
        <time>2026-07-21T21:14:59.924Z</time>
      </trkpt>
      <trkpt lat="50.549882" lon="8.951379">
        <ele>193.734793</ele>
        <time>2026-07-21T21:15:09.026Z</time>
      </trkpt>
      <trkpt lat="50.549924" lon="8.951251">
        <ele>193.776770</ele>
        <time>2026-07-21T21:15:10.560Z</time>
      </trkpt>
      <trkpt lat="50.550045" lon="8.950796">
        <ele>194.113731</ele>
        <time>2026-07-21T21:15:16.611Z</time>
      </trkpt>
      <trkpt lat="50.550064" lon="8.950710">
        <ele>194.205854</ele>
        <time>2026-07-21T21:15:17.842Z</time>
      </trkpt>
      <trkpt lat="50.550084" lon="8.950627">
        <ele>194.296731</ele>
        <time>2026-07-21T21:15:19.107Z</time>
      </trkpt>
      <trkpt lat="50.550156" lon="8.950369">
        <ele>194.460494</ele>
        <time>2026-07-21T21:15:22.938Z</time>
      </trkpt>
      <trkpt lat="50.550851" lon="8.947938">
        <ele>193.850204</ele>
        <time>2026-07-21T21:15:45.707Z</time>
      </trkpt>
      <trkpt lat="50.550991" lon="8.947278">
        <ele>193.320385</ele>
        <time>2026-07-21T21:15:50.735Z</time>
      </trkpt>
      <trkpt lat="50.551241" lon="8.944719">
        <ele>195.023176</ele>
        <time>2026-07-21T21:16:22.486Z</time>
      </trkpt>
      <trkpt lat="50.551377" lon="8.943926">
        <ele>195.884314</ele>
        <time>2026-07-21T21:16:33.637Z</time>
      </trkpt>
      <trkpt lat="50.551544" lon="8.943139">
        <ele>196.664333</ele>
        <time>2026-07-21T21:16:44.857Z</time>
      </trkpt>
      <trkpt lat="50.551577" lon="8.942986">
        <ele>196.721032</ele>
        <time>2026-07-21T21:16:46.739Z</time>
      </trkpt>
      <trkpt lat="50.551678" lon="8.942300">
        <ele>196.530346</ele>
        <time>2026-07-21T21:16:52.413Z</time>
      </trkpt>
      <trkpt lat="50.551727" lon="8.941702">
        <ele>196.563595</ele>
        <time>2026-07-21T21:16:58.187Z</time>
      </trkpt>
      <trkpt lat="50.551796" lon="8.939901">
        <ele>198.569524</ele>
        <time>2026-07-21T21:17:23.740Z</time>
      </trkpt>
      <trkpt lat="50.551813" lon="8.938940">
        <ele>199.167156</ele>
        <time>2026-07-21T21:17:34.587Z</time>
      </trkpt>
      <trkpt lat="50.551830" lon="8.938371">
        <ele>199.840496</ele>
        <time>2026-07-21T21:17:43.262Z</time>
      </trkpt>
      <trkpt lat="50.551850" lon="8.937643">
        <ele>200.635608</ele>
        <time>2026-07-21T21:17:52.198Z</time>
      </trkpt>
      <trkpt lat="50.551875" lon="8.936799">
        <ele>202.635797</ele>
        <time>2026-07-21T21:18:09.177Z</time>
      </trkpt>
      <trkpt lat="50.551888" lon="8.936301">
        <ele>203.546818</ele>
        <time>2026-07-21T21:18:17.767Z</time>
      </trkpt>
      <trkpt lat="50.551894" lon="8.935821">
        <ele>203.983590</ele>
        <time>2026-07-21T21:18:24.199Z</time>
      </trkpt>
      <trkpt lat="50.551916" lon="8.935127">
        <ele>203.849632</ele>
        <time>2026-07-21T21:18:30.073Z</time>
      </trkpt>
      <trkpt lat="50.551942" lon="8.934429">
        <ele>203.072159</ele>
        <time>2026-07-21T21:18:35.239Z</time>
      </trkpt>
      <trkpt lat="50.551961" lon="8.933789">
        <ele>201.222559</ele>
        <time>2026-07-21T21:18:39.031Z</time>
      </trkpt>
      <trkpt lat="50.551974" lon="8.932259">
        <ele>197.607027</ele>
        <time>2026-07-21T21:18:48.700Z</time>
      </trkpt>
      <trkpt lat="50.551972" lon="8.932221">
        <ele>197.521004</ele>
        <time>2026-07-21T21:18:48.941Z</time>
      </trkpt>
      <trkpt lat="50.551913" lon="8.931069">
        <ele>195.137279</ele>
        <time>2026-07-21T21:18:56.373Z</time>
      </trkpt>
      <trkpt lat="50.551703" lon="8.928465">
        <ele>191.943687</ele>
        <time>2026-07-21T21:19:14.672Z</time>
      </trkpt>
      <trkpt lat="50.551596" lon="8.927162">
        <ele>191.548015</ele>
        <time>2026-07-21T21:19:26.244Z</time>
      </trkpt>
      <trkpt lat="50.551361" lon="8.924257">
        <ele>188.958480</ele>
        <time>2026-07-21T21:19:48.011Z</time>
      </trkpt>
      <trkpt lat="50.551310" lon="8.923530">
        <ele>188.035740</ele>
        <time>2026-07-21T21:19:53.036Z</time>
      </trkpt>
      <trkpt lat="50.551165" lon="8.921773">
        <ele>185.989110</ele>
        <time>2026-07-21T21:20:05.593Z</time>
      </trkpt>
      <trkpt lat="50.551108" lon="8.921036">
        <ele>185.134491</ele>
        <time>2026-07-21T21:20:10.840Z</time>
      </trkpt>
      <trkpt lat="50.551029" lon="8.920061">
        <ele>184.377366</ele>
        <time>2026-07-21T21:20:18.248Z</time>
      </trkpt>
      <trkpt lat="50.550914" lon="8.918721">
        <ele>184.055201</ele>
        <time>2026-07-21T21:20:30.100Z</time>
      </trkpt>
      <trkpt lat="50.550826" lon="8.917651">
        <ele>183.379364</ele>
        <time>2026-07-21T21:20:38.329Z</time>
      </trkpt>
      <trkpt lat="50.550822" lon="8.917606">
        <ele>183.383578</ele>
        <time>2026-07-21T21:20:38.707Z</time>
      </trkpt>
      <trkpt lat="50.550741" lon="8.916772">
        <ele>183.503501</ele>
        <time>2026-07-21T21:20:47.422Z</time>
      </trkpt>
      <trkpt lat="50.550725" lon="8.916641">
        <ele>183.569844</ele>
        <time>2026-07-21T21:20:49.019Z</time>
      </trkpt>
      <trkpt lat="50.550713" lon="8.916557">
        <ele>183.655686</ele>
        <time>2026-07-21T21:20:50.054Z</time>
      </trkpt>
      <trkpt lat="50.550684" lon="8.916360">
        <ele>183.857306</ele>
        <time>2026-07-21T21:20:52.614Z</time>
      </trkpt>
      <trkpt lat="50.550513" lon="8.915564">
        <ele>185.364728</ele>
        <time>2026-07-21T21:21:07.314Z</time>
      </trkpt>
      <trkpt lat="50.550463" lon="8.915402">
        <ele>185.529987</ele>
        <time>2026-07-21T21:21:09.251Z</time>
      </trkpt>
      <trkpt lat="50.550213" lon="8.914773">
        <ele>186.406722</ele>
        <time>2026-07-21T21:21:19.321Z</time>
      </trkpt>
      <trkpt lat="50.549998" lon="8.914411">
        <ele>187.602976</ele>
        <time>2026-07-21T21:21:29.932Z</time>
      </trkpt>
      <trkpt lat="50.549763" lon="8.914065">
        <ele>188.248847</ele>
        <time>2026-07-21T21:21:36.150Z</time>
      </trkpt>
      <trkpt lat="50.549507" lon="8.913766">
        <ele>189.354695</ele>
        <time>2026-07-21T21:21:45.802Z</time>
      </trkpt>
      <trkpt lat="50.549184" lon="8.913491">
        <ele>190.450085</ele>
        <time>2026-07-21T21:21:55.980Z</time>
      </trkpt>
      <trkpt lat="50.547464" lon="8.912503">
        <ele>193.762752</ele>
        <time>2026-07-21T21:22:36.598Z</time>
      </trkpt>
      <trkpt lat="50.547094" lon="8.912177">
        <ele>192.912067</ele>
        <time>2026-07-21T21:22:41.134Z</time>
      </trkpt>
      <trkpt lat="50.546779" lon="8.911824">
        <ele>192.102705</ele>
        <time>2026-07-21T21:22:45.300Z</time>
      </trkpt>
      <trkpt lat="50.546426" lon="8.911278">
        <ele>191.205348</ele>
        <time>2026-07-21T21:22:50.742Z</time>
      </trkpt>
      <trkpt lat="50.546154" lon="8.910681">
        <ele>191.204637</ele>
        <time>2026-07-21T21:22:58.242Z</time>
      </trkpt>
      <trkpt lat="50.545391" lon="8.908578">
        <ele>191.951028</ele>
        <time>2026-07-21T21:23:23.170Z</time>
      </trkpt>
      <trkpt lat="50.547257" lon="8.907193">
        <ele>202.372814</ele>
        <time>2026-07-21T21:24:36.453Z</time>
      </trkpt>
      <trkpt lat="50.547523" lon="8.907186">
        <ele>203.565535</ele>
        <time>2026-07-21T21:24:45.227Z</time>
      </trkpt>
      <trkpt lat="50.548046" lon="8.907315">
        <ele>205.397874</ele>
        <time>2026-07-21T21:25:00.373Z</time>
      </trkpt>
      <trkpt lat="50.548487" lon="8.907423">
        <ele>206.820221</ele>
        <time>2026-07-21T21:25:12.836Z</time>
      </trkpt>
      <trkpt lat="50.548696" lon="8.907448">
        <ele>207.245040</ele>
        <time>2026-07-21T21:25:17.563Z</time>
      </trkpt>
      <trkpt lat="50.548931" lon="8.907401">
        <ele>207.399673</ele>
        <time>2026-07-21T21:25:22.016Z</time>
      </trkpt>
      <trkpt lat="50.549544" lon="8.907118">
        <ele>207.023230</ele>
        <time>2026-07-21T21:25:30.232Z</time>
      </trkpt>
      <trkpt lat="50.549565" lon="8.907109">
        <ele>206.976221</ele>
        <time>2026-07-21T21:25:30.468Z</time>
      </trkpt>
      <trkpt lat="50.550031" lon="8.906961">
        <ele>205.815912</ele>
        <time>2026-07-21T21:25:35.405Z</time>
      </trkpt>
      <trkpt lat="50.550759" lon="8.906950">
        <ele>204.717223</ele>
        <time>2026-07-21T21:25:43.725Z</time>
      </trkpt>
      <trkpt lat="50.551602" lon="8.906947">
        <ele>205.044188</ele>
        <time>2026-07-21T21:25:58.710Z</time>
      </trkpt>
      <trkpt lat="50.554142" lon="8.906706">
        <ele>202.421122</ele>
        <time>2026-07-21T21:26:29.473Z</time>
      </trkpt>
      <trkpt lat="50.554367" lon="8.906682">
        <ele>201.918740</ele>
        <time>2026-07-21T21:26:31.828Z</time>
      </trkpt>
      <trkpt lat="50.554679" lon="8.906629">
        <ele>201.317274</ele>
        <time>2026-07-21T21:26:35.241Z</time>
      </trkpt>
      <trkpt lat="50.555017" lon="8.906519">
        <ele>201.333435</ele>
        <time>2026-07-21T21:26:41.675Z</time>
      </trkpt>
      <trkpt lat="50.555443" lon="8.906372">
        <ele>200.519845</ele>
        <time>2026-07-21T21:26:46.335Z</time>
      </trkpt>
      <trkpt lat="50.555748" lon="8.906279">
        <ele>199.934427</ele>
        <time>2026-07-21T21:26:49.798Z</time>
      </trkpt>
      <trkpt lat="50.556494" lon="8.906095">
        <ele>199.254221</ele>
        <time>2026-07-21T21:26:59.310Z</time>
      </trkpt>
      <trkpt lat="50.557091" lon="8.905995">
        <ele>198.346241</ele>
        <time>2026-07-21T21:27:06.141Z</time>
      </trkpt>
      <trkpt lat="50.557503" lon="8.905965">
        <ele>196.978952</ele>
        <time>2026-07-21T21:27:10.313Z</time>
      </trkpt>
      <trkpt lat="50.557911" lon="8.906026">
        <ele>195.068564</ele>
        <time>2026-07-21T21:27:14.334Z</time>
      </trkpt>
      <trkpt lat="50.558212" lon="8.906078">
        <ele>192.390859</ele>
        <time>2026-07-21T21:27:16.937Z</time>
      </trkpt>
      <trkpt lat="50.558230" lon="8.906081">
        <ele>192.283768</ele>
        <time>2026-07-21T21:27:17.090Z</time>
      </trkpt>
      <trkpt lat="50.558393" lon="8.906102">
        <ele>191.316170</ele>
        <time>2026-07-21T21:27:18.608Z</time>
      </trkpt>
      <trkpt lat="50.558495" lon="8.906113">
        <ele>190.961959</ele>
        <time>2026-07-21T21:27:19.618Z</time>
      </trkpt>
      <trkpt lat="50.559006" lon="8.906132">
        <ele>190.191647</ele>
        <time>2026-07-21T21:27:25.547Z</time>
      </trkpt>
      <trkpt lat="50.559128" lon="8.906138">
        <ele>190.152437</ele>
        <time>2026-07-21T21:27:27.488Z</time>
      </trkpt>
      <trkpt lat="50.559265" lon="8.906171">
        <ele>190.326578</ele>
        <time>2026-07-21T21:27:30.082Z</time>
      </trkpt>
      <trkpt lat="50.559659" lon="8.906772">
        <ele>191.244423</ele>
        <time>2026-07-21T21:27:42.079Z</time>
      </trkpt>
      <trkpt lat="50.559799" lon="8.906819">
        <ele>191.603409</ele>
        <time>2026-07-21T21:27:45.797Z</time>
      </trkpt>
      <trkpt lat="50.559890" lon="8.906766">
        <ele>191.776264</ele>
        <time>2026-07-21T21:27:48.218Z</time>
      </trkpt>
      <trkpt lat="50.559915" lon="8.906713">
        <ele>191.819202</ele>
        <time>2026-07-21T21:27:49.090Z</time>
      </trkpt>
      <trkpt lat="50.559942" lon="8.906496">
        <ele>191.954860</ele>
        <time>2026-07-21T21:27:51.207Z</time>
      </trkpt>
      <trkpt lat="50.559900" lon="8.905904">
        <ele>191.701486</ele>
        <time>2026-07-21T21:27:56.127Z</time>
      </trkpt>
      <trkpt lat="50.559896" lon="8.905847">
        <ele>191.672945</ele>
        <time>2026-07-21T21:27:56.570Z</time>
      </trkpt>
      <trkpt lat="50.559879" lon="8.905587">
        <ele>191.505911</ele>
        <time>2026-07-21T21:27:58.544Z</time>
      </trkpt>
      <trkpt lat="50.559827" lon="8.905280">
        <ele>191.344139</ele>
        <time>2026-07-21T21:28:00.994Z</time>
      </trkpt>
      <trkpt lat="50.559800" lon="8.905146">
        <ele>191.290216</ele>
        <time>2026-07-21T21:28:02.184Z</time>
      </trkpt>
      <trkpt lat="50.559629" lon="8.904408">
        <ele>191.886976</ele>
        <time>2026-07-21T21:28:12.278Z</time>
      </trkpt>
      <trkpt lat="50.559447" lon="8.903584">
        <ele>192.544775</ele>
        <time>2026-07-21T21:28:23.033Z</time>
      </trkpt>
      <trkpt lat="50.559422" lon="8.903445">
        <ele>192.675327</ele>
        <time>2026-07-21T21:28:25.027Z</time>
      </trkpt>
      <trkpt lat="50.559372" lon="8.903077">
        <ele>193.034266</ele>
        <time>2026-07-21T21:28:29.624Z</time>
      </trkpt>
      <trkpt lat="50.559334" lon="8.902736">
        <ele>193.516359</ele>
        <time>2026-07-21T21:28:35.030Z</time>
      </trkpt>
      <trkpt lat="50.559317" lon="8.902118">
        <ele>194.473428</ele>
        <time>2026-07-21T21:28:45.151Z</time>
      </trkpt>
      <trkpt lat="50.559374" lon="8.901584">
        <ele>194.653018</ele>
        <time>2026-07-21T21:28:50.500Z</time>
      </trkpt>
      <trkpt lat="50.559519" lon="8.901022">
        <ele>194.967604</ele>
        <time>2026-07-21T21:28:57.519Z</time>
      </trkpt>
      <trkpt lat="50.559607" lon="8.900859">
        <ele>194.968861</ele>
        <time>2026-07-21T21:28:59.899Z</time>
      </trkpt>
      <trkpt lat="50.559693" lon="8.900764">
        <ele>194.949009</ele>
        <time>2026-07-21T21:29:01.259Z</time>
      </trkpt>
      <trkpt lat="50.559744" lon="8.900731">
        <ele>194.898002</ele>
        <time>2026-07-21T21:29:01.913Z</time>
      </trkpt>
      <trkpt lat="50.560037" lon="8.900530">
        <ele>194.468140</ele>
        <time>2026-07-21T21:29:05.826Z</time>
      </trkpt>
      <trkpt lat="50.560448" lon="8.900243">
        <ele>192.799726</ele>
        <time>2026-07-21T21:29:10.254Z</time>
      </trkpt>
      <trkpt lat="50.560801" lon="8.899993">
        <ele>190.948651</ele>
        <time>2026-07-21T21:29:13.811Z</time>
      </trkpt>
      <trkpt lat="50.560848" lon="8.899957">
        <ele>190.804315</ele>
        <time>2026-07-21T21:29:14.429Z</time>
      </trkpt>
      <trkpt lat="50.561047" lon="8.899782">
        <ele>190.918857</ele>
        <time>2026-07-21T21:29:19.472Z</time>
      </trkpt>
      <trkpt lat="50.561271" lon="8.899480">
        <ele>191.471218</ele>
        <time>2026-07-21T21:29:26.291Z</time>
      </trkpt>
      <trkpt lat="50.561447" lon="8.899161">
        <ele>191.865487</ele>
        <time>2026-07-21T21:29:31.304Z</time>
      </trkpt>
      <trkpt lat="50.561717" lon="8.898543">
        <ele>192.933665</ele>
        <time>2026-07-21T21:29:43.276Z</time>
      </trkpt>
      <trkpt lat="50.561802" lon="8.898347">
        <ele>193.188721</ele>
        <time>2026-07-21T21:29:46.446Z</time>
      </trkpt>
      <trkpt lat="50.561921" lon="8.898091">
        <ele>193.365136</ele>
        <time>2026-07-21T21:29:49.902Z</time>
      </trkpt>
      <trkpt lat="50.562070" lon="8.897846">
        <ele>193.305841</ele>
        <time>2026-07-21T21:29:53.318Z</time>
      </trkpt>
      <trkpt lat="50.562163" lon="8.897717">
        <ele>192.975687</ele>
        <time>2026-07-21T21:29:54.641Z</time>
      </trkpt>
      <trkpt lat="50.562576" lon="8.897369">
        <ele>191.536080</ele>
        <time>2026-07-21T21:29:59.272Z</time>
      </trkpt>
      <trkpt lat="50.562975" lon="8.897191">
        <ele>190.900878</ele>
        <time>2026-07-21T21:30:04.268Z</time>
      </trkpt>
      <trkpt lat="50.563310" lon="8.897144">
        <ele>190.518190</ele>
        <time>2026-07-21T21:30:08.257Z</time>
      </trkpt>
      <trkpt lat="50.563993" lon="8.897204">
        <ele>190.026530</ele>
        <time>2026-07-21T21:30:16.895Z</time>
      </trkpt>
      <trkpt lat="50.564630" lon="8.897303">
        <ele>190.034201</ele>
        <time>2026-07-21T21:30:26.598Z</time>
      </trkpt>
      <trkpt lat="50.565598" lon="8.897451">
        <ele>190.716664</ele>
        <time>2026-07-21T21:30:43.696Z</time>
      </trkpt>
      <trkpt lat="50.566095" lon="8.897499">
        <ele>191.326347</ele>
        <time>2026-07-21T21:30:53.464Z</time>
      </trkpt>
      <trkpt lat="50.566555" lon="8.897445">
        <ele>192.011376</ele>
        <time>2026-07-21T21:31:03.492Z</time>
      </trkpt>
      <trkpt lat="50.567055" lon="8.897265">
        <ele>192.278989</ele>
        <time>2026-07-21T21:31:12.022Z</time>
      </trkpt>
      <trkpt lat="50.567443" lon="8.896994">
        <ele>192.335540</ele>
        <time>2026-07-21T21:31:18.037Z</time>
      </trkpt>
      <trkpt lat="50.567701" lon="8.896706">
        <ele>192.526742</ele>
        <time>2026-07-21T21:31:23.917Z</time>
      </trkpt>
      <trkpt lat="50.567807" lon="8.896554">
        <ele>192.575113</ele>
        <time>2026-07-21T21:31:26.507Z</time>
      </trkpt>
      <trkpt lat="50.567946" lon="8.896312">
        <ele>192.479927</ele>
        <time>2026-07-21T21:31:29.145Z</time>
      </trkpt>
      <trkpt lat="50.568075" lon="8.896016">
        <ele>192.308025</ele>
        <time>2026-07-21T21:31:31.863Z</time>
      </trkpt>
      <trkpt lat="50.568229" lon="8.895557">
        <ele>192.445222</ele>
        <time>2026-07-21T21:31:37.240Z</time>
      </trkpt>
      <trkpt lat="50.568659" lon="8.893659">
        <ele>194.991468</ele>
        <time>2026-07-21T21:32:06.896Z</time>
      </trkpt>
      <trkpt lat="50.568783" lon="8.893193">
        <ele>195.600259</ele>
        <time>2026-07-21T21:32:14.052Z</time>
      </trkpt>
      <trkpt lat="50.568900" lon="8.892907">
        <ele>196.015129</ele>
        <time>2026-07-21T21:32:18.861Z</time>
      </trkpt>
      <trkpt lat="50.569041" lon="8.892653">
        <ele>196.500753</ele>
        <time>2026-07-21T21:32:23.903Z</time>
      </trkpt>
      <trkpt lat="50.569202" lon="8.892435">
        <ele>197.004633</ele>
        <time>2026-07-21T21:32:29.087Z</time>
      </trkpt>
      <trkpt lat="50.569445" lon="8.892213">
        <ele>197.696429</ele>
        <time>2026-07-21T21:32:36.111Z</time>
      </trkpt>
      <trkpt lat="50.569595" lon="8.892119">
        <ele>198.085409</ele>
        <time>2026-07-21T21:32:40.209Z</time>
      </trkpt>
      <trkpt lat="50.570478" lon="8.891740">
        <ele>199.978778</ele>
        <time>2026-07-21T21:33:01.130Z</time>
      </trkpt>
      <trkpt lat="50.570805" lon="8.891490">
        <ele>200.572609</ele>
        <time>2026-07-21T21:33:08.487Z</time>
      </trkpt>
      <trkpt lat="50.571408" lon="8.890811">
        <ele>202.523724</ele>
        <time>2026-07-21T21:33:27.716Z</time>
      </trkpt>
      <trkpt lat="50.571982" lon="8.890126">
        <ele>205.066601</ele>
        <time>2026-07-21T21:33:47.699Z</time>
      </trkpt>
      <trkpt lat="50.572234" lon="8.889743">
        <ele>207.819217</ele>
        <time>2026-07-21T21:34:04.381Z</time>
      </trkpt>
      <trkpt lat="50.572572" lon="8.889127">
        <ele>212.960369</ele>
        <time>2026-07-21T21:34:33.437Z</time>
      </trkpt>
      <trkpt lat="50.572852" lon="8.888757">
        <ele>216.121796</ele>
        <time>2026-07-21T21:34:51.891Z</time>
      </trkpt>
      <trkpt lat="50.573323" lon="8.888361">
        <ele>219.227768</ele>
        <time>2026-07-21T21:35:12.265Z</time>
      </trkpt>
      <trkpt lat="50.574063" lon="8.887757">
        <ele>219.798011</ele>
        <time>2026-07-21T21:35:26.357Z</time>
      </trkpt>
      <trkpt lat="50.574469" lon="8.887442">
        <ele>219.962281</ele>
        <time>2026-07-21T21:35:33.744Z</time>
      </trkpt>
      <trkpt lat="50.574813" lon="8.887335">
        <ele>219.873234</ele>
        <time>2026-07-21T21:35:38.559Z</time>
      </trkpt>
      <trkpt lat="50.575158" lon="8.887385">
        <ele>219.659088</ele>
        <time>2026-07-21T21:35:43.022Z</time>
      </trkpt>
      <trkpt lat="50.575237" lon="8.887389">
        <ele>219.666621</ele>
        <time>2026-07-21T21:35:44.077Z</time>
      </trkpt>
      <trkpt lat="50.575494" lon="8.887353">
        <ele>220.071155</ele>
        <time>2026-07-21T21:35:49.270Z</time>
      </trkpt>
      <trkpt lat="50.575711" lon="8.887262">
        <ele>220.534936</ele>
        <time>2026-07-21T21:35:55.589Z</time>
      </trkpt>
      <trkpt lat="50.575668" lon="8.887120">
        <ele>220.604287</ele>
        <time>2026-07-21T21:35:57.218Z</time>
      </trkpt>
      <trkpt lat="50.575647" lon="8.886926">
        <ele>220.628129</ele>
        <time>2026-07-21T21:35:58.819Z</time>
      </trkpt>
      <trkpt lat="50.575667" lon="8.886762">
        <ele>220.591343</ele>
        <time>2026-07-21T21:36:00.248Z</time>
      </trkpt>
      <trkpt lat="50.575755" lon="8.886437">
        <ele>220.401256</ele>
        <time>2026-07-21T21:36:03.140Z</time>
      </trkpt>
      <trkpt lat="50.576165" lon="8.885271">
        <ele>218.409462</ele>
        <time>2026-07-21T21:36:12.144Z</time>
      </trkpt>
      <trkpt lat="50.576428" lon="8.884647">
        <ele>217.277383</ele>
        <time>2026-07-21T21:36:17.234Z</time>
      </trkpt>
      <trkpt lat="50.576847" lon="8.883632">
        <ele>215.213093</ele>
        <time>2026-07-21T21:36:25.243Z</time>
      </trkpt>
      <trkpt lat="50.577003" lon="8.883146">
        <ele>214.387634</ele>
        <time>2026-07-21T21:36:28.904Z</time>
      </trkpt>
      <trkpt lat="50.577105" lon="8.882611">
        <ele>213.517894</ele>
        <time>2026-07-21T21:36:32.709Z</time>
      </trkpt>
      <trkpt lat="50.577131" lon="8.882087">
        <ele>212.845492</ele>
        <time>2026-07-21T21:36:36.326Z</time>
      </trkpt>
      <trkpt lat="50.577093" lon="8.881584">
        <ele>212.397386</ele>
        <time>2026-07-21T21:36:40.033Z</time>
      </trkpt>
      <trkpt lat="50.577028" lon="8.881248">
        <ele>212.118219</ele>
        <time>2026-07-21T21:36:42.763Z</time>
      </trkpt>
      <trkpt lat="50.576926" lon="8.880887">
        <ele>211.900235</ele>
        <time>2026-07-21T21:36:45.837Z</time>
      </trkpt>
      <trkpt lat="50.576575" lon="8.880061">
        <ele>211.351490</ele>
        <time>2026-07-21T21:36:53.918Z</time>
      </trkpt>
      <trkpt lat="50.575664" lon="8.878154">
        <ele>207.626817</ele>
        <time>2026-07-21T21:37:09.953Z</time>
      </trkpt>
      <trkpt lat="50.575471" lon="8.877732">
        <ele>206.457726</ele>
        <time>2026-07-21T21:37:13.204Z</time>
      </trkpt>
      <trkpt lat="50.575378" lon="8.877475">
        <ele>205.913451</ele>
        <time>2026-07-21T21:37:15.136Z</time>
      </trkpt>
      <trkpt lat="50.575260" lon="8.877015">
        <ele>205.188372</ele>
        <time>2026-07-21T21:37:18.558Z</time>
      </trkpt>
      <trkpt lat="50.575225" lon="8.876823">
        <ele>204.891380</ele>
        <time>2026-07-21T21:37:19.927Z</time>
      </trkpt>
      <trkpt lat="50.575190" lon="8.876294">
        <ele>204.038475</ele>
        <time>2026-07-21T21:37:23.433Z</time>
      </trkpt>
      <trkpt lat="50.575231" lon="8.875297">
        <ele>202.770926</ele>
        <time>2026-07-21T21:37:30.321Z</time>
      </trkpt>
      <trkpt lat="50.575659" lon="8.869359">
        <ele>203.029849</ele>
        <time>2026-07-21T21:38:28.213Z</time>
      </trkpt>
      <trkpt lat="50.575640" lon="8.867497">
        <ele>203.812776</ele>
        <time>2026-07-21T21:38:48.928Z</time>
      </trkpt>
      <trkpt lat="50.575605" lon="8.866803">
        <ele>204.197285</ele>
        <time>2026-07-21T21:38:57.000Z</time>
      </trkpt>
      <trkpt lat="50.575560" lon="8.866442">
        <ele>204.362160</ele>
        <time>2026-07-21T21:39:01.501Z</time>
      </trkpt>
      <trkpt lat="50.575356" lon="8.865690">
        <ele>204.555068</ele>
        <time>2026-07-21T21:39:09.687Z</time>
      </trkpt>
      <trkpt lat="50.575277" lon="8.865457">
        <ele>204.555248</ele>
        <time>2026-07-21T21:39:11.953Z</time>
      </trkpt>
      <trkpt lat="50.575191" lon="8.865142">
        <ele>204.530578</ele>
        <time>2026-07-21T21:39:15.368Z</time>
      </trkpt>
      <trkpt lat="50.575123" lon="8.864751">
        <ele>204.426530</ele>
        <time>2026-07-21T21:39:18.747Z</time>
      </trkpt>
      <trkpt lat="50.575042" lon="8.863635">
        <ele>204.215310</ele>
        <time>2026-07-21T21:39:28.737Z</time>
      </trkpt>
      <trkpt lat="50.575019" lon="8.861423">
        <ele>204.319792</ele>
        <time>2026-07-21T21:39:49.829Z</time>
      </trkpt>
      <trkpt lat="50.575031" lon="8.860722">
        <ele>204.570134</ele>
        <time>2026-07-21T21:39:57.482Z</time>
      </trkpt>
      <trkpt lat="50.575536" lon="8.857035">
        <ele>204.048185</ele>
        <time>2026-07-21T21:40:30.967Z</time>
      </trkpt>
      <trkpt lat="50.575695" lon="8.855934">
        <ele>204.528477</ele>
        <time>2026-07-21T21:40:43.704Z</time>
      </trkpt>
      <trkpt lat="50.575854" lon="8.855100">
        <ele>205.290225</ele>
        <time>2026-07-21T21:40:55.113Z</time>
      </trkpt>
      <trkpt lat="50.576645" lon="8.852385">
        <ele>207.728113</ele>
        <time>2026-07-21T21:41:33.154Z</time>
      </trkpt>
      <trkpt lat="50.576785" lon="8.851814">
        <ele>207.786849</ele>
        <time>2026-07-21T21:41:38.577Z</time>
      </trkpt>
      <trkpt lat="50.576808" lon="8.851449">
        <ele>207.962314</ele>
        <time>2026-07-21T21:41:43.169Z</time>
      </trkpt>
      <trkpt lat="50.576810" lon="8.851391">
        <ele>207.998413</ele>
        <time>2026-07-21T21:41:43.926Z</time>
      </trkpt>
      <trkpt lat="50.577024" lon="8.851288">
        <ele>208.031662</ele>
        <time>2026-07-21T21:41:47.734Z</time>
      </trkpt>
      <trkpt lat="50.577255" lon="8.851032">
        <ele>207.491691</ele>
        <time>2026-07-21T21:41:50.722Z</time>
      </trkpt>
      <trkpt lat="50.577658" lon="8.850528">
        <ele>206.193274</ele>
        <time>2026-07-21T21:41:56.127Z</time>
      </trkpt>
      <trkpt lat="50.577863" lon="8.850255">
        <ele>205.888023</ele>
        <time>2026-07-21T21:41:59.400Z</time>
      </trkpt>
      <trkpt lat="50.578004" lon="8.850018">
        <ele>205.728693</ele>
        <time>2026-07-21T21:42:02.058Z</time>
      </trkpt>
      <trkpt lat="50.578120" lon="8.849710">
        <ele>205.640849</ele>
        <time>2026-07-21T21:42:05.103Z</time>
      </trkpt>
      <trkpt lat="50.578248" lon="8.849265">
        <ele>205.635871</ele>
        <time>2026-07-21T21:42:10.109Z</time>
      </trkpt>
      <trkpt lat="50.578361" lon="8.849016">
        <ele>205.480125</ele>
        <time>2026-07-21T21:42:12.498Z</time>
      </trkpt>
      <trkpt lat="50.578822" lon="8.848406">
        <ele>204.835210</ele>
        <time>2026-07-21T21:42:19.509Z</time>
      </trkpt>
      <trkpt lat="50.579056" lon="8.847970">
        <ele>205.155800</ele>
        <time>2026-07-21T21:42:26.772Z</time>
      </trkpt>
      <trkpt lat="50.579503" lon="8.847223">
        <ele>205.293283</ele>
        <time>2026-07-21T21:42:37.055Z</time>
      </trkpt>
      <trkpt lat="50.579549" lon="8.847110">
        <ele>205.299806</ele>
        <time>2026-07-21T21:42:38.343Z</time>
      </trkpt>
      <trkpt lat="50.579608" lon="8.846886">
        <ele>205.305015</ele>
        <time>2026-07-21T21:42:40.648Z</time>
      </trkpt>
      <trkpt lat="50.579797" lon="8.845747">
        <ele>205.367169</ele>
        <time>2026-07-21T21:42:52.091Z</time>
      </trkpt>
      <trkpt lat="50.579894" lon="8.844886">
        <ele>205.099585</ele>
        <time>2026-07-21T21:42:59.241Z</time>
      </trkpt>
      <trkpt lat="50.579950" lon="8.844613">
        <ele>205.030777</ele>
        <time>2026-07-21T21:43:01.765Z</time>
      </trkpt>
      <trkpt lat="50.580061" lon="8.844370">
        <ele>204.996027</ele>
        <time>2026-07-21T21:43:04.538Z</time>
      </trkpt>
      <trkpt lat="50.580195" lon="8.844212">
        <ele>204.982461</ele>
        <time>2026-07-21T21:43:06.941Z</time>
      </trkpt>
      <trkpt lat="50.580356" lon="8.844117">
        <ele>204.920914</ele>
        <time>2026-07-21T21:43:09.362Z</time>
      </trkpt>
      <trkpt lat="50.580590" lon="8.844111">
        <ele>204.904827</ele>
        <time>2026-07-21T21:43:12.619Z</time>
      </trkpt>
      <trkpt lat="50.581570" lon="8.844421">
        <ele>205.030095</ele>
        <time>2026-07-21T21:43:27.933Z</time>
      </trkpt>
      <trkpt lat="50.581663" lon="8.844474">
        <ele>205.077176</ele>
        <time>2026-07-21T21:43:29.649Z</time>
      </trkpt>
      <trkpt lat="50.582142" lon="8.844982">
        <ele>205.193060</ele>
        <time>2026-07-21T21:43:38.810Z</time>
      </trkpt>
      <trkpt lat="50.582312" lon="8.845123">
        <ele>205.221311</ele>
        <time>2026-07-21T21:43:41.794Z</time>
      </trkpt>
      <trkpt lat="50.582497" lon="8.845200">
        <ele>205.294087</ele>
        <time>2026-07-21T21:43:44.885Z</time>
      </trkpt>
      <trkpt lat="50.582798" lon="8.845263">
        <ele>205.365131</ele>
        <time>2026-07-21T21:43:49.622Z</time>
      </trkpt>
      <trkpt lat="50.583111" lon="8.845320">
        <ele>205.341079</ele>
        <time>2026-07-21T21:43:54.018Z</time>
      </trkpt>
      <trkpt lat="50.583280" lon="8.845284">
        <ele>205.532907</ele>
        <time>2026-07-21T21:43:56.876Z</time>
      </trkpt>
      <trkpt lat="50.583492" lon="8.845101">
        <ele>206.105235</ele>
        <time>2026-07-21T21:44:03.323Z</time>
      </trkpt>
      <trkpt lat="50.583559" lon="8.844993">
        <ele>206.382917</ele>
        <time>2026-07-21T21:44:05.987Z</time>
      </trkpt>
      <trkpt lat="50.583653" lon="8.844730">
        <ele>206.875259</ele>
        <time>2026-07-21T21:44:11.015Z</time>
      </trkpt>
      <trkpt lat="50.583798" lon="8.843083">
        <ele>208.900990</ele>
        <time>2026-07-21T21:44:34.874Z</time>
      </trkpt>
      <trkpt lat="50.583903" lon="8.842260">
        <ele>209.260373</ele>
        <time>2026-07-21T21:44:43.385Z</time>
      </trkpt>
      <trkpt lat="50.584085" lon="8.841317">
        <ele>212.364858</ele>
        <time>2026-07-21T21:45:05.635Z</time>
      </trkpt>
      <trkpt lat="50.584230" lon="8.840811">
        <ele>213.892194</ele>
        <time>2026-07-21T21:45:17.227Z</time>
      </trkpt>
      <trkpt lat="50.585213" lon="8.838092">
        <ele>220.077007</ele>
        <time>2026-07-21T21:46:10.938Z</time>
      </trkpt>
      <trkpt lat="50.585420" lon="8.837659">
        <ele>221.712766</ele>
        <time>2026-07-21T21:46:22.636Z</time>
      </trkpt>
      <trkpt lat="50.585531" lon="8.837491">
        <ele>222.483130</ele>
        <time>2026-07-21T21:46:28.024Z</time>
      </trkpt>
      <trkpt lat="50.585844" lon="8.837124">
        <ele>224.463607</ele>
        <time>2026-07-21T21:46:41.636Z</time>
      </trkpt>
      <trkpt lat="50.586111" lon="8.836902">
        <ele>226.425859</ele>
        <time>2026-07-21T21:46:54.072Z</time>
      </trkpt>
      <trkpt lat="50.586315" lon="8.836815">
        <ele>227.864267</ele>
        <time>2026-07-21T21:47:03.450Z</time>
      </trkpt>
      <trkpt lat="50.586780" lon="8.836763">
        <ele>230.767886</ele>
        <time>2026-07-21T21:47:22.111Z</time>
      </trkpt>
      <trkpt lat="50.586964" lon="8.836701">
        <ele>231.404101</ele>
        <time>2026-07-21T21:47:28.345Z</time>
      </trkpt>
      <trkpt lat="50.587940" lon="8.836113">
        <ele>231.268090</ele>
        <time>2026-07-21T21:47:42.789Z</time>
      </trkpt>
      <trkpt lat="50.588791" lon="8.835576">
        <ele>227.523866</ele>
        <time>2026-07-21T21:47:51.649Z</time>
      </trkpt>
      <trkpt lat="50.588922" lon="8.835455">
        <ele>226.817218</ele>
        <time>2026-07-21T21:47:53.178Z</time>
      </trkpt>
      <trkpt lat="50.589075" lon="8.835192">
        <ele>225.650520</ele>
        <time>2026-07-21T21:47:55.209Z</time>
      </trkpt>
      <trkpt lat="50.589394" lon="8.834302">
        <ele>224.158948</ele>
        <time>2026-07-21T21:48:02.294Z</time>
      </trkpt>
      <trkpt lat="50.589530" lon="8.834041">
        <ele>223.994183</ele>
        <time>2026-07-21T21:48:05.093Z</time>
      </trkpt>
      <trkpt lat="50.589644" lon="8.833880">
        <ele>224.056947</ele>
        <time>2026-07-21T21:48:07.444Z</time>
      </trkpt>
      <trkpt lat="50.590368" lon="8.833092">
        <ele>225.562883</ele>
        <time>2026-07-21T21:48:26.455Z</time>
      </trkpt>
      <trkpt lat="50.591259" lon="8.832319">
        <ele>228.681326</ele>
        <time>2026-07-21T21:48:54.394Z</time>
      </trkpt>
      <trkpt lat="50.591400" lon="8.832238">
        <ele>229.248985</ele>
        <time>2026-07-21T21:48:58.384Z</time>
      </trkpt>
      <trkpt lat="50.591649" lon="8.832181">
        <ele>230.476056</ele>
        <time>2026-07-21T21:49:07.780Z</time>
      </trkpt>
      <trkpt lat="50.591665" lon="8.831940">
        <ele>231.040232</ele>
        <time>2026-07-21T21:49:14.085Z</time>
      </trkpt>
      <trkpt lat="50.590995" lon="8.831607">
        <ele>228.296882</ele>
        <time>2026-07-21T21:49:20.775Z</time>
      </trkpt>
      <trkpt lat="50.590474" lon="8.831052">
        <ele>225.367449</ele>
        <time>2026-07-21T21:49:26.777Z</time>
      </trkpt>
      <trkpt lat="50.589773" lon="8.830267">
        <ele>220.589946</ele>
        <time>2026-07-21T21:49:34.764Z</time>
      </trkpt>
      <trkpt lat="50.589505" lon="8.829977">
        <ele>218.658643</ele>
        <time>2026-07-21T21:49:37.758Z</time>
      </trkpt>
      <trkpt lat="50.589286" lon="8.829726">
        <ele>216.969769</ele>
        <time>2026-07-21T21:49:40.211Z</time>
      </trkpt>
      <trkpt lat="50.589122" lon="8.829490">
        <ele>215.760437</ele>
        <time>2026-07-21T21:49:42.292Z</time>
      </trkpt>
      <trkpt lat="50.588688" lon="8.828734">
        <ele>212.948285</ele>
        <time>2026-07-21T21:49:48.531Z</time>
      </trkpt>
      <trkpt lat="50.588506" lon="8.828377">
        <ele>211.945641</ele>
        <time>2026-07-21T21:49:51.418Z</time>
      </trkpt>
      <trkpt lat="50.588417" lon="8.828178">
        <ele>211.638284</ele>
        <time>2026-07-21T21:49:53.044Z</time>
      </trkpt>
      <trkpt lat="50.587901" lon="8.826723">
        <ele>210.553970</ele>
        <time>2026-07-21T21:50:06.208Z</time>
      </trkpt>
      <trkpt lat="50.587723" lon="8.826134">
        <ele>209.743140</ele>
        <time>2026-07-21T21:50:10.776Z</time>
      </trkpt>
      <trkpt lat="50.587340" lon="8.824364">
        <ele>208.605764</ele>
        <time>2026-07-21T21:50:25.319Z</time>
      </trkpt>
      <trkpt lat="50.587207" lon="8.824030">
        <ele>208.415548</ele>
        <time>2026-07-21T21:50:28.513Z</time>
      </trkpt>
      <trkpt lat="50.587091" lon="8.823873">
        <ele>208.325592</ele>
        <time>2026-07-21T21:50:30.540Z</time>
      </trkpt>
      <trkpt lat="50.587072" lon="8.823849">
        <ele>208.332734</ele>
        <time>2026-07-21T21:50:30.894Z</time>
      </trkpt>
      <trkpt lat="50.586446" lon="8.823194">
        <ele>208.660729</ele>
        <time>2026-07-21T21:50:43.175Z</time>
      </trkpt>
      <trkpt lat="50.586378" lon="8.823104">
        <ele>208.749583</ele>
        <time>2026-07-21T21:50:45.023Z</time>
      </trkpt>
      <trkpt lat="50.586144" lon="8.822829">
        <ele>209.397570</ele>
        <time>2026-07-21T21:50:51.557Z</time>
      </trkpt>
      <trkpt lat="50.585993" lon="8.822685">
        <ele>210.149041</ele>
        <time>2026-07-21T21:50:56.956Z</time>
      </trkpt>
      <trkpt lat="50.585837" lon="8.822629">
        <ele>211.446214</ele>
        <time>2026-07-21T21:51:04.604Z</time>
      </trkpt>
      <trkpt lat="50.585186" lon="8.822617">
        <ele>217.812591</ele>
        <time>2026-07-21T21:51:41.363Z</time>
      </trkpt>
      <trkpt lat="50.584818" lon="8.822509">
        <ele>220.451758</ele>
        <time>2026-07-21T21:51:57.038Z</time>
      </trkpt>
      <trkpt lat="50.584607" lon="8.822405">
        <ele>221.363351</ele>
        <time>2026-07-21T21:52:03.613Z</time>
      </trkpt>
      <trkpt lat="50.584204" lon="8.822149">
        <ele>222.524823</ele>
        <time>2026-07-21T21:52:14.982Z</time>
      </trkpt>
      <trkpt lat="50.583992" lon="8.821949">
        <ele>222.734648</ele>
        <time>2026-07-21T21:52:19.187Z</time>
      </trkpt>
      <trkpt lat="50.583906" lon="8.821822">
        <ele>222.707258</ele>
        <time>2026-07-21T21:52:20.858Z</time>
      </trkpt>
      <trkpt lat="50.583575" lon="8.821128">
        <ele>222.634385</ele>
        <time>2026-07-21T21:52:28.539Z</time>
      </trkpt>
      <trkpt lat="50.583418" lon="8.820934">
        <ele>222.746034</ele>
        <time>2026-07-21T21:52:31.758Z</time>
      </trkpt>
      <trkpt lat="50.582559" lon="8.820243">
        <ele>224.546076</ele>
        <time>2026-07-21T21:52:52.964Z</time>
      </trkpt>
      <trkpt lat="50.582362" lon="8.820085">
        <ele>225.270859</ele>
        <time>2026-07-21T21:53:00.313Z</time>
      </trkpt>
      <trkpt lat="50.581577" lon="8.819457">
        <ele>227.778406</ele>
        <time>2026-07-21T21:53:22.994Z</time>
      </trkpt>
      <trkpt lat="50.581158" lon="8.819253">
        <ele>228.718802</ele>
        <time>2026-07-21T21:53:33.385Z</time>
      </trkpt>
      <trkpt lat="50.580968" lon="8.819180">
        <ele>228.890684</ele>
        <time>2026-07-21T21:53:36.670Z</time>
      </trkpt>
      <trkpt lat="50.580576" lon="8.819031">
        <ele>229.216181</ele>
        <time>2026-07-21T21:53:43.171Z</time>
      </trkpt>
      <trkpt lat="50.580429" lon="8.818974">
        <ele>229.910227</ele>
        <time>2026-07-21T21:53:48.868Z</time>
      </trkpt>
      <trkpt lat="50.580228" lon="8.818918">
        <ele>230.854902</ele>
        <time>2026-07-21T21:53:56.517Z</time>
      </trkpt>
      <trkpt lat="50.579804" lon="8.819019">
        <ele>232.117725</ele>
        <time>2026-07-21T21:54:07.531Z</time>
      </trkpt>
      <trkpt lat="50.579641" lon="8.818965">
        <ele>232.328069</ele>
        <time>2026-07-21T21:54:11.095Z</time>
      </trkpt>
      <trkpt lat="50.579421" lon="8.818770">
        <ele>231.704460</ele>
        <time>2026-07-21T21:54:13.764Z</time>
      </trkpt>
      <trkpt lat="50.579321" lon="8.818691">
        <ele>231.219389</ele>
        <time>2026-07-21T21:54:14.830Z</time>
      </trkpt>
      <trkpt lat="50.579164" lon="8.818629">
        <ele>230.398384</ele>
        <time>2026-07-21T21:54:16.330Z</time>
      </trkpt>
      <trkpt lat="50.578825" lon="8.818538">
        <ele>228.451870</ele>
        <time>2026-07-21T21:54:19.532Z</time>
      </trkpt>
      <trkpt lat="50.578419" lon="8.818542">
        <ele>225.819794</ele>
        <time>2026-07-21T21:54:23.165Z</time>
      </trkpt>
      <trkpt lat="50.577776" lon="8.818798">
        <ele>224.211274</ele>
        <time>2026-07-21T21:54:30.300Z</time>
      </trkpt>
      <trkpt lat="50.577638" lon="8.818762">
        <ele>224.167268</ele>
        <time>2026-07-21T21:54:32.431Z</time>
      </trkpt>
      <trkpt lat="50.577571" lon="8.818692">
        <ele>224.217447</ele>
        <time>2026-07-21T21:54:33.995Z</time>
      </trkpt>
      <trkpt lat="50.577534" lon="8.818543">
        <ele>224.284738</ele>
        <time>2026-07-21T21:54:35.982Z</time>
      </trkpt>
      <trkpt lat="50.577475" lon="8.817817">
        <ele>224.532420</ele>
        <time>2026-07-21T21:54:43.864Z</time>
      </trkpt>
      <trkpt lat="50.577434" lon="8.817441">
        <ele>224.442144</ele>
        <time>2026-07-21T21:54:46.894Z</time>
      </trkpt>
      <trkpt lat="50.577396" lon="8.817037">
        <ele>224.424632</ele>
        <time>2026-07-21T21:54:51.010Z</time>
      </trkpt>
      <trkpt lat="50.577494" lon="8.815265">
        <ele>224.741937</ele>
        <time>2026-07-21T21:55:08.971Z</time>
      </trkpt>
      <trkpt lat="50.577541" lon="8.814804">
        <ele>225.102193</ele>
        <time>2026-07-21T21:55:14.476Z</time>
      </trkpt>
      <trkpt lat="50.577594" lon="8.814585">
        <ele>225.673836</ele>
        <time>2026-07-21T21:55:18.577Z</time>
      </trkpt>
      <trkpt lat="50.577537" lon="8.814545">
        <ele>225.970914</ele>
        <time>2026-07-21T21:55:20.976Z</time>
      </trkpt>
      <trkpt lat="50.577097" lon="8.814248">
        <ele>228.674462</ele>
        <time>2026-07-21T21:55:39.983Z</time>
      </trkpt>
      <trkpt lat="50.576845" lon="8.814222">
        <ele>229.397643</ele>
        <time>2026-07-21T21:55:46.241Z</time>
      </trkpt>
      <trkpt lat="50.576284" lon="8.814471">
        <ele>228.969445</ele>
        <time>2026-07-21T21:55:53.590Z</time>
      </trkpt>
      <trkpt lat="50.576073" lon="8.814503">
        <ele>228.708670</ele>
        <time>2026-07-21T21:55:56.047Z</time>
      </trkpt>
      <trkpt lat="50.575922" lon="8.814487">
        <ele>228.530155</ele>
        <time>2026-07-21T21:55:57.883Z</time>
      </trkpt>
      <trkpt lat="50.575756" lon="8.814468">
        <ele>228.392555</ele>
        <time>2026-07-21T21:55:59.927Z</time>
      </trkpt>
      <trkpt lat="50.575534" lon="8.814427">
        <ele>228.203707</ele>
        <time>2026-07-21T21:56:02.807Z</time>
      </trkpt>
      <trkpt lat="50.574760" lon="8.814293">
        <ele>227.731945</ele>
        <time>2026-07-21T21:56:12.654Z</time>
      </trkpt>
      <trkpt lat="50.574462" lon="8.814185">
        <ele>228.109199</ele>
        <time>2026-07-21T21:56:19.112Z</time>
      </trkpt>
      <trkpt lat="50.573946" lon="8.813907">
        <ele>229.081054</ele>
        <time>2026-07-21T21:56:31.172Z</time>
      </trkpt>
      <trkpt lat="50.573458" lon="8.813732">
        <ele>229.875392</ele>
        <time>2026-07-21T21:56:41.230Z</time>
      </trkpt>
      <trkpt lat="50.573118" lon="8.813538">
        <ele>230.783711</ele>
        <time>2026-07-21T21:56:50.932Z</time>
      </trkpt>
      <trkpt lat="50.572838" lon="8.813315">
        <ele>231.346136</ele>
        <time>2026-07-21T21:56:58.272Z</time>
      </trkpt>
      <trkpt lat="50.572402" lon="8.812881">
        <ele>231.552682</ele>
        <time>2026-07-21T21:57:06.400Z</time>
      </trkpt>
      <trkpt lat="50.571986" lon="8.812381">
        <ele>231.216876</ele>
        <time>2026-07-21T21:57:13.042Z</time>
      </trkpt>
      <trkpt lat="50.571402" lon="8.811533">
        <ele>231.013908</ele>
        <time>2026-07-21T21:57:24.011Z</time>
      </trkpt>
      <trkpt lat="50.571203" lon="8.811379">
        <ele>230.974729</ele>
        <time>2026-07-21T21:57:27.227Z</time>
      </trkpt>
      <trkpt lat="50.570984" lon="8.811375">
        <ele>230.999131</ele>
        <time>2026-07-21T21:57:30.281Z</time>
      </trkpt>
      <trkpt lat="50.570454" lon="8.811441">
        <ele>231.633247</ele>
        <time>2026-07-21T21:57:40.724Z</time>
      </trkpt>
      <trkpt lat="50.569791" lon="8.811283">
        <ele>233.146723</ele>
        <time>2026-07-21T21:57:56.630Z</time>
      </trkpt>
      <trkpt lat="50.568596" lon="8.810792">
        <ele>237.527150</ele>
        <time>2026-07-21T21:58:32.289Z</time>
      </trkpt>
      <trkpt lat="50.567500" lon="8.810311">
        <ele>242.928893</ele>
        <time>2026-07-21T21:59:12.210Z</time>
      </trkpt>
      <trkpt lat="50.566213" lon="8.809781">
        <ele>245.822304</ele>
        <time>2026-07-21T21:59:43.230Z</time>
      </trkpt>
      <trkpt lat="50.565375" lon="8.809330">
        <ele>245.630079</ele>
        <time>2026-07-21T21:59:55.325Z</time>
      </trkpt>
      <trkpt lat="50.565099" lon="8.809198">
        <ele>245.187989</ele>
        <time>2026-07-21T21:59:58.598Z</time>
      </trkpt>
      <trkpt lat="50.564794" lon="8.809136">
        <ele>244.559239</ele>
        <time>2026-07-21T22:00:02.037Z</time>
      </trkpt>
      <trkpt lat="50.564109" lon="8.809053">
        <ele>242.455505</ele>
        <time>2026-07-21T22:00:09.004Z</time>
      </trkpt>
      <trkpt lat="50.563801" lon="8.808905">
        <ele>241.967317</ele>
        <time>2026-07-21T22:00:12.751Z</time>
      </trkpt>
      <trkpt lat="50.563119" lon="8.808471">
        <ele>240.795662</ele>
        <time>2026-07-21T22:00:21.079Z</time>
      </trkpt>
      <trkpt lat="50.562950" lon="8.808402">
        <ele>240.514707</ele>
        <time>2026-07-21T22:00:23.084Z</time>
      </trkpt>
      <trkpt lat="50.562550" lon="8.808240">
        <ele>239.904265</ele>
        <time>2026-07-21T22:00:27.857Z</time>
      </trkpt>
      <trkpt lat="50.562496" lon="8.808226">
        <ele>239.829033</ele>
        <time>2026-07-21T22:00:28.495Z</time>
      </trkpt>
      <trkpt lat="50.561211" lon="8.807991">
        <ele>238.529914</ele>
        <time>2026-07-21T22:00:44.055Z</time>
      </trkpt>
      <trkpt lat="50.560875" lon="8.807871">
        <ele>238.878526</ele>
        <time>2026-07-21T22:00:51.445Z</time>
      </trkpt>
      <trkpt lat="50.560576" lon="8.807665">
        <ele>239.094895</ele>
        <time>2026-07-21T22:00:57.445Z</time>
      </trkpt>
      <trkpt lat="50.560197" lon="8.807347">
        <ele>238.688882</ele>
        <time>2026-07-21T22:01:02.501Z</time>
      </trkpt>
      <trkpt lat="50.560158" lon="8.807300">
        <ele>238.628047</ele>
        <time>2026-07-21T22:01:03.064Z</time>
      </trkpt>
      <trkpt lat="50.559961" lon="8.806956">
        <ele>238.273392</ele>
        <time>2026-07-21T22:01:06.722Z</time>
      </trkpt>
      <trkpt lat="50.559461" lon="8.805920">
        <ele>236.975643</ele>
        <time>2026-07-21T22:01:16.140Z</time>
      </trkpt>
      <trkpt lat="50.559232" lon="8.805267">
        <ele>236.101560</ele>
        <time>2026-07-21T22:01:21.389Z</time>
      </trkpt>
      <trkpt lat="50.559106" lon="8.804803">
        <ele>235.607949</ele>
        <time>2026-07-21T22:01:24.955Z</time>
      </trkpt>
      <trkpt lat="50.558782" lon="8.803040">
        <ele>237.190897</ele>
        <time>2026-07-21T22:01:48.944Z</time>
      </trkpt>
      <trkpt lat="50.558674" lon="8.802746">
        <ele>237.400285</ele>
        <time>2026-07-21T22:01:53.269Z</time>
      </trkpt>
      <trkpt lat="50.558190" lon="8.801684">
        <ele>236.493247</ele>
        <time>2026-07-21T22:02:03.151Z</time>
      </trkpt>
      <trkpt lat="50.557888" lon="8.801024">
        <ele>235.902456</ele>
        <time>2026-07-21T22:02:09.190Z</time>
      </trkpt>
      <trkpt lat="50.557736" lon="8.800720">
        <ele>236.073709</ele>
        <time>2026-07-21T22:02:14.450Z</time>
      </trkpt>
      <trkpt lat="50.557329" lon="8.799890">
        <ele>235.481659</ele>
        <time>2026-07-21T22:02:22.608Z</time>
      </trkpt>
      <trkpt lat="50.557219" lon="8.799609">
        <ele>235.162492</ele>
        <time>2026-07-21T22:02:25.044Z</time>
      </trkpt>
      <trkpt lat="50.557144" lon="8.799260">
        <ele>234.640326</ele>
        <time>2026-07-21T22:02:27.509Z</time>
      </trkpt>
      <trkpt lat="50.557140" lon="8.798834">
        <ele>234.119355</ele>
        <time>2026-07-21T22:02:30.566Z</time>
      </trkpt>
      <trkpt lat="50.557202" lon="8.797866">
        <ele>232.538356</ele>
        <time>2026-07-21T22:02:37.010Z</time>
      </trkpt>
      <trkpt lat="50.557191" lon="8.797671">
        <ele>232.313174</ele>
        <time>2026-07-21T22:02:38.393Z</time>
      </trkpt>
      <trkpt lat="50.557119" lon="8.797410">
        <ele>232.035165</ele>
        <time>2026-07-21T22:02:40.469Z</time>
      </trkpt>
      <trkpt lat="50.556942" lon="8.797042">
        <ele>231.749805</ele>
        <time>2026-07-21T22:02:44.133Z</time>
      </trkpt>
      <trkpt lat="50.556915" lon="8.797135">
        <ele>231.706189</ele>
        <time>2026-07-21T22:02:45.020Z</time>
      </trkpt>
      <trkpt lat="50.556832" lon="8.797225">
        <ele>231.709030</ele>
        <time>2026-07-21T22:02:46.498Z</time>
      </trkpt>
      <trkpt lat="50.556915" lon="8.797135">
        <ele>231.711870</ele>
        <time>2026-07-21T22:02:47.997Z</time>
      </trkpt>
      <trkpt lat="50.556942" lon="8.797042">
        <ele>231.771443</ele>
        <time>2026-07-21T22:02:48.976Z</time>
      </trkpt>
      <trkpt lat="50.556995" lon="8.796949">
        <ele>231.873562</ele>
        <time>2026-07-21T22:02:50.352Z</time>
      </trkpt>
      <trkpt lat="50.557062" lon="8.796911">
        <ele>231.965188</ele>
        <time>2026-07-21T22:02:51.844Z</time>
      </trkpt>
      <trkpt lat="50.557522" lon="8.796997">
        <ele>233.157502</ele>
        <time>2026-07-21T22:03:03.899Z</time>
      </trkpt>
      <trkpt lat="50.557650" lon="8.797030">
        <ele>233.359584</ele>
        <time>2026-07-21T22:03:06.808Z</time>
      </trkpt>
      <trkpt lat="50.558649" lon="8.797496">
        <ele>234.550013</ele>
        <time>2026-07-21T22:03:26.485Z</time>
      </trkpt>
      <trkpt lat="50.559255" lon="8.797791">
        <ele>235.916262</ele>
        <time>2026-07-21T22:03:41.683Z</time>
      </trkpt>
      <trkpt lat="50.559851" lon="8.798232">
        <ele>237.627216</ele>
        <time>2026-07-21T22:03:58.609Z</time>
      </trkpt>
      <trkpt lat="50.560103" lon="8.798365">
        <ele>237.971484</ele>
        <time>2026-07-21T22:04:03.267Z</time>
      </trkpt>
      <trkpt lat="50.560491" lon="8.798294">
        <ele>239.036679</ele>
        <time>2026-07-21T22:04:13.460Z</time>
      </trkpt>
      <trkpt lat="50.561158" lon="8.798076">
        <ele>241.621526</ele>
        <time>2026-07-21T22:04:33.471Z</time>
      </trkpt>
      <trkpt lat="50.561467" lon="8.797975">
        <ele>243.421442</ele>
        <time>2026-07-21T22:04:46.797Z</time>
      </trkpt>
      <trkpt lat="50.562571" lon="8.797613">
        <ele>247.475863</ele>
        <time>2026-07-21T22:05:20.016Z</time>
      </trkpt>
      <trkpt lat="50.563984" lon="8.797354">
        <ele>247.802414</ele>
        <time>2026-07-21T22:05:41.499Z</time>
      </trkpt>
      <trkpt lat="50.564852" lon="8.797170">
        <ele>247.927862</ele>
        <time>2026-07-21T22:05:54.722Z</time>
      </trkpt>
      <trkpt lat="50.566387" lon="8.797244">
        <ele>248.649610</ele>
        <time>2026-07-21T22:06:19.837Z</time>
      </trkpt>
      <trkpt lat="50.568671" lon="8.797189">
        <ele>254.097203</ele>
        <time>2026-07-21T22:07:16.064Z</time>
      </trkpt>
      <trkpt lat="50.569126" lon="8.797178">
        <ele>255.249822</ele>
        <time>2026-07-21T22:07:27.422Z</time>
      </trkpt>
      <trkpt lat="50.569458" lon="8.797138">
        <ele>256.237438</ele>
        <time>2026-07-21T22:07:36.596Z</time>
      </trkpt>
      <trkpt lat="50.569336" lon="8.796364">
        <ele>256.909737</ele>
        <time>2026-07-21T22:07:46.624Z</time>
      </trkpt>
      <trkpt lat="50.569098" lon="8.795145">
        <ele>257.963422</ele>
        <time>2026-07-21T22:08:03.097Z</time>
      </trkpt>
      <trkpt lat="50.568945" lon="8.794913">
        <ele>257.997645</ele>
        <time>2026-07-21T22:08:06.549Z</time>
      </trkpt>
      <trkpt lat="50.568478" lon="8.794384">
        <ele>257.157420</ele>
        <time>2026-07-21T22:08:12.968Z</time>
      </trkpt>
      <trkpt lat="50.567020" lon="8.791958">
        <ele>254.867993</ele>
        <time>2026-07-21T22:08:38.937Z</time>
      </trkpt>
      <trkpt lat="50.566445" lon="8.790919">
        <ele>251.577170</ele>
        <time>2026-07-21T22:08:47.566Z</time>
      </trkpt>
      <trkpt lat="50.566247" lon="8.790731">
        <ele>250.583187</ele>
        <time>2026-07-21T22:08:49.765Z</time>
      </trkpt>
      <trkpt lat="50.565676" lon="8.790430">
        <ele>248.099300</ele>
        <time>2026-07-21T22:08:55.521Z</time>
      </trkpt>
      <trkpt lat="50.565181" lon="8.790209">
        <ele>247.661386</ele>
        <time>2026-07-21T22:09:02.406Z</time>
      </trkpt>
      <trkpt lat="50.564950" lon="8.790046">
        <ele>247.836619</ele>
        <time>2026-07-21T22:09:07.229Z</time>
      </trkpt>
      <trkpt lat="50.564186" lon="8.789363">
        <ele>248.962211</ele>
        <time>2026-07-21T22:09:25.722Z</time>
      </trkpt>
      <trkpt lat="50.563677" lon="8.788940">
        <ele>247.532360</ele>
        <time>2026-07-21T22:09:31.591Z</time>
      </trkpt>
      <trkpt lat="50.562596" lon="8.788019">
        <ele>246.136540</ele>
        <time>2026-07-21T22:09:46.612Z</time>
      </trkpt>
      <trkpt lat="50.562065" lon="8.787530">
        <ele>244.637731</ele>
        <time>2026-07-21T22:09:53.200Z</time>
      </trkpt>
      <trkpt lat="50.561845" lon="8.787339">
        <ele>243.573481</ele>
        <time>2026-07-21T22:09:55.575Z</time>
      </trkpt>
      <trkpt lat="50.561405" lon="8.787086">
        <ele>241.687188</ele>
        <time>2026-07-21T22:10:00.150Z</time>
      </trkpt>
      <trkpt lat="50.560757" lon="8.786737">
        <ele>238.885977</ele>
        <time>2026-07-21T22:10:06.820Z</time>
      </trkpt>
      <trkpt lat="50.560519" lon="8.786608">
        <ele>237.828813</ele>
        <time>2026-07-21T22:10:09.271Z</time>
      </trkpt>
      <trkpt lat="50.560155" lon="8.786318">
        <ele>236.406154</ele>
        <time>2026-07-21T22:10:13.276Z</time>
      </trkpt>
      <trkpt lat="50.559800" lon="8.785971">
        <ele>235.555922</ele>
        <time>2026-07-21T22:10:18.010Z</time>
      </trkpt>
      <trkpt lat="50.559551" lon="8.785754">
        <ele>234.942381</ele>
        <time>2026-07-21T22:10:21.072Z</time>
      </trkpt>
      <trkpt lat="50.559246" lon="8.785581">
        <ele>234.399966</ele>
        <time>2026-07-21T22:10:24.698Z</time>
      </trkpt>
      <trkpt lat="50.558926" lon="8.785501">
        <ele>233.932557</ele>
        <time>2026-07-21T22:10:28.413Z</time>
      </trkpt>
      <trkpt lat="50.558602" lon="8.785515">
        <ele>233.604479</ele>
        <time>2026-07-21T22:10:32.597Z</time>
      </trkpt>
      <trkpt lat="50.558347" lon="8.785582">
        <ele>233.322458</ele>
        <time>2026-07-21T22:10:35.866Z</time>
      </trkpt>
      <trkpt lat="50.557809" lon="8.785736">
        <ele>232.313271</ele>
        <time>2026-07-21T22:10:41.773Z</time>
      </trkpt>
      <trkpt lat="50.557418" lon="8.785714">
        <ele>232.234145</ele>
        <time>2026-07-21T22:10:47.281Z</time>
      </trkpt>
      <trkpt lat="50.557267" lon="8.785659">
        <ele>232.292013</ele>
        <time>2026-07-21T22:10:50.334Z</time>
      </trkpt>
      <trkpt lat="50.557054" lon="8.785568">
        <ele>232.383987</ele>
        <time>2026-07-21T22:10:53.852Z</time>
      </trkpt>
      <trkpt lat="50.556787" lon="8.785454">
        <ele>232.400006</ele>
        <time>2026-07-21T22:10:57.913Z</time>
      </trkpt>
      <trkpt lat="50.556381" lon="8.785293">
        <ele>232.418374</ele>
        <time>2026-07-21T22:11:04.147Z</time>
      </trkpt>
      <trkpt lat="50.556221" lon="8.785277">
        <ele>232.462725</ele>
        <time>2026-07-21T22:11:06.710Z</time>
      </trkpt>
      <trkpt lat="50.556013" lon="8.785316">
        <ele>232.416849</ele>
        <time>2026-07-21T22:11:09.695Z</time>
      </trkpt>
      <trkpt lat="50.555986" lon="8.785325">
        <ele>232.409024</ele>
        <time>2026-07-21T22:11:10.077Z</time>
      </trkpt>
      <trkpt lat="50.555831" lon="8.785407">
        <ele>232.371629</ele>
        <time>2026-07-21T22:11:12.339Z</time>
      </trkpt>
      <trkpt lat="50.555680" lon="8.785533">
        <ele>232.297918</ele>
        <time>2026-07-21T22:11:14.678Z</time>
      </trkpt>
      <trkpt lat="50.555528" lon="8.785713">
        <ele>232.110850</ele>
        <time>2026-07-21T22:11:17.122Z</time>
      </trkpt>
      <trkpt lat="50.555224" lon="8.786086">
        <ele>231.175729</ele>
        <time>2026-07-21T22:11:21.228Z</time>
      </trkpt>
      <trkpt lat="50.554823" lon="8.786577">
        <ele>228.027875</ele>
        <time>2026-07-21T22:11:25.825Z</time>
      </trkpt>
      <trkpt lat="50.554714" lon="8.786711">
        <ele>227.384428</ele>
        <time>2026-07-21T22:11:27.130Z</time>
      </trkpt>
      <trkpt lat="50.554646" lon="8.786575">
        <ele>227.404689</ele>
        <time>2026-07-21T22:11:28.540Z</time>
      </trkpt>
      <trkpt lat="50.554479" lon="8.786238">
        <ele>228.227108</ele>
        <time>2026-07-21T22:11:37.080Z</time>
      </trkpt>
      <trkpt lat="50.554356" lon="8.785994">
        <ele>228.953655</ele>
        <time>2026-07-21T22:11:43.579Z</time>
      </trkpt>
      <trkpt lat="50.554251" lon="8.785711">
        <ele>229.480852</ele>
        <time>2026-07-21T22:11:48.365Z</time>
      </trkpt>
      <trkpt lat="50.554198" lon="8.785472">
        <ele>229.720051</ele>
        <time>2026-07-21T22:11:51.592Z</time>
      </trkpt>
      <trkpt lat="50.554173" lon="8.785089">
        <ele>229.733978</ele>
        <time>2026-07-21T22:11:55.109Z</time>
      </trkpt>
      <trkpt lat="50.554138" lon="8.783417">
        <ele>229.989814</ele>
        <time>2026-07-21T22:12:11.782Z</time>
      </trkpt>
      <trkpt lat="50.554175" lon="8.782932">
        <ele>230.022308</ele>
        <time>2026-07-21T22:12:16.546Z</time>
      </trkpt>
      <trkpt lat="50.554239" lon="8.782583">
        <ele>230.138252</ele>
        <time>2026-07-21T22:12:20.233Z</time>
      </trkpt>
      <trkpt lat="50.554373" lon="8.782095">
        <ele>230.557452</ele>
        <time>2026-07-21T22:12:27.020Z</time>
      </trkpt>
      <trkpt lat="50.554422" lon="8.781922">
        <ele>230.824623</ele>
        <time>2026-07-21T22:12:29.965Z</time>
      </trkpt>
      <trkpt lat="50.554451" lon="8.781661">
        <ele>231.254139</ele>
        <time>2026-07-21T22:12:34.451Z</time>
      </trkpt>
      <trkpt lat="50.554433" lon="8.781439">
        <ele>231.563555</ele>
        <time>2026-07-21T22:12:37.545Z</time>
      </trkpt>
      <trkpt lat="50.554389" lon="8.781239">
        <ele>231.979270</ele>
        <time>2026-07-21T22:12:41.058Z</time>
      </trkpt>
      <trkpt lat="50.554319" lon="8.781031">
        <ele>232.554621</ele>
        <time>2026-07-21T22:12:45.793Z</time>
      </trkpt>
      <trkpt lat="50.554269" lon="8.780899">
        <ele>232.847508</ele>
        <time>2026-07-21T22:12:48.678Z</time>
      </trkpt>
      <trkpt lat="50.554202" lon="8.780627">
        <ele>233.299222</ele>
        <time>2026-07-21T22:12:53.293Z</time>
      </trkpt>
      <trkpt lat="50.553995" lon="8.780566">
        <ele>233.591282</ele>
        <time>2026-07-21T22:12:57.026Z</time>
      </trkpt>
      <trkpt lat="50.553911" lon="8.780517">
        <ele>233.786440</ele>
        <time>2026-07-21T22:12:58.928Z</time>
      </trkpt>
      <trkpt lat="50.553555" lon="8.780278">
        <ele>234.849783</ele>
        <time>2026-07-21T22:13:09.547Z</time>
      </trkpt>
      <trkpt lat="50.553233" lon="8.780154">
        <ele>235.600554</ele>
        <time>2026-07-21T22:13:17.427Z</time>
      </trkpt>
      <trkpt lat="50.552951" lon="8.780127">
        <ele>236.154495</ele>
        <time>2026-07-21T22:13:23.902Z</time>
      </trkpt>
      <trkpt lat="50.552506" lon="8.780149">
        <ele>236.457655</ele>
        <time>2026-07-21T22:13:31.583Z</time>
      </trkpt>
      <trkpt lat="50.552239" lon="8.780158">
        <ele>236.287061</ele>
        <time>2026-07-21T22:13:35.082Z</time>
      </trkpt>
      <trkpt lat="50.551758" lon="8.780171">
        <ele>235.842582</ele>
        <time>2026-07-21T22:13:40.972Z</time>
      </trkpt>
      <trkpt lat="50.551596" lon="8.780166">
        <ele>235.743750</ele>
        <time>2026-07-21T22:13:43.125Z</time>
      </trkpt>
      <trkpt lat="50.551239" lon="8.780092">
        <ele>235.121467</ele>
        <time>2026-07-21T22:13:47.274Z</time>
      </trkpt>
      <trkpt lat="50.551147" lon="8.780062">
        <ele>234.897582</ele>
        <time>2026-07-21T22:13:48.231Z</time>
      </trkpt>
      <trkpt lat="50.550680" lon="8.779898">
        <ele>233.395110</ele>
        <time>2026-07-21T22:13:53.067Z</time>
      </trkpt>
      <trkpt lat="50.550564" lon="8.779753">
        <ele>232.922438</ele>
        <time>2026-07-21T22:13:54.568Z</time>
      </trkpt>
      <trkpt lat="50.550453" lon="8.779457">
        <ele>232.278748</ele>
        <time>2026-07-21T22:13:56.833Z</time>
      </trkpt>
      <trkpt lat="50.550234" lon="8.778778">
        <ele>230.772538</ele>
        <time>2026-07-21T22:14:01.694Z</time>
      </trkpt>
      <trkpt lat="50.550226" lon="8.778673">
        <ele>230.891138</ele>
        <time>2026-07-21T22:14:02.630Z</time>
      </trkpt>
      <trkpt lat="50.550263" lon="8.778587">
        <ele>231.010337</ele>
        <time>2026-07-21T22:14:04.156Z</time>
      </trkpt>
      <trkpt lat="50.550489" lon="8.778355">
        <ele>231.842918</ele>
        <time>2026-07-21T22:14:12.681Z</time>
      </trkpt>
      <trkpt lat="50.550598" lon="8.778209">
        <ele>232.306130</ele>
        <time>2026-07-21T22:14:16.523Z</time>
      </trkpt>
      <trkpt lat="50.550798" lon="8.777796">
        <ele>233.352525</ele>
        <time>2026-07-21T22:14:25.322Z</time>
      </trkpt>
      <trkpt lat="50.551306" lon="8.776504">
        <ele>237.796233</ele>
        <time>2026-07-21T22:14:56.917Z</time>
      </trkpt>
      <trkpt lat="50.551437" lon="8.776079">
        <ele>240.246187</ele>
        <time>2026-07-21T22:15:11.930Z</time>
      </trkpt>
      <trkpt lat="50.551472" lon="8.775832">
        <ele>241.570556</ele>
        <time>2026-07-21T22:15:19.730Z</time>
      </trkpt>
      <trkpt lat="50.551480" lon="8.775514">
        <ele>243.119098</ele>
        <time>2026-07-21T22:15:28.635Z</time>
      </trkpt>
      <trkpt lat="50.551497" lon="8.774957">
        <ele>245.814921</ele>
        <time>2026-07-21T22:15:45.085Z</time>
      </trkpt>
      <trkpt lat="50.551652" lon="8.774234">
        <ele>248.929145</ele>
        <time>2026-07-21T22:16:04.558Z</time>
      </trkpt>
      <trkpt lat="50.551709" lon="8.773977">
        <ele>250.058695</ele>
        <time>2026-07-21T22:16:11.878Z</time>
      </trkpt>
      <trkpt lat="50.551688" lon="8.773836">
        <ele>250.630949</ele>
        <time>2026-07-21T22:16:15.646Z</time>
      </trkpt>
      <trkpt lat="50.551649" lon="8.773769">
        <ele>250.838665</ele>
        <time>2026-07-21T22:16:17.791Z</time>
      </trkpt>
      <trkpt lat="50.551576" lon="8.773721">
        <ele>251.123303</ele>
        <time>2026-07-21T22:16:20.200Z</time>
      </trkpt>
      <trkpt lat="50.551217" lon="8.773735">
        <ele>251.799648</ele>
        <time>2026-07-21T22:16:27.217Z</time>
      </trkpt>
      <trkpt lat="50.551101" lon="8.773701">
        <ele>251.970826</ele>
        <time>2026-07-21T22:16:29.552Z</time>
      </trkpt>
      <trkpt lat="50.550554" lon="8.772920">
        <ele>253.796902</ele>
        <time>2026-07-21T22:16:48.087Z</time>
      </trkpt>
      <trkpt lat="50.550461" lon="8.772712">
        <ele>254.201168</ele>
        <time>2026-07-21T22:16:52.082Z</time>
      </trkpt>
      <trkpt lat="50.550238" lon="8.772049">
        <ele>255.537601</ele>
        <time>2026-07-21T22:17:04.121Z</time>
      </trkpt>
      <trkpt lat="50.550199" lon="8.771933">
        <ele>256.054906</ele>
        <time>2026-07-21T22:17:07.155Z</time>
      </trkpt>
      <trkpt lat="50.550135" lon="8.771749">
        <ele>257.023919</ele>
        <time>2026-07-21T22:17:13.433Z</time>
      </trkpt>
      <trkpt lat="50.550095" lon="8.771634">
        <ele>257.626624</ele>
        <time>2026-07-21T22:17:17.543Z</time>
      </trkpt>
      <trkpt lat="50.549959" lon="8.771305">
        <ele>259.272361</ele>
        <time>2026-07-21T22:17:28.253Z</time>
      </trkpt>
      <trkpt lat="50.549867" lon="8.771095">
        <ele>260.067396</ele>
        <time>2026-07-21T22:17:33.763Z</time>
      </trkpt>
      <trkpt lat="50.549568" lon="8.770470">
        <ele>260.686733</ele>
        <time>2026-07-21T22:17:42.918Z</time>
      </trkpt>
      <trkpt lat="50.549472" lon="8.770279">
        <ele>260.814463</ele>
        <time>2026-07-21T22:17:45.986Z</time>
      </trkpt>
      <trkpt lat="50.549309" lon="8.769954">
        <ele>261.036292</ele>
        <time>2026-07-21T22:17:51.089Z</time>
      </trkpt>
      <trkpt lat="50.549249" lon="8.769833">
        <ele>260.999032</ele>
        <time>2026-07-21T22:17:52.354Z</time>
      </trkpt>
      <trkpt lat="50.549293" lon="8.769721">
        <ele>260.967065</ele>
        <time>2026-07-21T22:17:53.320Z</time>
      </trkpt>
      <trkpt lat="50.549261" lon="8.769559">
        <ele>260.918636</ele>
        <time>2026-07-21T22:17:54.629Z</time>
      </trkpt>
      <trkpt lat="50.549166" lon="8.769502">
        <ele>260.872030</ele>
        <time>2026-07-21T22:17:56.131Z</time>
      </trkpt>
      <trkpt lat="50.549102" lon="8.769549">
        <ele>260.917993</ele>
        <time>2026-07-21T22:17:57.433Z</time>
      </trkpt>
      <trkpt lat="50.549061" lon="8.769674">
        <ele>261.042294</ele>
        <time>2026-07-21T22:17:59.319Z</time>
      </trkpt>
      <trkpt lat="50.549091" lon="8.769807">
        <ele>261.167002</ele>
        <time>2026-07-21T22:18:01.431Z</time>
      </trkpt>
      <trkpt lat="50.549016" lon="8.769906">
        <ele>261.160928</ele>
        <time>2026-07-21T22:18:03.301Z</time>
      </trkpt>
      <trkpt lat="50.548975" lon="8.769827">
        <ele>261.153516</ele>
        <time>2026-07-21T22:18:04.152Z</time>
      </trkpt>
      <trkpt lat="50.549005" lon="8.769610">
        <ele>260.880056</ele>
        <time>2026-07-21T22:18:05.653Z</time>
      </trkpt>
      <trkpt lat="50.548974" lon="8.769486">
        <ele>260.582106</ele>
        <time>2026-07-21T22:18:06.494Z</time>
      </trkpt>
      <trkpt lat="50.548581" lon="8.768705">
        <ele>257.507269</ele>
        <time>2026-07-21T22:18:12.430Z</time>
      </trkpt>
      <trkpt lat="50.548513" lon="8.768639">
        <ele>257.162926</ele>
        <time>2026-07-21T22:18:13.203Z</time>
      </trkpt>
      <trkpt lat="50.548477" lon="8.768756">
        <ele>256.831801</ele>
        <time>2026-07-21T22:18:19.098Z</time>
      </trkpt>
      <trkpt lat="50.548468" lon="8.768774">
        <ele>256.775490</ele>
        <time>2026-07-21T22:18:20.187Z</time>
      </trkpt>
      <trkpt lat="50.548477" lon="8.768756">
        <ele>256.719179</ele>
        <time>2026-07-21T22:18:21.278Z</time>
      </trkpt>
      <trkpt lat="50.548513" lon="8.768639">
        <ele>256.399584</ele>
        <time>2026-07-21T22:18:27.165Z</time>
      </trkpt>
      <trkpt lat="50.547815" lon="8.767257">
        <ele>249.007349</ele>
        <time>2026-07-21T22:18:37.262Z</time>
      </trkpt>
      <trkpt lat="50.546654" lon="8.764938">
        <ele>240.206880</ele>
        <time>2026-07-21T22:18:55.177Z</time>
      </trkpt>
      <trkpt lat="50.546250" lon="8.764133">
        <ele>237.305129</ele>
        <time>2026-07-21T22:19:01.411Z</time>
      </trkpt>
      <trkpt lat="50.545774" lon="8.762866">
        <ele>233.371084</ele>
        <time>2026-07-21T22:19:10.474Z</time>
      </trkpt>
      <trkpt lat="50.544867" lon="8.759564">
        <ele>227.122957</ele>
        <time>2026-07-21T22:19:34.262Z</time>
      </trkpt>
      <trkpt lat="50.544845" lon="8.759397">
        <ele>226.865263</ele>
        <time>2026-07-21T22:19:35.435Z</time>
      </trkpt>
      <trkpt lat="50.544613" lon="8.758763">
        <ele>226.215403</ele>
        <time>2026-07-21T22:19:40.836Z</time>
      </trkpt>
      <trkpt lat="50.544294" lon="8.758051">
        <ele>225.752650</ele>
        <time>2026-07-21T22:19:47.705Z</time>
      </trkpt>
      <trkpt lat="50.543739" lon="8.757134">
        <ele>225.584486</ele>
        <time>2026-07-21T22:19:59.266Z</time>
      </trkpt>
      <trkpt lat="50.543300" lon="8.756625">
        <ele>225.244806</ele>
        <time>2026-07-21T22:20:06.358Z</time>
      </trkpt>
      <trkpt lat="50.542698" lon="8.756037">
        <ele>224.194952</ele>
        <time>2026-07-21T22:20:14.714Z</time>
      </trkpt>
      <trkpt lat="50.542197" lon="8.756250">
        <ele>222.899064</ele>
        <time>2026-07-21T22:20:20.126Z</time>
      </trkpt>
      <trkpt lat="50.540883" lon="8.756808">
        <ele>219.267671</ele>
        <time>2026-07-21T22:20:34.259Z</time>
      </trkpt>
      <trkpt lat="50.540827" lon="8.756856">
        <ele>219.178436</ele>
        <time>2026-07-21T22:20:35.007Z</time>
      </trkpt>
      <trkpt lat="50.539882" lon="8.755077">
        <ele>219.002680</ele>
        <time>2026-07-21T22:20:56.532Z</time>
      </trkpt>
      <trkpt lat="50.539804" lon="8.754911">
        <ele>218.989583</ele>
        <time>2026-07-21T22:20:58.336Z</time>
      </trkpt>
      <trkpt lat="50.539480" lon="8.754249">
        <ele>218.930971</ele>
        <time>2026-07-21T22:21:06.054Z</time>
      </trkpt>
      <trkpt lat="50.539327" lon="8.753470">
        <ele>218.998754</ele>
        <time>2026-07-21T22:21:14.545Z</time>
      </trkpt>
      <trkpt lat="50.539247" lon="8.753509">
        <ele>218.799870</ele>
        <time>2026-07-21T22:21:15.431Z</time>
      </trkpt>
      <trkpt lat="50.539123" lon="8.753569">
        <ele>218.419017</ele>
        <time>2026-07-21T22:21:16.707Z</time>
      </trkpt>
      <trkpt lat="50.539028" lon="8.753615">
        <ele>218.243102</ele>
        <time>2026-07-21T22:21:17.737Z</time>
      </trkpt>
      <trkpt lat="50.538917" lon="8.753669">
        <ele>218.090384</ele>
        <time>2026-07-21T22:21:19.166Z</time>
      </trkpt>
      <trkpt lat="50.538762" lon="8.753744">
        <ele>218.280809</ele>
        <time>2026-07-21T22:21:22.074Z</time>
      </trkpt>
      <trkpt lat="50.538325" lon="8.753958">
        <ele>220.048979</ele>
        <time>2026-07-21T22:21:35.475Z</time>
      </trkpt>
      <trkpt lat="50.537838" lon="8.754191">
        <ele>223.842510</ele>
        <time>2026-07-21T22:21:59.740Z</time>
      </trkpt>
      <trkpt lat="50.537676" lon="8.754211">
        <ele>224.346993</ele>
        <time>2026-07-21T22:22:05.184Z</time>
      </trkpt>
      <trkpt lat="50.537643" lon="8.752502">
        <ele>222.941780</ele>
        <time>2026-07-21T22:22:17.512Z</time>
      </trkpt>
      <trkpt lat="50.537639" lon="8.751800">
        <ele>222.524853</ele>
        <time>2026-07-21T22:22:23.032Z</time>
      </trkpt>
      <trkpt lat="50.537650" lon="8.751437">
        <ele>222.276315</ele>
        <time>2026-07-21T22:22:26.189Z</time>
      </trkpt>
      <trkpt lat="50.537717" lon="8.750684">
        <ele>221.346021</ele>
        <time>2026-07-21T22:22:31.414Z</time>
      </trkpt>
      <trkpt lat="50.537779" lon="8.749915">
        <ele>220.120003</ele>
        <time>2026-07-21T22:22:36.450Z</time>
      </trkpt>
      <trkpt lat="50.537669" lon="8.749866">
        <ele>220.069835</ele>
        <time>2026-07-21T22:22:39.158Z</time>
      </trkpt>
      <trkpt lat="50.537498" lon="8.749760">
        <ele>220.126175</ele>
        <time>2026-07-21T22:22:42.630Z</time>
      </trkpt>
      <trkpt lat="50.537294" lon="8.749502">
        <ele>219.385339</ele>
        <time>2026-07-21T22:22:45.190Z</time>
      </trkpt>
      <trkpt lat="50.537205" lon="8.749059">
        <ele>218.684829</ele>
        <time>2026-07-21T22:22:48.437Z</time>
      </trkpt>
      <trkpt lat="50.537171" lon="8.748722">
        <ele>218.423066</ele>
        <time>2026-07-21T22:22:50.805Z</time>
      </trkpt>
      <trkpt lat="50.537227" lon="8.748448">
        <ele>218.576202</ele>
        <time>2026-07-21T22:22:54.536Z</time>
      </trkpt>
      <trkpt lat="50.537401" lon="8.747900">
        <ele>219.725413</ele>
        <time>2026-07-21T22:23:05.310Z</time>
      </trkpt>
      <trkpt lat="50.537600" lon="8.747517">
        <ele>220.763945</ele>
        <time>2026-07-21T22:23:14.543Z</time>
      </trkpt>
      <trkpt lat="50.537697" lon="8.747329">
        <ele>221.134329</ele>
        <time>2026-07-21T22:23:17.721Z</time>
      </trkpt>
      <trkpt lat="50.537877" lon="8.746991">
        <ele>221.520453</ele>
        <time>2026-07-21T22:23:24.288Z</time>
      </trkpt>
      <trkpt lat="50.537926" lon="8.746905">
        <ele>221.535340</ele>
        <time>2026-07-21T22:23:25.255Z</time>
      </trkpt>
      <trkpt lat="50.537980" lon="8.746890">
        <ele>221.546460</ele>
        <time>2026-07-21T22:23:26.989Z</time>
      </trkpt>
      <trkpt lat="50.538235" lon="8.746302">
        <ele>220.349712</ele>
        <time>2026-07-21T22:23:31.664Z</time>
      </trkpt>
      <trkpt lat="50.538535" lon="8.745321">
        <ele>219.516965</ele>
        <time>2026-07-21T22:23:39.992Z</time>
      </trkpt>
      <trkpt lat="50.538639" lon="8.744872">
        <ele>219.470790</ele>
        <time>2026-07-21T22:23:43.980Z</time>
      </trkpt>
      <trkpt lat="50.538648" lon="8.744356">
        <ele>220.096419</ele>
        <time>2026-07-21T22:23:52.045Z</time>
      </trkpt>
      <trkpt lat="50.538385" lon="8.742661">
        <ele>222.674895</ele>
        <time>2026-07-21T22:24:18.755Z</time>
      </trkpt>
      <trkpt lat="50.538337" lon="8.742515">
        <ele>222.818242</ele>
        <time>2026-07-21T22:24:20.975Z</time>
      </trkpt>
      <trkpt lat="50.538306" lon="8.742217">
        <ele>222.900472</ele>
        <time>2026-07-21T22:24:24.186Z</time>
      </trkpt>
      <trkpt lat="50.538483" lon="8.741077">
        <ele>221.410689</ele>
        <time>2026-07-21T22:24:32.477Z</time>
      </trkpt>
      <trkpt lat="50.538667" lon="8.739920">
        <ele>218.632249</ele>
        <time>2026-07-21T22:24:39.881Z</time>
      </trkpt>
      <trkpt lat="50.538864" lon="8.738867">
        <ele>217.781537</ele>
        <time>2026-07-21T22:24:48.278Z</time>
      </trkpt>
      <trkpt lat="50.538913" lon="8.738360">
        <ele>217.248490</ele>
        <time>2026-07-21T22:24:52.108Z</time>
      </trkpt>
      <trkpt lat="50.538916" lon="8.737531">
        <ele>216.015191</ele>
        <time>2026-07-21T22:24:57.727Z</time>
      </trkpt>
      <trkpt lat="50.538885" lon="8.737219">
        <ele>215.327397</ele>
        <time>2026-07-21T22:24:59.714Z</time>
      </trkpt>
      <trkpt lat="50.538867" lon="8.737027">
        <ele>214.848241</ele>
        <time>2026-07-21T22:25:00.916Z</time>
      </trkpt>
      <trkpt lat="50.538723" lon="8.736168">
        <ele>212.471901</ele>
        <time>2026-07-21T22:25:06.349Z</time>
      </trkpt>
      <trkpt lat="50.538639" lon="8.735510">
        <ele>211.321731</ele>
        <time>2026-07-21T22:25:10.703Z</time>
      </trkpt>
      <trkpt lat="50.538603" lon="8.734677">
        <ele>211.575009</ele>
        <time>2026-07-21T22:25:20.562Z</time>
      </trkpt>
      <trkpt lat="50.538534" lon="8.733242">
        <ele>211.779498</ele>
        <time>2026-07-21T22:25:34.988Z</time>
      </trkpt>
      <trkpt lat="50.538498" lon="8.732605">
        <ele>211.543721</ele>
        <time>2026-07-21T22:25:40.353Z</time>
      </trkpt>
      <trkpt lat="50.538512" lon="8.732456">
        <ele>211.513793</ele>
        <time>2026-07-21T22:25:41.472Z</time>
      </trkpt>
      <trkpt lat="50.538513" lon="8.732452">
        <ele>211.514144</ele>
        <time>2026-07-21T22:25:41.505Z</time>
      </trkpt>
      <trkpt lat="50.538562" lon="8.732306">
        <ele>211.527628</ele>
        <time>2026-07-21T22:25:42.947Z</time>
      </trkpt>
      <trkpt lat="50.538496" lon="8.732196">
        <ele>211.518672</ele>
        <time>2026-07-21T22:25:45.643Z</time>
      </trkpt>
      <trkpt lat="50.538439" lon="8.732116">
        <ele>211.473292</ele>
        <time>2026-07-21T22:25:47.679Z</time>
      </trkpt>
      <trkpt lat="50.538490" lon="8.731747">
        <ele>211.002135</ele>
        <time>2026-07-21T22:25:51.290Z</time>
      </trkpt>
      <trkpt lat="50.538533" lon="8.731607">
        <ele>210.675175</ele>
        <time>2026-07-21T22:25:52.641Z</time>
      </trkpt>
      <trkpt lat="50.538595" lon="8.731570">
        <ele>210.661652</ele>
        <time>2026-07-21T22:25:53.597Z</time>
      </trkpt>
      <trkpt lat="50.538389" lon="8.730528">
        <ele>211.010811</ele>
        <time>2026-07-21T22:26:06.022Z</time>
      </trkpt>
      <trkpt lat="50.538215" lon="8.729295">
        <ele>212.689249</ele>
        <time>2026-07-21T22:26:25.055Z</time>
      </trkpt>
      <trkpt lat="50.538149" lon="8.728733">
        <ele>213.425846</ele>
        <time>2026-07-21T22:26:33.044Z</time>
      </trkpt>
      <trkpt lat="50.538050" lon="8.727691">
        <ele>214.972345</ele>
        <time>2026-07-21T22:26:49.452Z</time>
      </trkpt>
      <trkpt lat="50.537942" lon="8.726879">
        <ele>215.905911</ele>
        <time>2026-07-21T22:27:01.245Z</time>
      </trkpt>
      <trkpt lat="50.537795" lon="8.725989">
        <ele>215.582680</ele>
        <time>2026-07-21T22:27:09.056Z</time>
      </trkpt>
      <trkpt lat="50.537507" lon="8.724695">
        <ele>214.195316</ele>
        <time>2026-07-21T22:27:18.807Z</time>
      </trkpt>
      <trkpt lat="50.537433" lon="8.724365">
        <ele>214.051852</ele>
        <time>2026-07-21T22:27:22.015Z</time>
      </trkpt>
      <trkpt lat="50.537275" lon="8.723733">
        <ele>213.666384</ele>
        <time>2026-07-21T22:27:27.319Z</time>
      </trkpt>
      <trkpt lat="50.537160" lon="8.723391">
        <ele>213.271712</ele>
        <time>2026-07-21T22:27:30.094Z</time>
      </trkpt>
      <trkpt lat="50.536999" lon="8.723036">
        <ele>212.648568</ele>
        <time>2026-07-21T22:27:33.109Z</time>
      </trkpt>
      <trkpt lat="50.536826" lon="8.722734">
        <ele>211.887964</ele>
        <time>2026-07-21T22:27:35.753Z</time>
      </trkpt>
      <trkpt lat="50.536416" lon="8.722047">
        <ele>210.055421</ele>
        <time>2026-07-21T22:27:41.752Z</time>
      </trkpt>
      <trkpt lat="50.535736" lon="8.720910">
        <ele>208.611619</ele>
        <time>2026-07-21T22:27:53.386Z</time>
      </trkpt>
      <trkpt lat="50.535384" lon="8.720297">
        <ele>209.229777</ele>
        <time>2026-07-21T22:28:03.536Z</time>
      </trkpt>
      <trkpt lat="50.535269" lon="8.720014">
        <ele>209.957870</ele>
        <time>2026-07-21T22:28:10.462Z</time>
      </trkpt>
      <trkpt lat="50.535100" lon="8.719387">
        <ele>210.324738</ele>
        <time>2026-07-21T22:28:18.071Z</time>
      </trkpt>
      <trkpt lat="50.534986" lon="8.718825">
        <ele>209.619652</ele>
        <time>2026-07-21T22:28:22.270Z</time>
      </trkpt>
      <trkpt lat="50.534834" lon="8.718084">
        <ele>208.037433</ele>
        <time>2026-07-21T22:28:27.227Z</time>
      </trkpt>
      <trkpt lat="50.534610" lon="8.717184">
        <ele>206.537110</ele>
        <time>2026-07-21T22:28:33.732Z</time>
      </trkpt>
      <trkpt lat="50.534599" lon="8.717145">
        <ele>206.478149</ele>
        <time>2026-07-21T22:28:34.036Z</time>
      </trkpt>
      <trkpt lat="50.534429" lon="8.716479">
        <ele>205.800483</ele>
        <time>2026-07-21T22:28:39.516Z</time>
      </trkpt>
      <trkpt lat="50.534273" lon="8.715898">
        <ele>204.505970</ele>
        <time>2026-07-21T22:28:43.556Z</time>
      </trkpt>
      <trkpt lat="50.534175" lon="8.715411">
        <ele>203.051295</ele>
        <time>2026-07-21T22:28:46.630Z</time>
      </trkpt>
      <trkpt lat="50.534104" lon="8.714922">
        <ele>201.964069</ele>
        <time>2026-07-21T22:28:49.844Z</time>
      </trkpt>
      <trkpt lat="50.534052" lon="8.714602">
        <ele>201.253164</ele>
        <time>2026-07-21T22:28:51.921Z</time>
      </trkpt>
      <trkpt lat="50.534012" lon="8.714328">
        <ele>200.699211</ele>
        <time>2026-07-21T22:28:53.790Z</time>
      </trkpt>
      <trkpt lat="50.533926" lon="8.713729">
        <ele>199.630252</ele>
        <time>2026-07-21T22:28:57.841Z</time>
      </trkpt>
      <trkpt lat="50.533890" lon="8.713424">
        <ele>199.215607</ele>
        <time>2026-07-21T22:28:59.958Z</time>
      </trkpt>
      <trkpt lat="50.533718" lon="8.711932">
        <ele>197.549594</ele>
        <time>2026-07-21T22:29:10.841Z</time>
      </trkpt>
      <trkpt lat="50.533604" lon="8.711121">
        <ele>197.386464</ele>
        <time>2026-07-21T22:29:18.222Z</time>
      </trkpt>
      <trkpt lat="50.533335" lon="8.709898">
        <ele>197.174645</ele>
        <time>2026-07-21T22:29:29.391Z</time>
      </trkpt>
      <trkpt lat="50.533178" lon="8.709306">
        <ele>197.934728</ele>
        <time>2026-07-21T22:29:38.781Z</time>
      </trkpt>
      <trkpt lat="50.533114" lon="8.709048">
        <ele>198.314491</ele>
        <time>2026-07-21T22:29:43.073Z</time>
      </trkpt>
      <trkpt lat="50.533101" lon="8.708852">
        <ele>198.398412</ele>
        <time>2026-07-21T22:29:45.736Z</time>
      </trkpt>
      <trkpt lat="50.533104" lon="8.706486">
        <ele>195.366156</ele>
        <time>2026-07-21T22:30:02.138Z</time>
      </trkpt>
      <trkpt lat="50.533039" lon="8.705195">
        <ele>192.927416</ele>
        <time>2026-07-21T22:30:10.533Z</time>
      </trkpt>
      <trkpt lat="50.532939" lon="8.703658">
        <ele>190.378466</ele>
        <time>2026-07-21T22:30:20.867Z</time>
      </trkpt>
      <trkpt lat="50.533018" lon="8.703576">
        <ele>190.185882</ele>
        <time>2026-07-21T22:30:21.828Z</time>
      </trkpt>
      <trkpt lat="50.533033" lon="8.703477">
        <ele>190.063678</ele>
        <time>2026-07-21T22:30:22.517Z</time>
      </trkpt>
      <trkpt lat="50.532981" lon="8.703345">
        <ele>189.892307</ele>
        <time>2026-07-21T22:30:23.873Z</time>
      </trkpt>
      <trkpt lat="50.532916" lon="8.703322">
        <ele>189.833134</ele>
        <time>2026-07-21T22:30:25.070Z</time>
      </trkpt>
      <trkpt lat="50.532908" lon="8.703194">
        <ele>189.760523</ele>
        <time>2026-07-21T22:30:26.218Z</time>
      </trkpt>
      <trkpt lat="50.532791" lon="8.702231">
        <ele>188.232696</ele>
        <time>2026-07-21T22:30:32.665Z</time>
      </trkpt>
      <trkpt lat="50.532781" lon="8.702165">
        <ele>188.159146</ele>
        <time>2026-07-21T22:30:33.158Z</time>
      </trkpt>
      <trkpt lat="50.532759" lon="8.702017">
        <ele>188.041047</ele>
        <time>2026-07-21T22:30:34.357Z</time>
      </trkpt>
      <trkpt lat="50.532747" lon="8.701933">
        <ele>188.042022</ele>
        <time>2026-07-21T22:30:35.181Z</time>
      </trkpt>
      <trkpt lat="50.532678" lon="8.701948">
        <ele>188.043262</ele>
        <time>2026-07-21T22:30:40.888Z</time>
      </trkpt>
      <trkpt lat="50.532630" lon="8.701958">
        <ele>188.044124</ele>
        <time>2026-07-21T22:30:44.871Z</time>
      </trkpt>
      <trkpt lat="50.532607" lon="8.701914">
        <ele>188.033231</ele>
        <time>2026-07-21T22:30:45.478Z</time>
      </trkpt>
      <trkpt lat="50.532550" lon="8.701531">
        <ele>187.707104</ele>
        <time>2026-07-21T22:30:48.410Z</time>
      </trkpt>
      <trkpt lat="50.532425" lon="8.700215">
        <ele>185.111992</ele>
        <time>2026-07-21T22:30:57.012Z</time>
      </trkpt>
      <trkpt lat="50.532353" lon="8.699449">
        <ele>183.738370</ele>
        <time>2026-07-21T22:31:02.104Z</time>
      </trkpt>
      <trkpt lat="50.532067" lon="8.696537">
        <ele>180.247578</ele>
        <time>2026-07-21T22:31:22.802Z</time>
      </trkpt>
      <trkpt lat="50.531786" lon="8.694521">
        <ele>179.813422</ele>
        <time>2026-07-21T22:31:40.828Z</time>
      </trkpt>
      <trkpt lat="50.531540" lon="8.692759">
        <ele>181.379262</ele>
        <time>2026-07-21T22:32:04.742Z</time>
      </trkpt>
      <trkpt lat="50.531288" lon="8.690996">
        <ele>182.560023</ele>
        <time>2026-07-21T22:32:27.128Z</time>
      </trkpt>
      <trkpt lat="50.531135" lon="8.690087">
        <ele>181.771614</ele>
        <time>2026-07-21T22:32:33.923Z</time>
      </trkpt>
      <trkpt lat="50.530885" lon="8.689225">
        <ele>180.418325</ele>
        <time>2026-07-21T22:32:40.360Z</time>
      </trkpt>
      <trkpt lat="50.530642" lon="8.688680">
        <ele>179.669775</ele>
        <time>2026-07-21T22:32:45.042Z</time>
      </trkpt>
      <trkpt lat="50.530109" lon="8.687719">
        <ele>179.230130</ele>
        <time>2026-07-21T22:32:55.992Z</time>
      </trkpt>
      <trkpt lat="50.530019" lon="8.687508">
        <ele>179.220262</ele>
        <time>2026-07-21T22:32:58.400Z</time>
      </trkpt>
      <trkpt lat="50.529956" lon="8.687282">
        <ele>179.319535</ele>
        <time>2026-07-21T22:33:01.086Z</time>
      </trkpt>
      <trkpt lat="50.529782" lon="8.686478">
        <ele>179.812920</ele>
        <time>2026-07-21T22:33:11.046Z</time>
      </trkpt>
      <trkpt lat="50.529686" lon="8.685470">
        <ele>180.516862</ele>
        <time>2026-07-21T22:33:23.682Z</time>
      </trkpt>
      <trkpt lat="50.529556" lon="8.684199">
        <ele>179.294400</ele>
        <time>2026-07-21T22:33:32.989Z</time>
      </trkpt>
      <trkpt lat="50.529606" lon="8.684187">
        <ele>179.212119</ele>
        <time>2026-07-21T22:33:33.572Z</time>
      </trkpt>
      <trkpt lat="50.529595" lon="8.684073">
        <ele>179.134597</ele>
        <time>2026-07-21T22:33:34.436Z</time>
      </trkpt>
      <trkpt lat="50.529640" lon="8.684023">
        <ele>179.095151</ele>
        <time>2026-07-21T22:33:35.123Z</time>
      </trkpt>
      <trkpt lat="50.529652" lon="8.683938">
        <ele>179.055522</ele>
        <time>2026-07-21T22:33:35.859Z</time>
      </trkpt>
      <trkpt lat="50.529623" lon="8.683861">
        <ele>179.014787</ele>
        <time>2026-07-21T22:33:36.680Z</time>
      </trkpt>
      <trkpt lat="50.529569" lon="8.683836">
        <ele>179.030953</ele>
        <time>2026-07-21T22:33:37.563Z</time>
      </trkpt>
      <trkpt lat="50.529462" lon="8.682846">
        <ele>179.408768</ele>
        <time>2026-07-21T22:33:48.443Z</time>
      </trkpt>
      <trkpt lat="50.529274" lon="8.681121">
        <ele>180.337587</ele>
        <time>2026-07-21T22:34:09.251Z</time>
      </trkpt>
      <trkpt lat="50.529102" lon="8.680005">
        <ele>179.522457</ele>
        <time>2026-07-21T22:34:17.911Z</time>
      </trkpt>
      <trkpt lat="50.528802" lon="8.678007">
        <ele>178.378589</ele>
        <time>2026-07-21T22:34:34.112Z</time>
      </trkpt>
      <trkpt lat="50.528613" lon="8.677239">
        <ele>177.631148</ele>
        <time>2026-07-21T22:34:40.168Z</time>
      </trkpt>
      <trkpt lat="50.528616" lon="8.676902">
        <ele>177.375981</ele>
        <time>2026-07-21T22:34:42.803Z</time>
      </trkpt>
      <trkpt lat="50.528671" lon="8.676696">
        <ele>177.199266</ele>
        <time>2026-07-21T22:34:44.402Z</time>
      </trkpt>
      <trkpt lat="50.528631" lon="8.676619">
        <ele>177.136863</ele>
        <time>2026-07-21T22:34:45.143Z</time>
      </trkpt>
      <trkpt lat="50.528517" lon="8.676220">
        <ele>176.923489</ele>
        <time>2026-07-21T22:34:48.784Z</time>
      </trkpt>
      <trkpt lat="50.528274" lon="8.675593">
        <ele>176.699388</ele>
        <time>2026-07-21T22:34:55.050Z</time>
      </trkpt>
      <trkpt lat="50.527952" lon="8.673506">
        <ele>176.058047</ele>
        <time>2026-07-21T22:35:13.393Z</time>
      </trkpt>
      <trkpt lat="50.527950" lon="8.673427">
        <ele>176.020760</ele>
        <time>2026-07-21T22:35:13.997Z</time>
      </trkpt>
      <trkpt lat="50.527690" lon="8.672503">
        <ele>174.834509</ele>
        <time>2026-07-21T22:35:20.960Z</time>
      </trkpt>
      <trkpt lat="50.527538" lon="8.671900">
        <ele>175.085109</ele>
        <time>2026-07-21T22:35:27.976Z</time>
      </trkpt>
      <trkpt lat="50.527293" lon="8.670803">
        <ele>177.662573</ele>
        <time>2026-07-21T22:35:49.902Z</time>
      </trkpt>
      <trkpt lat="50.527190" lon="8.670231">
        <ele>178.774457</ele>
        <time>2026-07-21T22:35:59.944Z</time>
      </trkpt>
      <trkpt lat="50.527047" lon="8.669363">
        <ele>180.218177</ele>
        <time>2026-07-21T22:36:14.228Z</time>
      </trkpt>
      <trkpt lat="50.526904" lon="8.668190">
        <ele>182.350182</ele>
        <time>2026-07-21T22:36:34.419Z</time>
      </trkpt>
      <trkpt lat="50.526893" lon="8.668069">
        <ele>182.462345</ele>
        <time>2026-07-21T22:36:35.849Z</time>
      </trkpt>
      <trkpt lat="50.526945" lon="8.668002">
        <ele>182.583151</ele>
        <time>2026-07-21T22:36:36.927Z</time>
      </trkpt>
      <trkpt lat="50.526955" lon="8.667899">
        <ele>182.800409</ele>
        <time>2026-07-21T22:36:38.315Z</time>
      </trkpt>
      <trkpt lat="50.526920" lon="8.667811">
        <ele>183.016852</ele>
        <time>2026-07-21T22:36:40.292Z</time>
      </trkpt>
      <trkpt lat="50.526855" lon="8.667780">
        <ele>183.239634</ele>
        <time>2026-07-21T22:36:42.665Z</time>
      </trkpt>
      <trkpt lat="50.526852" lon="8.667673">
        <ele>183.465657</ele>
        <time>2026-07-21T22:36:44.926Z</time>
      </trkpt>
      <trkpt lat="50.526798" lon="8.667120">
        <ele>184.490103</ele>
        <time>2026-07-21T22:36:54.009Z</time>
      </trkpt>
      <trkpt lat="50.526788" lon="8.667047">
        <ele>184.607641</ele>
        <time>2026-07-21T22:36:55.121Z</time>
      </trkpt>
      <trkpt lat="50.526715" lon="8.666558">
        <ele>185.393704</ele>
        <time>2026-07-21T22:37:02.967Z</time>
      </trkpt>
      <trkpt lat="50.526277" lon="8.663609">
        <ele>190.049746</ele>
        <time>2026-07-21T22:37:50.461Z</time>
      </trkpt>
      <trkpt lat="50.526221" lon="8.663016">
        <ele>190.450123</ele>
        <time>2026-07-21T22:37:57.385Z</time>
      </trkpt>
      <trkpt lat="50.526176" lon="8.662236">
        <ele>191.287316</ele>
        <time>2026-07-21T22:38:08.196Z</time>
      </trkpt>
      <trkpt lat="50.526164" lon="8.661906">
        <ele>191.591819</ele>
        <time>2026-07-21T22:38:12.681Z</time>
      </trkpt>
      <trkpt lat="50.526196" lon="8.661658">
        <ele>191.795629</ele>
        <time>2026-07-21T22:38:15.540Z</time>
      </trkpt>
      <trkpt lat="50.526200" lon="8.661508">
        <ele>191.912189</ele>
        <time>2026-07-21T22:38:17.438Z</time>
      </trkpt>
      <trkpt lat="50.526249" lon="8.661451">
        <ele>191.963661</ele>
        <time>2026-07-21T22:38:18.701Z</time>
      </trkpt>
      <trkpt lat="50.526271" lon="8.661308">
        <ele>192.042658</ele>
        <time>2026-07-21T22:38:20.432Z</time>
      </trkpt>
      <trkpt lat="50.526230" lon="8.661205">
        <ele>192.109248</ele>
        <time>2026-07-21T22:38:21.793Z</time>
      </trkpt>
      <trkpt lat="50.526177" lon="8.661170">
        <ele>192.165917</ele>
        <time>2026-07-21T22:38:22.776Z</time>
      </trkpt>
      <trkpt lat="50.526178" lon="8.661014">
        <ele>192.263693</ele>
        <time>2026-07-21T22:38:24.604Z</time>
      </trkpt>
      <trkpt lat="50.526179" lon="8.660454">
        <ele>192.855316</ele>
        <time>2026-07-21T22:38:32.472Z</time>
      </trkpt>
      <trkpt lat="50.526186" lon="8.660401">
        <ele>192.905026</ele>
        <time>2026-07-21T22:38:33.235Z</time>
      </trkpt>
      <trkpt lat="50.526284" lon="8.658891">
        <ele>194.312402</ele>
        <time>2026-07-21T22:38:52.889Z</time>
      </trkpt>
      <trkpt lat="50.526309" lon="8.658527">
        <ele>194.712675</ele>
        <time>2026-07-21T22:38:58.164Z</time>
      </trkpt>
      <trkpt lat="50.526400" lon="8.657196">
        <ele>196.371366</ele>
        <time>2026-07-21T22:39:17.665Z</time>
      </trkpt>
      <trkpt lat="50.526449" lon="8.657179">
        <ele>196.460724</ele>
        <time>2026-07-21T22:39:18.666Z</time>
      </trkpt>
      <trkpt lat="50.526473" lon="8.657108">
        <ele>196.546040</ele>
        <time>2026-07-21T22:39:19.615Z</time>
      </trkpt>
      <trkpt lat="50.526454" lon="8.657035">
        <ele>196.602011</ele>
        <time>2026-07-21T22:39:20.516Z</time>
      </trkpt>
      <trkpt lat="50.526418" lon="8.657009">
        <ele>196.646224</ele>
        <time>2026-07-21T22:39:21.259Z</time>
      </trkpt>
      <trkpt lat="50.526468" lon="8.656130">
        <ele>197.207081</ele>
        <time>2026-07-21T22:39:32.420Z</time>
      </trkpt>
      <trkpt lat="50.526525" lon="8.655405">
        <ele>196.589661</ele>
        <time>2026-07-21T22:39:37.734Z</time>
      </trkpt>
      <trkpt lat="50.526626" lon="8.654927">
        <ele>196.033976</ele>
        <time>2026-07-21T22:39:41.286Z</time>
      </trkpt>
      <trkpt lat="50.526712" lon="8.654701">
        <ele>195.771520</ele>
        <time>2026-07-21T22:39:43.294Z</time>
      </trkpt>
      <trkpt lat="50.526878" lon="8.654372">
        <ele>195.271660</ele>
        <time>2026-07-21T22:39:46.243Z</time>
      </trkpt>
      <trkpt lat="50.527206" lon="8.653971">
        <ele>194.378554</ele>
        <time>2026-07-21T22:39:50.655Z</time>
      </trkpt>
      <trkpt lat="50.527293" lon="8.653911">
        <ele>194.285493</ele>
        <time>2026-07-21T22:39:51.763Z</time>
      </trkpt>
      <trkpt lat="50.527454" lon="8.653800">
        <ele>194.263807</ele>
        <time>2026-07-21T22:39:54.604Z</time>
      </trkpt>
      <trkpt lat="50.527885" lon="8.653683">
        <ele>194.569944</ele>
        <time>2026-07-21T22:40:03.063Z</time>
      </trkpt>
      <trkpt lat="50.529319" lon="8.653253">
        <ele>193.884792</ele>
        <time>2026-07-21T22:40:22.257Z</time>
      </trkpt>
      <trkpt lat="50.530065" lon="8.653029">
        <ele>193.159936</ele>
        <time>2026-07-21T22:40:31.529Z</time>
      </trkpt>
      <trkpt lat="50.530156" lon="8.652998">
        <ele>193.002289</ele>
        <time>2026-07-21T22:40:32.649Z</time>
      </trkpt>
      <trkpt lat="50.530232" lon="8.652930">
        <ele>192.840076</ele>
        <time>2026-07-21T22:40:33.598Z</time>
      </trkpt>
      <trkpt lat="50.531119" lon="8.651641">
        <ele>187.904105</ele>
        <time>2026-07-21T22:40:45.328Z</time>
      </trkpt>
      <trkpt lat="50.531444" lon="8.651168">
        <ele>186.194120</ele>
        <time>2026-07-21T22:40:49.642Z</time>
      </trkpt>
      <trkpt lat="50.531605" lon="8.650944">
        <ele>185.644188</ele>
        <time>2026-07-21T22:40:51.940Z</time>
      </trkpt>
      <trkpt lat="50.531850" lon="8.650757">
        <ele>185.199048</ele>
        <time>2026-07-21T22:40:55.080Z</time>
      </trkpt>
      <trkpt lat="50.532602" lon="8.650294">
        <ele>183.900223</ele>
        <time>2026-07-21T22:41:04.401Z</time>
      </trkpt>
      <trkpt lat="50.532715" lon="8.650150">
        <ele>183.384424</ele>
        <time>2026-07-21T22:41:05.831Z</time>
      </trkpt>
      <trkpt lat="50.532726" lon="8.650105">
        <ele>183.275725</ele>
        <time>2026-07-21T22:41:06.117Z</time>
      </trkpt>
      <trkpt lat="50.532757" lon="8.649976">
        <ele>183.039834</ele>
        <time>2026-07-21T22:41:06.973Z</time>
      </trkpt>
      <trkpt lat="50.532569" lon="8.649895">
        <ele>182.598132</ele>
        <time>2026-07-21T22:41:09.266Z</time>
      </trkpt>
      <trkpt lat="50.531992" lon="8.649486">
        <ele>181.583143</ele>
        <time>2026-07-21T22:41:16.450Z</time>
      </trkpt>
      <trkpt lat="50.531829" lon="8.649344">
        <ele>181.087549</ele>
        <time>2026-07-21T22:41:18.432Z</time>
      </trkpt>
      <trkpt lat="50.531719" lon="8.649184">
        <ele>180.489881</ele>
        <time>2026-07-21T22:41:19.878Z</time>
      </trkpt>
      <trkpt lat="50.531397" lon="8.648615">
        <ele>178.211975</ele>
        <time>2026-07-21T22:41:24.522Z</time>
      </trkpt>
      <trkpt lat="50.531129" lon="8.648247">
        <ele>176.247249</ele>
        <time>2026-07-21T22:41:27.764Z</time>
      </trkpt>
      <trkpt lat="50.530679" lon="8.647758">
        <ele>174.138894</ele>
        <time>2026-07-21T22:41:33.277Z</time>
      </trkpt>
      <trkpt lat="50.530327" lon="8.647536">
        <ele>172.028744</ele>
        <time>2026-07-21T22:41:36.736Z</time>
      </trkpt>
      <trkpt lat="50.530153" lon="8.647504">
        <ele>171.252809</ele>
        <time>2026-07-21T22:41:38.421Z</time>
      </trkpt>
      <trkpt lat="50.529889" lon="8.647510">
        <ele>170.734311</ele>
        <time>2026-07-21T22:41:41.246Z</time>
      </trkpt>
      <trkpt lat="50.529655" lon="8.647555">
        <ele>170.763275</ele>
        <time>2026-07-21T22:41:46.519Z</time>
      </trkpt>
      <trkpt lat="50.529614" lon="8.647568">
        <ele>170.723418</ele>
        <time>2026-07-21T22:41:47.153Z</time>
      </trkpt>
      <trkpt lat="50.529578" lon="8.647033">
        <ele>169.831014</ele>
        <time>2026-07-21T22:41:50.582Z</time>
      </trkpt>
      <trkpt lat="50.529575" lon="8.646472">
        <ele>168.934136</ele>
        <time>2026-07-21T22:41:54.330Z</time>
      </trkpt>
      <trkpt lat="50.529609" lon="8.646236">
        <ele>168.667406</ele>
        <time>2026-07-21T22:41:56.047Z</time>
      </trkpt>
      <trkpt lat="50.529717" lon="8.645775">
        <ele>168.356483</ele>
        <time>2026-07-21T22:41:59.959Z</time>
      </trkpt>
      <trkpt lat="50.530249" lon="8.643858">
        <ele>166.481527</ele>
        <time>2026-07-21T22:42:15.358Z</time>
      </trkpt>
      <trkpt lat="50.530331" lon="8.643500">
        <ele>166.428496</ele>
        <time>2026-07-21T22:42:18.806Z</time>
      </trkpt>
      <trkpt lat="50.530365" lon="8.643217">
        <ele>166.529923</ele>
        <time>2026-07-21T22:42:22.012Z</time>
      </trkpt>
      <trkpt lat="50.530386" lon="8.642475">
        <ele>167.004937</ele>
        <time>2026-07-21T22:42:30.860Z</time>
      </trkpt>
      <trkpt lat="50.530332" lon="8.641796">
        <ele>167.532935</ele>
        <time>2026-07-21T22:42:39.259Z</time>
      </trkpt>
      <trkpt lat="50.530283" lon="8.641350">
        <ele>167.979392</ele>
        <time>2026-07-21T22:42:45.432Z</time>
      </trkpt>
      <trkpt lat="50.530148" lon="8.640115">
        <ele>169.010738</ele>
        <time>2026-07-21T22:43:01.621Z</time>
      </trkpt>
      <trkpt lat="50.530058" lon="8.639594">
        <ele>169.515981</ele>
        <time>2026-07-21T22:43:08.408Z</time>
      </trkpt>
      <trkpt lat="50.529948" lon="8.639214">
        <ele>170.000055</ele>
        <time>2026-07-21T22:43:14.339Z</time>
      </trkpt>
      <trkpt lat="50.529843" lon="8.638950">
        <ele>170.336538</ele>
        <time>2026-07-21T22:43:18.877Z</time>
      </trkpt>
      <trkpt lat="50.529789" lon="8.638832">
        <ele>170.417112</ele>
        <time>2026-07-21T22:43:20.433Z</time>
      </trkpt>
      <trkpt lat="50.529635" lon="8.638552">
        <ele>170.782170</ele>
        <time>2026-07-21T22:43:24.782Z</time>
      </trkpt>
      <trkpt lat="50.529455" lon="8.638303">
        <ele>171.624689</ele>
        <time>2026-07-21T22:43:32.093Z</time>
      </trkpt>
      <trkpt lat="50.529236" lon="8.638082">
        <ele>172.818838</ele>
        <time>2026-07-21T22:43:40.780Z</time>
      </trkpt>
      <trkpt lat="50.528996" lon="8.637917">
        <ele>173.992279</ele>
        <time>2026-07-21T22:43:50.153Z</time>
      </trkpt>
      <trkpt lat="50.528888" lon="8.637863">
        <ele>174.314882</ele>
        <time>2026-07-21T22:43:52.946Z</time>
      </trkpt>
      <trkpt lat="50.528423" lon="8.637734">
        <ele>174.943647</ele>
        <time>2026-07-21T22:44:02.206Z</time>
      </trkpt>
      <trkpt lat="50.526942" lon="8.637578">
        <ele>175.877992</ele>
        <time>2026-07-21T22:44:27.811Z</time>
      </trkpt>
      <trkpt lat="50.526369" lon="8.637518">
        <ele>175.868907</ele>
        <time>2026-07-21T22:44:35.922Z</time>
      </trkpt>
      <trkpt lat="50.524585" lon="8.637329">
        <ele>177.640291</ele>
        <time>2026-07-21T22:45:10.115Z</time>
      </trkpt>
      <trkpt lat="50.524361" lon="8.637280">
        <ele>177.644614</ele>
        <time>2026-07-21T22:45:13.419Z</time>
      </trkpt>
      <trkpt lat="50.523967" lon="8.637128">
        <ele>177.207974</ele>
        <time>2026-07-21T22:45:18.369Z</time>
      </trkpt>
      <trkpt lat="50.523510" lon="8.636842">
        <ele>176.090283</ele>
        <time>2026-07-21T22:45:23.617Z</time>
      </trkpt>
      <trkpt lat="50.522811" lon="8.636218">
        <ele>174.045904</ele>
        <time>2026-07-21T22:45:32.064Z</time>
      </trkpt>
      <trkpt lat="50.522362" lon="8.635746">
        <ele>173.344103</ele>
        <time>2026-07-21T22:45:38.341Z</time>
      </trkpt>
      <trkpt lat="50.522070" lon="8.635336">
        <ele>173.152306</ele>
        <time>2026-07-21T22:45:43.591Z</time>
      </trkpt>
      <trkpt lat="50.522047" lon="8.635300">
        <ele>173.166623</ele>
        <time>2026-07-21T22:45:44.081Z</time>
      </trkpt>
      <trkpt lat="50.521990" lon="8.635211">
        <ele>173.202061</ele>
        <time>2026-07-21T22:45:45.435Z</time>
      </trkpt>
      <trkpt lat="50.521964" lon="8.635169">
        <ele>173.218506</ele>
        <time>2026-07-21T22:45:46.146Z</time>
      </trkpt>
      <trkpt lat="50.521775" lon="8.634850">
        <ele>173.610334</ele>
        <time>2026-07-21T22:45:51.959Z</time>
      </trkpt>
      <trkpt lat="50.521410" lon="8.634255">
        <ele>174.532458</ele>
        <time>2026-07-21T22:46:03.174Z</time>
      </trkpt>
      <trkpt lat="50.521153" lon="8.633788">
        <ele>175.297577</ele>
        <time>2026-07-21T22:46:12.648Z</time>
      </trkpt>
      <trkpt lat="50.520908" lon="8.633326">
        <ele>175.492696</ele>
        <time>2026-07-21T22:46:18.467Z</time>
      </trkpt>
      <trkpt lat="50.520573" lon="8.632589">
        <ele>176.898008</ele>
        <time>2026-07-21T22:46:33.112Z</time>
      </trkpt>
      <trkpt lat="50.520486" lon="8.632392">
        <ele>177.280980</ele>
        <time>2026-07-21T22:46:36.905Z</time>
      </trkpt>
      <trkpt lat="50.520196" lon="8.631730">
        <ele>178.343175</ele>
        <time>2026-07-21T22:46:48.885Z</time>
      </trkpt>
      <trkpt lat="50.520153" lon="8.631634">
        <ele>178.459751</ele>
        <time>2026-07-21T22:46:50.468Z</time>
      </trkpt>
      <trkpt lat="50.519697" lon="8.630850">
        <ele>178.981809</ele>
        <time>2026-07-21T22:47:02.528Z</time>
      </trkpt>
      <trkpt lat="50.519231" lon="8.629964">
        <ele>177.948292</ele>
        <time>2026-07-21T22:47:10.868Z</time>
      </trkpt>
      <trkpt lat="50.518714" lon="8.628971">
        <ele>177.900006</ele>
        <time>2026-07-21T22:47:22.993Z</time>
      </trkpt>
      <trkpt lat="50.518475" lon="8.628413">
        <ele>177.925735</ele>
        <time>2026-07-21T22:47:29.423Z</time>
      </trkpt>
      <trkpt lat="50.518370" lon="8.628114">
        <ele>177.995241</ele>
        <time>2026-07-21T22:47:32.885Z</time>
      </trkpt>
      <trkpt lat="50.518181" lon="8.627329">
        <ele>178.198964</ele>
        <time>2026-07-21T22:47:41.861Z</time>
      </trkpt>
      <trkpt lat="50.517866" lon="8.626063">
        <ele>178.555159</ele>
        <time>2026-07-21T22:47:55.538Z</time>
      </trkpt>
      <trkpt lat="50.517947" lon="8.625974">
        <ele>178.706496</ele>
        <time>2026-07-21T22:47:57.719Z</time>
      </trkpt>
      <trkpt lat="50.518036" lon="8.625802">
        <ele>179.114013</ele>
        <time>2026-07-21T22:48:01.436Z</time>
      </trkpt>
      <trkpt lat="50.518160" lon="8.625526">
        <ele>179.779888</ele>
        <time>2026-07-21T22:48:07.622Z</time>
      </trkpt>
      <trkpt lat="50.518543" lon="8.624735">
        <ele>181.530252</ele>
        <time>2026-07-21T22:48:24.388Z</time>
      </trkpt>
      <trkpt lat="50.518686" lon="8.624410">
        <ele>182.061783</ele>
        <time>2026-07-21T22:48:29.595Z</time>
      </trkpt>
      <trkpt lat="50.518777" lon="8.624168">
        <ele>182.671565</ele>
        <time>2026-07-21T22:48:34.092Z</time>
      </trkpt>
      <trkpt lat="50.519037" lon="8.623432">
        <ele>185.092285</ele>
        <time>2026-07-21T22:48:52.420Z</time>
      </trkpt>
      <trkpt lat="50.519141" lon="8.623137">
        <ele>185.996729</ele>
        <time>2026-07-21T22:48:59.563Z</time>
      </trkpt>
      <trkpt lat="50.519609" lon="8.621975">
        <ele>188.099772</ele>
        <time>2026-07-21T22:49:20.764Z</time>
      </trkpt>
      <trkpt lat="50.519890" lon="8.621276">
        <ele>189.286937</ele>
        <time>2026-07-21T22:49:33.282Z</time>
      </trkpt>
      <trkpt lat="50.520062" lon="8.620752">
        <ele>190.010680</ele>
        <time>2026-07-21T22:49:41.832Z</time>
      </trkpt>
      <trkpt lat="50.520315" lon="8.619372">
        <ele>191.930030</ele>
        <time>2026-07-21T22:50:02.933Z</time>
      </trkpt>
      <trkpt lat="50.520386" lon="8.618807">
        <ele>192.918147</ele>
        <time>2026-07-21T22:50:12.120Z</time>
      </trkpt>
      <trkpt lat="50.520423" lon="8.617859">
        <ele>194.706044</ele>
        <time>2026-07-21T22:50:28.387Z</time>
      </trkpt>
      <trkpt lat="50.520501" lon="8.615609">
        <ele>199.139656</ele>
        <time>2026-07-21T22:51:07.625Z</time>
      </trkpt>
      <trkpt lat="50.520590" lon="8.614156">
        <ele>201.497827</ele>
        <time>2026-07-21T22:51:30.672Z</time>
      </trkpt>
      <trkpt lat="50.520767" lon="8.611721">
        <ele>205.328224</ele>
        <time>2026-07-21T22:52:08.778Z</time>
      </trkpt>
      <trkpt lat="50.520790" lon="8.610438">
        <ele>207.692467</ele>
        <time>2026-07-21T22:52:30.628Z</time>
      </trkpt>
      <trkpt lat="50.520928" lon="8.608466">
        <ele>211.183877</ele>
        <time>2026-07-21T22:53:03.245Z</time>
      </trkpt>
      <trkpt lat="50.520955" lon="8.607756">
        <ele>212.282443</ele>
        <time>2026-07-21T22:53:14.281Z</time>
      </trkpt>
      <trkpt lat="50.520967" lon="8.606301">
        <ele>214.190490</ele>
        <time>2026-07-21T22:53:35.873Z</time>
      </trkpt>
      <trkpt lat="50.521017" lon="8.605961">
        <ele>214.559753</ele>
        <time>2026-07-21T22:53:40.581Z</time>
      </trkpt>
      <trkpt lat="50.521285" lon="8.604833">
        <ele>215.149714</ele>
        <time>2026-07-21T22:53:54.433Z</time>
      </trkpt>
      <trkpt lat="50.522019" lon="8.602582">
        <ele>215.143768</ele>
        <time>2026-07-21T22:54:18.088Z</time>
      </trkpt>
      <trkpt lat="50.522286" lon="8.601256">
        <ele>214.651392</ele>
        <time>2026-07-21T22:54:29.456Z</time>
      </trkpt>
      <trkpt lat="50.522562" lon="8.599552">
        <ele>214.616776</ele>
        <time>2026-07-21T22:54:46.296Z</time>
      </trkpt>
      <trkpt lat="50.522943" lon="8.596830">
        <ele>215.003701</ele>
        <time>2026-07-21T22:55:14.011Z</time>
      </trkpt>
      <trkpt lat="50.523187" lon="8.595846">
        <ele>215.184647</ele>
        <time>2026-07-21T22:55:24.624Z</time>
      </trkpt>
      <trkpt lat="50.523586" lon="8.594548">
        <ele>215.168563</ele>
        <time>2026-07-21T22:55:38.341Z</time>
      </trkpt>
      <trkpt lat="50.523654" lon="8.594326">
        <ele>215.098639</ele>
        <time>2026-07-21T22:55:40.405Z</time>
      </trkpt>
      <trkpt lat="50.523677" lon="8.594339">
        <ele>215.100131</ele>
        <time>2026-07-21T22:55:40.695Z</time>
      </trkpt>
      <trkpt lat="50.523774" lon="8.594332">
        <ele>215.120802</ele>
        <time>2026-07-21T22:55:41.880Z</time>
      </trkpt>
      <trkpt lat="50.523861" lon="8.594201">
        <ele>215.171987</ele>
        <time>2026-07-21T22:55:44.119Z</time>
      </trkpt>
      <trkpt lat="50.523859" lon="8.594004">
        <ele>215.476414</ele>
        <time>2026-07-21T22:55:47.521Z</time>
      </trkpt>
      <trkpt lat="50.523765" lon="8.593874">
        <ele>215.722225</ele>
        <time>2026-07-21T22:55:50.805Z</time>
      </trkpt>
      <trkpt lat="50.523647" lon="8.593892">
        <ele>215.823856</ele>
        <time>2026-07-21T22:55:52.947Z</time>
      </trkpt>
      <trkpt lat="50.523580" lon="8.594001">
        <ele>215.862995</ele>
        <time>2026-07-21T22:55:54.225Z</time>
      </trkpt>
      <trkpt lat="50.523031" lon="8.593604">
        <ele>215.342771</ele>
        <time>2026-07-21T22:56:01.894Z</time>
      </trkpt>
      <trkpt lat="50.522545" lon="8.593168">
        <ele>214.115883</ele>
        <time>2026-07-21T22:56:07.968Z</time>
      </trkpt>
      <trkpt lat="50.520977" lon="8.591319">
        <ele>207.535104</ele>
        <time>2026-07-21T22:56:27.655Z</time>
      </trkpt>
      <trkpt lat="50.520764" lon="8.591064">
        <ele>206.383533</ele>
        <time>2026-07-21T22:56:30.141Z</time>
      </trkpt>
      <trkpt lat="50.520722" lon="8.591013">
        <ele>206.370249</ele>
        <time>2026-07-21T22:56:30.689Z</time>
      </trkpt>
      <trkpt lat="50.520323" lon="8.590548">
        <ele>206.079999</ele>
        <time>2026-07-21T22:56:39.591Z</time>
      </trkpt>
      <trkpt lat="50.519149" lon="8.589117">
        <ele>198.579898</ele>
        <time>2026-07-21T22:56:53.507Z</time>
      </trkpt>
      <trkpt lat="50.518703" lon="8.588514">
        <ele>195.525456</ele>
        <time>2026-07-21T22:56:58.963Z</time>
      </trkpt>
      <trkpt lat="50.518366" lon="8.587997">
        <ele>195.371042</ele>
        <time>2026-07-21T22:57:06.155Z</time>
      </trkpt>
      <trkpt lat="50.518096" lon="8.587499">
        <ele>195.161782</ele>
        <time>2026-07-21T22:57:11.496Z</time>
      </trkpt>
      <trkpt lat="50.517872" lon="8.586945">
        <ele>195.403626</ele>
        <time>2026-07-21T22:57:18.931Z</time>
      </trkpt>
      <trkpt lat="50.517667" lon="8.586441">
        <ele>195.684503</ele>
        <time>2026-07-21T22:57:25.842Z</time>
      </trkpt>
      <trkpt lat="50.517483" lon="8.585880">
        <ele>195.928748</ele>
        <time>2026-07-21T22:57:32.466Z</time>
      </trkpt>
      <trkpt lat="50.517458" lon="8.585805">
        <ele>195.974303</ele>
        <time>2026-07-21T22:57:33.432Z</time>
      </trkpt>
      <trkpt lat="50.517407" lon="8.585564">
        <ele>196.102167</ele>
        <time>2026-07-21T22:57:36.474Z</time>
      </trkpt>
      <trkpt lat="50.517393" lon="8.585397">
        <ele>196.154011</ele>
        <time>2026-07-21T22:57:38.384Z</time>
      </trkpt>
      <trkpt lat="50.517426" lon="8.585312">
        <ele>196.184664</ele>
        <time>2026-07-21T22:57:39.411Z</time>
      </trkpt>
      <trkpt lat="50.517417" lon="8.585167">
        <ele>196.240030</ele>
        <time>2026-07-21T22:57:40.713Z</time>
      </trkpt>
      <trkpt lat="50.517350" lon="8.585076">
        <ele>196.297796</ele>
        <time>2026-07-21T22:57:42.154Z</time>
      </trkpt>
      <trkpt lat="50.517280" lon="8.585070">
        <ele>196.343541</ele>
        <time>2026-07-21T22:57:43.529Z</time>
      </trkpt>
      <trkpt lat="50.517221" lon="8.584916">
        <ele>196.629892</ele>
        <time>2026-07-21T22:57:46.377Z</time>
      </trkpt>
      <trkpt lat="50.517168" lon="8.584726">
        <ele>196.957349</ele>
        <time>2026-07-21T22:57:49.720Z</time>
      </trkpt>
      <trkpt lat="50.517124" lon="8.583381">
        <ele>198.588522</ele>
        <time>2026-07-21T22:58:08.818Z</time>
      </trkpt>
      <trkpt lat="50.516998" lon="8.580972">
        <ele>201.098275</ele>
        <time>2026-07-21T22:58:41.564Z</time>
      </trkpt>
      <trkpt lat="50.516994" lon="8.580884">
        <ele>201.219763</ele>
        <time>2026-07-21T22:58:43.106Z</time>
      </trkpt>
      <trkpt lat="50.516993" lon="8.580853">
        <ele>201.268903</ele>
        <time>2026-07-21T22:58:43.693Z</time>
      </trkpt>
      <trkpt lat="50.516979" lon="8.580529">
        <ele>201.812711</ele>
        <time>2026-07-21T22:58:49.328Z</time>
      </trkpt>
      <trkpt lat="50.516973" lon="8.580350">
        <ele>201.912565</ele>
        <time>2026-07-21T22:58:51.040Z</time>
      </trkpt>
      <trkpt lat="50.516953" lon="8.580005">
        <ele>202.189195</ele>
        <time>2026-07-21T22:58:55.094Z</time>
      </trkpt>
      <trkpt lat="50.516920" lon="8.579315">
        <ele>202.998763</ele>
        <time>2026-07-21T22:59:06.048Z</time>
      </trkpt>
      <trkpt lat="50.516900" lon="8.578765">
        <ele>202.916038</ele>
        <time>2026-07-21T22:59:10.252Z</time>
      </trkpt>
      <trkpt lat="50.516750" lon="8.576443">
        <ele>206.805787</ele>
        <time>2026-07-21T22:59:48.552Z</time>
      </trkpt>
      <trkpt lat="50.516572" lon="8.574826">
        <ele>207.983651</ele>
        <time>2026-07-21T23:00:08.507Z</time>
      </trkpt>
      <trkpt lat="50.516273" lon="8.573022">
        <ele>208.968938</ele>
        <time>2026-07-21T23:00:29.720Z</time>
      </trkpt>
      <trkpt lat="50.516102" lon="8.572065">
        <ele>209.961444</ele>
        <time>2026-07-21T23:00:43.064Z</time>
      </trkpt>
      <trkpt lat="50.516073" lon="8.571956">
        <ele>210.142314</ele>
        <time>2026-07-21T23:00:44.967Z</time>
      </trkpt>
      <trkpt lat="50.515958" lon="8.571507">
        <ele>211.057118</ele>
        <time>2026-07-21T23:00:53.075Z</time>
      </trkpt>
      <trkpt lat="50.515769" lon="8.570831">
        <ele>213.183856</ele>
        <time>2026-07-21T23:01:09.162Z</time>
      </trkpt>
      <trkpt lat="50.515571" lon="8.570262">
        <ele>213.884519</ele>
        <time>2026-07-21T23:01:18.259Z</time>
      </trkpt>
      <trkpt lat="50.515185" lon="8.569140">
        <ele>212.728563</ele>
        <time>2026-07-21T23:01:27.358Z</time>
      </trkpt>
      <trkpt lat="50.514823" lon="8.568200">
        <ele>213.254940</ele>
        <time>2026-07-21T23:01:39.081Z</time>
      </trkpt>
      <trkpt lat="50.514001" lon="8.566366">
        <ele>220.723387</ele>
        <time>2026-07-21T23:02:31.234Z</time>
      </trkpt>
      <trkpt lat="50.513217" lon="8.564761">
        <ele>228.358452</ele>
        <time>2026-07-21T23:03:22.363Z</time>
      </trkpt>
      <trkpt lat="50.511871" lon="8.562216">
        <ele>227.220631</ele>
        <time>2026-07-21T23:03:49.372Z</time>
      </trkpt>
      <trkpt lat="50.510683" lon="8.560023">
        <ele>227.173398</ele>
        <time>2026-07-21T23:04:15.416Z</time>
      </trkpt>
      <trkpt lat="50.510250" lon="8.559238">
        <ele>230.142862</ele>
        <time>2026-07-21T23:04:38.410Z</time>
      </trkpt>
      <trkpt lat="50.509736" lon="8.558185">
        <ele>233.292779</ele>
        <time>2026-07-21T23:05:03.422Z</time>
      </trkpt>
      <trkpt lat="50.509526" lon="8.557575">
        <ele>233.665730</ele>
        <time>2026-07-21T23:05:11.464Z</time>
      </trkpt>
      <trkpt lat="50.509370" lon="8.556945">
        <ele>233.787894</ele>
        <time>2026-07-21T23:05:17.503Z</time>
      </trkpt>
      <trkpt lat="50.509293" lon="8.556451">
        <ele>234.840155</ele>
        <time>2026-07-21T23:05:27.452Z</time>
      </trkpt>
      <trkpt lat="50.509221" lon="8.555712">
        <ele>236.199930</ele>
        <time>2026-07-21T23:05:39.458Z</time>
      </trkpt>
      <trkpt lat="50.509176" lon="8.555199">
        <ele>237.299509</ele>
        <time>2026-07-21T23:05:47.939Z</time>
      </trkpt>
      <trkpt lat="50.509126" lon="8.554651">
        <ele>239.702871</ele>
        <time>2026-07-21T23:06:03.913Z</time>
      </trkpt>
      <trkpt lat="50.509012" lon="8.553414">
        <ele>245.606627</ele>
        <time>2026-07-21T23:06:39.176Z</time>
      </trkpt>
      <trkpt lat="50.509000" lon="8.553323">
        <ele>245.996231</ele>
        <time>2026-07-21T23:06:42.114Z</time>
      </trkpt>
      <trkpt lat="50.508943" lon="8.552886">
        <ele>247.576911</ele>
        <time>2026-07-21T23:06:52.653Z</time>
      </trkpt>
      <trkpt lat="50.508774" lon="8.551601">
        <ele>251.299335</ele>
        <time>2026-07-21T23:07:19.233Z</time>
      </trkpt>
      <trkpt lat="50.508714" lon="8.551337">
        <ele>252.343750</ele>
        <time>2026-07-21T23:07:27.033Z</time>
      </trkpt>
      <trkpt lat="50.508654" lon="8.551266">
        <ele>252.506019</ele>
        <time>2026-07-21T23:07:28.956Z</time>
      </trkpt>
      <trkpt lat="50.508449" lon="8.551205">
        <ele>252.908967</ele>
        <time>2026-07-21T23:07:32.090Z</time>
      </trkpt>
      <trkpt lat="50.508318" lon="8.551185">
        <ele>253.372304</ele>
        <time>2026-07-21T23:07:36.210Z</time>
      </trkpt>
      <trkpt lat="50.508236" lon="8.551171">
        <ele>253.728294</ele>
        <time>2026-07-21T23:07:39.284Z</time>
      </trkpt>
      <trkpt lat="50.507946" lon="8.551117">
        <ele>255.185920</ele>
        <time>2026-07-21T23:07:49.770Z</time>
      </trkpt>
      <trkpt lat="50.507805" lon="8.551085">
        <ele>255.784043</ele>
        <time>2026-07-21T23:07:53.975Z</time>
      </trkpt>
      <trkpt lat="50.507678" lon="8.551034">
        <ele>256.197738</ele>
        <time>2026-07-21T23:07:57.664Z</time>
      </trkpt>
      <trkpt lat="50.507271" lon="8.550465">
        <ele>257.800726</ele>
        <time>2026-07-21T23:08:12.356Z</time>
      </trkpt>
      <trkpt lat="50.507062" lon="8.550215">
        <ele>258.032604</ele>
        <time>2026-07-21T23:08:16.607Z</time>
      </trkpt>
      <trkpt lat="50.506826" lon="8.549964">
        <ele>258.280719</ele>
        <time>2026-07-21T23:08:21.953Z</time>
      </trkpt>
      <trkpt lat="50.506745" lon="8.549871">
        <ele>258.370231</ele>
        <time>2026-07-21T23:08:24.113Z</time>
      </trkpt>
      <trkpt lat="50.506335" lon="8.549447">
        <ele>258.264367</ele>
        <time>2026-07-21T23:08:31.490Z</time>
      </trkpt>
      <trkpt lat="50.506002" lon="8.549108">
        <ele>257.188604</ele>
        <time>2026-07-21T23:08:35.485Z</time>
      </trkpt>
      <trkpt lat="50.505516" lon="8.548592">
        <ele>256.793355</ele>
        <time>2026-07-21T23:08:42.864Z</time>
      </trkpt>
      <trkpt lat="50.505463" lon="8.548533">
        <ele>256.799346</ele>
        <time>2026-07-21T23:08:44.182Z</time>
      </trkpt>
      <trkpt lat="50.504851" lon="8.547860">
        <ele>258.059582</ele>
        <time>2026-07-21T23:09:01.133Z</time>
      </trkpt>
      <trkpt lat="50.504814" lon="8.547819">
        <ele>258.002858</ele>
        <time>2026-07-21T23:09:01.835Z</time>
      </trkpt>
      <trkpt lat="50.504403" lon="8.547359">
        <ele>257.272573</ele>
        <time>2026-07-21T23:09:07.446Z</time>
      </trkpt>
      <trkpt lat="50.504271" lon="8.547171">
        <ele>256.773083</ele>
        <time>2026-07-21T23:09:09.386Z</time>
      </trkpt>
      <trkpt lat="50.504002" lon="8.546770">
        <ele>255.199987</ele>
        <time>2026-07-21T23:09:12.928Z</time>
      </trkpt>
      <trkpt lat="50.503781" lon="8.546391">
        <ele>253.819099</ele>
        <time>2026-07-21T23:09:16.042Z</time>
      </trkpt>
      <trkpt lat="50.503621" lon="8.546103">
        <ele>253.183476</ele>
        <time>2026-07-21T23:09:18.612Z</time>
      </trkpt>
      <trkpt lat="50.503499" lon="8.545838">
        <ele>252.809222</ele>
        <time>2026-07-21T23:09:21.145Z</time>
      </trkpt>
      <trkpt lat="50.503443" lon="8.545617">
        <ele>252.531422</ele>
        <time>2026-07-21T23:09:22.764Z</time>
      </trkpt>
      <trkpt lat="50.503442" lon="8.545392">
        <ele>252.246558</ele>
        <time>2026-07-21T23:09:24.321Z</time>
      </trkpt>
      <trkpt lat="50.503536" lon="8.544589">
        <ele>251.624992</ele>
        <time>2026-07-21T23:09:30.559Z</time>
      </trkpt>
      <trkpt lat="50.503535" lon="8.544326">
        <ele>251.533846</ele>
        <time>2026-07-21T23:09:32.628Z</time>
      </trkpt>
      <trkpt lat="50.503413" lon="8.543416">
        <ele>251.590507</ele>
        <time>2026-07-21T23:09:41.973Z</time>
      </trkpt>
      <trkpt lat="50.503418" lon="8.542919">
        <ele>251.524521</ele>
        <time>2026-07-21T23:09:46.604Z</time>
      </trkpt>
      <trkpt lat="50.503401" lon="8.542824">
        <ele>251.423082</ele>
        <time>2026-07-21T23:09:47.294Z</time>
      </trkpt>
      <trkpt lat="50.503329" lon="8.542661">
        <ele>251.124781</ele>
        <time>2026-07-21T23:09:48.605Z</time>
      </trkpt>
      <trkpt lat="50.503222" lon="8.542508">
        <ele>250.828172</ele>
        <time>2026-07-21T23:09:50.178Z</time>
      </trkpt>
      <trkpt lat="50.503073" lon="8.542333">
        <ele>250.488471</ele>
        <time>2026-07-21T23:09:52.236Z</time>
      </trkpt>
      <trkpt lat="50.502735" lon="8.541922">
        <ele>249.694418</ele>
        <time>2026-07-21T23:09:57.057Z</time>
      </trkpt>
      <trkpt lat="50.502612" lon="8.541825">
        <ele>249.435439</ele>
        <time>2026-07-21T23:09:58.488Z</time>
      </trkpt>
      <trkpt lat="50.502214" lon="8.541561">
        <ele>248.690006</ele>
        <time>2026-07-21T23:10:03.608Z</time>
      </trkpt>
      <trkpt lat="50.501841" lon="8.541485">
        <ele>247.651358</ele>
        <time>2026-07-21T23:10:07.365Z</time>
      </trkpt>
      <trkpt lat="50.501615" lon="8.541454">
        <ele>247.277849</ele>
        <time>2026-07-21T23:10:10.303Z</time>
      </trkpt>
      <trkpt lat="50.501510" lon="8.541408">
        <ele>247.058275</ele>
        <time>2026-07-21T23:10:11.464Z</time>
      </trkpt>
      <trkpt lat="50.501388" lon="8.541313">
        <ele>246.721254</ele>
        <time>2026-07-21T23:10:12.868Z</time>
      </trkpt>
      <trkpt lat="50.501144" lon="8.540997">
        <ele>246.110596</ele>
        <time>2026-07-21T23:10:16.204Z</time>
      </trkpt>
      <trkpt lat="50.500919" lon="8.540221">
        <ele>247.130008</ele>
        <time>2026-07-21T23:10:29.369Z</time>
      </trkpt>
      <trkpt lat="50.500835" lon="8.540002">
        <ele>247.346048</ele>
        <time>2026-07-21T23:10:32.128Z</time>
      </trkpt>
      <trkpt lat="50.500743" lon="8.539845">
        <ele>247.699692</ele>
        <time>2026-07-21T23:10:35.467Z</time>
      </trkpt>
      <trkpt lat="50.500532" lon="8.539459">
        <ele>248.774660</ele>
        <time>2026-07-21T23:10:44.835Z</time>
      </trkpt>
      <trkpt lat="50.499560" lon="8.537823">
        <ele>253.039365</ele>
        <time>2026-07-21T23:11:21.978Z</time>
      </trkpt>
      <trkpt lat="50.499477" lon="8.537684">
        <ele>253.745149</ele>
        <time>2026-07-21T23:11:27.625Z</time>
      </trkpt>
      <trkpt lat="50.499129" lon="8.537061">
        <ele>257.651498</ele>
        <time>2026-07-21T23:11:51.222Z</time>
      </trkpt>
      <trkpt lat="50.498808" lon="8.536386">
        <ele>262.008501</ele>
        <time>2026-07-21T23:12:16.861Z</time>
      </trkpt>
      <trkpt lat="50.497388" lon="8.533380">
        <ele>278.066056</ele>
        <time>2026-07-21T23:13:56.678Z</time>
      </trkpt>
      <trkpt lat="50.496943" lon="8.532641">
        <ele>282.054461</ele>
        <time>2026-07-21T23:14:21.978Z</time>
      </trkpt>
      <trkpt lat="50.496695" lon="8.532335">
        <ele>284.349571</ele>
        <time>2026-07-21T23:14:36.050Z</time>
      </trkpt>
      <trkpt lat="50.496422" lon="8.532095">
        <ele>286.513442</ele>
        <time>2026-07-21T23:14:48.989Z</time>
      </trkpt>
      <trkpt lat="50.496122" lon="8.531895">
        <ele>289.151710</ele>
        <time>2026-07-21T23:15:03.160Z</time>
      </trkpt>
      <trkpt lat="50.495592" lon="8.531640">
        <ele>295.279841</ele>
        <time>2026-07-21T23:15:39.660Z</time>
      </trkpt>
      <trkpt lat="50.493303" lon="8.530321">
        <ele>298.664277</ele>
        <time>2026-07-21T23:16:26.902Z</time>
      </trkpt>
      <trkpt lat="50.490243" lon="8.528635">
        <ele>306.224866</ele>
        <time>2026-07-21T23:17:45.538Z</time>
      </trkpt>
      <trkpt lat="50.489145" lon="8.528022">
        <ele>309.697453</ele>
        <time>2026-07-21T23:18:17.301Z</time>
      </trkpt>
      <trkpt lat="50.487786" lon="8.527233">
        <ele>311.550182</ele>
        <time>2026-07-21T23:18:46.306Z</time>
      </trkpt>
      <trkpt lat="50.487056" lon="8.526924">
        <ele>310.453139</ele>
        <time>2026-07-21T23:18:54.960Z</time>
      </trkpt>
      <trkpt lat="50.486732" lon="8.526692">
        <ele>309.302797</ele>
        <time>2026-07-21T23:18:58.595Z</time>
      </trkpt>
      <trkpt lat="50.486282" lon="8.526311">
        <ele>306.935397</ele>
        <time>2026-07-21T23:19:03.412Z</time>
      </trkpt>
      <trkpt lat="50.486195" lon="8.526226">
        <ele>306.482976</ele>
        <time>2026-07-21T23:19:04.412Z</time>
      </trkpt>
      <trkpt lat="50.485599" lon="8.525614">
        <ele>303.478403</ele>
        <time>2026-07-21T23:19:11.270Z</time>
      </trkpt>
      <trkpt lat="50.484921" lon="8.525134">
        <ele>301.215688</ele>
        <time>2026-07-21T23:19:18.937Z</time>
      </trkpt>
      <trkpt lat="50.484157" lon="8.524705">
        <ele>299.106191</ele>
        <time>2026-07-21T23:19:27.454Z</time>
      </trkpt>
      <trkpt lat="50.483588" lon="8.524415">
        <ele>297.733109</ele>
        <time>2026-07-21T23:19:33.818Z</time>
      </trkpt>
      <trkpt lat="50.483203" lon="8.524178">
        <ele>298.164217</ele>
        <time>2026-07-21T23:19:41.578Z</time>
      </trkpt>
      <trkpt lat="50.482887" lon="8.523927">
        <ele>299.533301</ele>
        <time>2026-07-21T23:19:51.435Z</time>
      </trkpt>
      <trkpt lat="50.482620" lon="8.523617">
        <ele>302.122770</ele>
        <time>2026-07-21T23:20:08.409Z</time>
      </trkpt>
      <trkpt lat="50.481487" lon="8.521939">
        <ele>312.019774</ele>
        <time>2026-07-21T23:21:11.763Z</time>
      </trkpt>
      <trkpt lat="50.479814" lon="8.519461">
        <ele>315.356008</ele>
        <time>2026-07-21T23:21:58.452Z</time>
      </trkpt>
      <trkpt lat="50.479221" lon="8.518589">
        <ele>315.639215</ele>
        <time>2026-07-21T23:22:11.900Z</time>
      </trkpt>
      <trkpt lat="50.479058" lon="8.518354">
        <ele>315.397592</ele>
        <time>2026-07-21T23:22:14.608Z</time>
      </trkpt>
      <trkpt lat="50.478246" lon="8.517002">
        <ele>311.935346</ele>
        <time>2026-07-21T23:22:26.713Z</time>
      </trkpt>
      <trkpt lat="50.478155" lon="8.516846">
        <ele>311.237182</ele>
        <time>2026-07-21T23:22:27.992Z</time>
      </trkpt>
      <trkpt lat="50.478104" lon="8.516767">
        <ele>310.863778</ele>
        <time>2026-07-21T23:22:28.655Z</time>
      </trkpt>
      <trkpt lat="50.478131" lon="8.516653">
        <ele>310.422575</ele>
        <time>2026-07-21T23:22:29.364Z</time>
      </trkpt>
      <trkpt lat="50.478069" lon="8.516481">
        <ele>309.683427</ele>
        <time>2026-07-21T23:22:30.519Z</time>
      </trkpt>
      <trkpt lat="50.477927" lon="8.516233">
        <ele>308.593647</ele>
        <time>2026-07-21T23:22:32.471Z</time>
      </trkpt>
      <trkpt lat="50.477918" lon="8.515835">
        <ele>307.967800</ele>
        <time>2026-07-21T23:22:35.301Z</time>
      </trkpt>
      <trkpt lat="50.477907" lon="8.515255">
        <ele>307.722637</ele>
        <time>2026-07-21T23:22:40.231Z</time>
      </trkpt>
      <trkpt lat="50.477937" lon="8.514877">
        <ele>307.362767</ele>
        <time>2026-07-21T23:22:43.018Z</time>
      </trkpt>
      <trkpt lat="50.477974" lon="8.514477">
        <ele>306.811411</ele>
        <time>2026-07-21T23:22:45.780Z</time>
      </trkpt>
      <trkpt lat="50.477991" lon="8.514339">
        <ele>306.627298</ele>
        <time>2026-07-21T23:22:46.744Z</time>
      </trkpt>
      <trkpt lat="50.478203" lon="8.513839">
        <ele>305.956194</ele>
        <time>2026-07-21T23:22:51.058Z</time>
      </trkpt>
      <trkpt lat="50.478402" lon="8.513266">
        <ele>304.831371</ele>
        <time>2026-07-21T23:22:55.421Z</time>
      </trkpt>
      <trkpt lat="50.478416" lon="8.513220">
        <ele>304.731184</ele>
        <time>2026-07-21T23:22:55.745Z</time>
      </trkpt>
      <trkpt lat="50.478666" lon="8.512274">
        <ele>301.847305</ele>
        <time>2026-07-21T23:23:02.004Z</time>
      </trkpt>
      <trkpt lat="50.478798" lon="8.511188">
        <ele>298.108777</ele>
        <time>2026-07-21T23:23:08.540Z</time>
      </trkpt>
      <trkpt lat="50.478829" lon="8.510907">
        <ele>297.451867</ele>
        <time>2026-07-21T23:23:10.442Z</time>
      </trkpt>
      <trkpt lat="50.478818" lon="8.510741">
        <ele>297.061110</ele>
        <time>2026-07-21T23:23:11.494Z</time>
      </trkpt>
      <trkpt lat="50.478805" lon="8.510645">
        <ele>296.786038</ele>
        <time>2026-07-21T23:23:12.088Z</time>
      </trkpt>
      <trkpt lat="50.478664" lon="8.509948">
        <ele>294.570660</ele>
        <time>2026-07-21T23:23:16.532Z</time>
      </trkpt>
      <trkpt lat="50.478547" lon="8.509655">
        <ele>293.273043</ele>
        <time>2026-07-21T23:23:18.515Z</time>
      </trkpt>
      <trkpt lat="50.478316" lon="8.509253">
        <ele>291.371227</ele>
        <time>2026-07-21T23:23:21.715Z</time>
      </trkpt>
      <trkpt lat="50.478155" lon="8.509076">
        <ele>290.788259</ele>
        <time>2026-07-21T23:23:23.732Z</time>
      </trkpt>
      <trkpt lat="50.477973" lon="8.508910">
        <ele>290.568526</ele>
        <time>2026-07-21T23:23:26.311Z</time>
      </trkpt>
      <trkpt lat="50.477589" lon="8.508745">
        <ele>290.783553</ele>
        <time>2026-07-21T23:23:33.033Z</time>
      </trkpt>
      <trkpt lat="50.477477" lon="8.509422">
        <ele>291.629394</ele>
        <time>2026-07-21T23:23:43.272Z</time>
      </trkpt>
      <trkpt lat="50.477261" lon="8.510606">
        <ele>293.590817</ele>
        <time>2026-07-21T23:24:02.766Z</time>
      </trkpt>
      <trkpt lat="50.477201" lon="8.510586">
        <ele>293.773435</ele>
        <time>2026-07-21T23:24:10.112Z</time>
      </trkpt>
      <trkpt lat="50.477164" lon="8.510655">
        <ele>293.944399</ele>
        <time>2026-07-21T23:24:17.145Z</time>
      </trkpt>
      <trkpt lat="50.477123" lon="8.510652">
        <ele>294.066604</ele>
        <time>2026-07-21T23:24:22.230Z</time>
      </trkpt>
      <trkpt lat="50.477027" lon="8.510611">
        <ele>294.393370</ele>
        <time>2026-07-21T23:24:34.881Z</time>
      </trkpt>
      <trkpt lat="50.476986" lon="8.510512">
        <ele>294.666503</ele>
        <time>2026-07-21T23:24:44.679Z</time>
      </trkpt>
      <trkpt lat="50.476947" lon="8.510565">
        <ele>294.853859</ele>
        <time>2026-07-21T23:24:51.164Z</time>
      </trkpt>
      <trkpt lat="50.476848" lon="8.510288">
        <ele>295.089477</ele>
        <time>2026-07-21T23:24:55.575Z</time>
      </trkpt>
      <trkpt lat="50.476826" lon="8.509821">
        <ele>294.617725</ele>
        <time>2026-07-21T23:24:58.742Z</time>
      </trkpt>
      <trkpt lat="50.476808" lon="8.509641">
        <ele>294.611769</ele>
        <time>2026-07-21T23:25:00.058Z</time>
      </trkpt>
      <trkpt lat="50.476772" lon="8.509520">
        <ele>294.608998</ele>
        <time>2026-07-21T23:25:01.646Z</time>
      </trkpt>
      <trkpt lat="50.476595" lon="8.509292">
        <ele>295.212224</ele>
        <time>2026-07-21T23:25:08.106Z</time>
      </trkpt>
      <trkpt lat="50.476469" lon="8.509088">
        <ele>295.752470</ele>
        <time>2026-07-21T23:25:13.078Z</time>
      </trkpt>
      <trkpt lat="50.476378" lon="8.509119">
        <ele>296.026991</ele>
        <time>2026-07-21T23:25:15.383Z</time>
      </trkpt>
      <trkpt lat="50.476245" lon="8.509084">
        <ele>296.411876</ele>
        <time>2026-07-21T23:25:18.680Z</time>
      </trkpt>
      <trkpt lat="50.475728" lon="8.508929">
        <ele>297.890040</ele>
        <time>2026-07-21T23:25:32.917Z</time>
      </trkpt>
      <trkpt lat="50.475278" lon="8.508871">
        <ele>297.725293</ele>
        <time>2026-07-21T23:25:39.315Z</time>
      </trkpt>
      <trkpt lat="50.475198" lon="8.508866">
        <ele>297.232222</ele>
        <time>2026-07-21T23:25:40.107Z</time>
      </trkpt>
      <trkpt lat="50.474833" lon="8.508845">
        <ele>294.362128</ele>
        <time>2026-07-21T23:25:43.292Z</time>
      </trkpt>
      <trkpt lat="50.474723" lon="8.508895">
        <ele>293.656319</ele>
        <time>2026-07-21T23:25:44.304Z</time>
      </trkpt>
      <trkpt lat="50.474637" lon="8.509012">
        <ele>293.040809</ele>
        <time>2026-07-21T23:25:45.393Z</time>
      </trkpt>
      <trkpt lat="50.474529" lon="8.509326">
        <ele>292.916074</ele>
        <time>2026-07-21T23:25:48.455Z</time>
      </trkpt>
      <trkpt lat="50.474404" lon="8.509598">
        <ele>293.432341</ele>
        <time>2026-07-21T23:25:54.144Z</time>
      </trkpt>
      <trkpt lat="50.474324" lon="8.509685">
        <ele>293.712022</ele>
        <time>2026-07-21T23:25:56.875Z</time>
      </trkpt>
      <trkpt lat="50.474198" lon="8.509755">
        <ele>294.101609</ele>
        <time>2026-07-21T23:26:00.079Z</time>
      </trkpt>
      <trkpt lat="50.474080" lon="8.509753">
        <ele>294.489495</ele>
        <time>2026-07-21T23:26:02.918Z</time>
      </trkpt>
      <trkpt lat="50.473978" lon="8.509699">
        <ele>294.897538</ele>
        <time>2026-07-21T23:26:06.461Z</time>
      </trkpt>
      <trkpt lat="50.473891" lon="8.509599">
        <ele>295.671941</ele>
        <time>2026-07-21T23:26:10.999Z</time>
      </trkpt>
      <trkpt lat="50.473759" lon="8.509357">
        <ele>297.087380</ele>
        <time>2026-07-21T23:26:20.405Z</time>
      </trkpt>
      <trkpt lat="50.473564" lon="8.509020">
        <ele>298.869803</ele>
        <time>2026-07-21T23:26:31.714Z</time>
      </trkpt>
      <trkpt lat="50.473358" lon="8.508803">
        <ele>300.258733</ele>
        <time>2026-07-21T23:26:40.395Z</time>
      </trkpt>
      <trkpt lat="50.472225" lon="8.507889">
        <ele>308.734062</ele>
        <time>2026-07-21T23:27:33.410Z</time>
      </trkpt>
      <trkpt lat="50.471745" lon="8.507846">
        <ele>312.215060</ele>
        <time>2026-07-21T23:27:54.903Z</time>
      </trkpt>
      <trkpt lat="50.471484" lon="8.507779">
        <ele>314.165029</ele>
        <time>2026-07-21T23:28:06.732Z</time>
      </trkpt>
      <trkpt lat="50.471249" lon="8.507636">
        <ele>315.859939</ele>
        <time>2026-07-21T23:28:17.267Z</time>
      </trkpt>
      <trkpt lat="50.470905" lon="8.507330">
        <ele>318.067125</ele>
        <time>2026-07-21T23:28:31.877Z</time>
      </trkpt>
      <trkpt lat="50.470646" lon="8.507144">
        <ele>319.499915</ele>
        <time>2026-07-21T23:28:41.676Z</time>
      </trkpt>
      <trkpt lat="50.470301" lon="8.507108">
        <ele>321.139585</ele>
        <time>2026-07-21T23:28:53.705Z</time>
      </trkpt>
      <trkpt lat="50.469640" lon="8.507246">
        <ele>323.982303</ele>
        <time>2026-07-21T23:29:14.839Z</time>
      </trkpt>
      <trkpt lat="50.469357" lon="8.507266">
        <ele>325.305000</ele>
        <time>2026-07-21T23:29:23.329Z</time>
      </trkpt>
      <trkpt lat="50.467351" lon="8.507145">
        <ele>341.015423</ele>
        <time>2026-07-21T23:30:58.102Z</time>
      </trkpt>
      <trkpt lat="50.466752" lon="8.507071">
        <ele>342.957167</ele>
        <time>2026-07-21T23:31:13.422Z</time>
      </trkpt>
      <trkpt lat="50.465774" lon="8.506691">
        <ele>346.481424</ele>
        <time>2026-07-21T23:31:42.517Z</time>
      </trkpt>
      <trkpt lat="50.465401" lon="8.506642">
        <ele>348.053678</ele>
        <time>2026-07-21T23:31:55.897Z</time>
      </trkpt>
      <trkpt lat="50.464491" lon="8.506565">
        <ele>349.951938</ele>
        <time>2026-07-21T23:32:15.519Z</time>
      </trkpt>
      <trkpt lat="50.464258" lon="8.506584">
        <ele>350.728740</ele>
        <time>2026-07-21T23:32:21.192Z</time>
      </trkpt>
      <trkpt lat="50.463987" lon="8.506718">
        <ele>352.297394</ele>
        <time>2026-07-21T23:32:33.170Z</time>
      </trkpt>
      <trkpt lat="50.463628" lon="8.506997">
        <ele>353.843567</ele>
        <time>2026-07-21T23:32:45.864Z</time>
      </trkpt>
      <trkpt lat="50.463450" lon="8.507178">
        <ele>354.023528</ele>
        <time>2026-07-21T23:32:48.776Z</time>
      </trkpt>
      <trkpt lat="50.463274" lon="8.507458">
        <ele>354.103490</ele>
        <time>2026-07-21T23:32:52.421Z</time>
      </trkpt>
      <trkpt lat="50.463140" lon="8.507793">
        <ele>354.504464</ele>
        <time>2026-07-21T23:32:58.396Z</time>
      </trkpt>
      <trkpt lat="50.462814" lon="8.508554">
        <ele>355.611080</ele>
        <time>2026-07-21T23:33:11.631Z</time>
      </trkpt>
      <trkpt lat="50.462695" lon="8.508725">
        <ele>355.740255</ele>
        <time>2026-07-21T23:33:14.553Z</time>
      </trkpt>
      <trkpt lat="50.462452" lon="8.508980">
        <ele>355.664347</ele>
        <time>2026-07-21T23:33:18.099Z</time>
      </trkpt>
      <trkpt lat="50.462378" lon="8.509077">
        <ele>355.739093</ele>
        <time>2026-07-21T23:33:19.695Z</time>
      </trkpt>
      <trkpt lat="50.462262" lon="8.509324">
        <ele>356.243501</ele>
        <time>2026-07-21T23:33:25.523Z</time>
      </trkpt>
      <trkpt lat="50.461924" lon="8.510671">
        <ele>358.233474</ele>
        <time>2026-07-21T23:33:47.693Z</time>
      </trkpt>
      <trkpt lat="50.461635" lon="8.511509">
        <ele>357.493928</ele>
        <time>2026-07-21T23:33:54.698Z</time>
      </trkpt>
      <trkpt lat="50.461435" lon="8.512011">
        <ele>356.944604</ele>
        <time>2026-07-21T23:33:58.944Z</time>
      </trkpt>
      <trkpt lat="50.460959" lon="8.512935">
        <ele>356.193548</ele>
        <time>2026-07-21T23:34:08.802Z</time>
      </trkpt>
      <trkpt lat="50.460578" lon="8.513511">
        <ele>354.121107</ele>
        <time>2026-07-21T23:34:13.887Z</time>
      </trkpt>
      <trkpt lat="50.460381" lon="8.513847">
        <ele>353.131124</ele>
        <time>2026-07-21T23:34:16.726Z</time>
      </trkpt>
      <trkpt lat="50.460225" lon="8.514192">
        <ele>352.942403</ele>
        <time>2026-07-21T23:34:20.162Z</time>
      </trkpt>
      <trkpt lat="50.460048" lon="8.514702">
        <ele>353.383903</ele>
        <time>2026-07-21T23:34:28.716Z</time>
      </trkpt>
      <trkpt lat="50.459738" lon="8.515866">
        <ele>351.852863</ele>
        <time>2026-07-21T23:34:37.659Z</time>
      </trkpt>
      <trkpt lat="50.459636" lon="8.516171">
        <ele>351.071450</ele>
        <time>2026-07-21T23:34:39.748Z</time>
      </trkpt>
      <trkpt lat="50.459208" lon="8.517235">
        <ele>348.391954</ele>
        <time>2026-07-21T23:34:47.861Z</time>
      </trkpt>
      <trkpt lat="50.459075" lon="8.517789">
        <ele>347.131509</ele>
        <time>2026-07-21T23:34:51.601Z</time>
      </trkpt>
      <trkpt lat="50.459012" lon="8.518300">
        <ele>346.192482</ele>
        <time>2026-07-21T23:34:55.063Z</time>
      </trkpt>
      <trkpt lat="50.458997" lon="8.518684">
        <ele>345.448234</ele>
        <time>2026-07-21T23:34:57.621Z</time>
      </trkpt>
      <trkpt lat="50.459020" lon="8.519300">
        <ele>344.187546</ele>
        <time>2026-07-21T23:35:01.483Z</time>
      </trkpt>
      <trkpt lat="50.459059" lon="8.520541">
        <ele>344.780360</ele>
        <time>2026-07-21T23:35:15.252Z</time>
      </trkpt>
      <trkpt lat="50.459027" lon="8.520770">
        <ele>345.211081</ele>
        <time>2026-07-21T23:35:21.059Z</time>
      </trkpt>
      <trkpt lat="50.458967" lon="8.520907">
        <ele>345.555392</ele>
        <time>2026-07-21T23:35:24.146Z</time>
      </trkpt>
      <trkpt lat="50.458866" lon="8.521009">
        <ele>345.662879</ele>
        <time>2026-07-21T23:35:25.650Z</time>
      </trkpt>
      <trkpt lat="50.458685" lon="8.521075">
        <ele>345.526988</ele>
        <time>2026-07-21T23:35:27.826Z</time>
      </trkpt>
      <trkpt lat="50.458455" lon="8.521077">
        <ele>345.442655</ele>
        <time>2026-07-21T23:35:30.956Z</time>
      </trkpt>
      <trkpt lat="50.458248" lon="8.521019">
        <ele>345.577528</ele>
        <time>2026-07-21T23:35:34.592Z</time>
      </trkpt>
      <trkpt lat="50.458288" lon="8.521148">
        <ele>345.814279</ele>
        <time>2026-07-21T23:35:36.897Z</time>
      </trkpt>
      <trkpt lat="50.458002" lon="8.521311">
        <ele>346.757679</ele>
        <time>2026-07-21T23:35:45.824Z</time>
      </trkpt>
      <trkpt lat="50.455583" lon="8.522742">
        <ele>353.244361</ele>
        <time>2026-07-21T23:36:50.231Z</time>
      </trkpt>
      <trkpt lat="50.454305" lon="8.523536">
        <ele>353.889315</ele>
        <time>2026-07-21T23:37:13.435Z</time>
      </trkpt>
      <trkpt lat="50.453040" lon="8.524279">
        <ele>351.716962</ele>
        <time>2026-07-21T23:37:28.688Z</time>
      </trkpt>
      <trkpt lat="50.452865" lon="8.524386">
        <ele>351.222573</ele>
        <time>2026-07-21T23:37:30.618Z</time>
      </trkpt>
      <trkpt lat="50.451791" lon="8.525044">
        <ele>347.945514</ele>
        <time>2026-07-21T23:37:42.480Z</time>
      </trkpt>
      <trkpt lat="50.450050" lon="8.526379">
        <ele>343.356618</ele>
        <time>2026-07-21T23:38:03.204Z</time>
      </trkpt>
      <trkpt lat="50.449630" lon="8.526709">
        <ele>343.110095</ele>
        <time>2026-07-21T23:38:09.218Z</time>
      </trkpt>
      <trkpt lat="50.449550" lon="8.526741">
        <ele>343.272413</ele>
        <time>2026-07-21T23:38:10.886Z</time>
      </trkpt>
      <trkpt lat="50.449518" lon="8.527852">
        <ele>345.676059</ele>
        <time>2026-07-21T23:38:31.199Z</time>
      </trkpt>
      <trkpt lat="50.449442" lon="8.528599">
        <ele>347.965169</ele>
        <time>2026-07-21T23:38:47.892Z</time>
      </trkpt>
      <trkpt lat="50.449307" lon="8.529396">
        <ele>350.183395</ele>
        <time>2026-07-21T23:39:04.771Z</time>
      </trkpt>
      <trkpt lat="50.449026" lon="8.530466">
        <ele>352.996127</ele>
        <time>2026-07-21T23:39:26.782Z</time>
      </trkpt>
      <trkpt lat="50.448875" lon="8.530864">
        <ele>354.101987</ele>
        <time>2026-07-21T23:39:35.568Z</time>
      </trkpt>
      <trkpt lat="50.448743" lon="8.531125">
        <ele>354.897914</ele>
        <time>2026-07-21T23:39:41.898Z</time>
      </trkpt>
      <trkpt lat="50.448601" lon="8.531318">
        <ele>355.526923</ele>
        <time>2026-07-21T23:39:47.380Z</time>
      </trkpt>
      <trkpt lat="50.448423" lon="8.531479">
        <ele>356.043432</ele>
        <time>2026-07-21T23:39:52.429Z</time>
      </trkpt>
      <trkpt lat="50.448363" lon="8.531524">
        <ele>356.165991</ele>
        <time>2026-07-21T23:39:53.809Z</time>
      </trkpt>
      <trkpt lat="50.448090" lon="8.531727">
        <ele>356.662235</ele>
        <time>2026-07-21T23:39:59.853Z</time>
      </trkpt>
      <trkpt lat="50.447984" lon="8.531861">
        <ele>357.115285</ele>
        <time>2026-07-21T23:40:03.531Z</time>
      </trkpt>
      <trkpt lat="50.447633" lon="8.532793">
        <ele>360.253781</ele>
        <time>2026-07-21T23:40:26.942Z</time>
      </trkpt>
      <trkpt lat="50.447467" lon="8.533109">
        <ele>361.319043</ele>
        <time>2026-07-21T23:40:34.796Z</time>
      </trkpt>
      <trkpt lat="50.447055" lon="8.533734">
        <ele>363.770503</ele>
        <time>2026-07-21T23:40:53.481Z</time>
      </trkpt>
      <trkpt lat="50.446344" lon="8.534983">
        <ele>368.064605</ele>
        <time>2026-07-21T23:41:26.531Z</time>
      </trkpt>
      <trkpt lat="50.446149" lon="8.535365">
        <ele>369.054323</ele>
        <time>2026-07-21T23:41:35.109Z</time>
      </trkpt>
      <trkpt lat="50.445813" lon="8.536122">
        <ele>370.410169</ele>
        <time>2026-07-21T23:41:49.561Z</time>
      </trkpt>
      <trkpt lat="50.445306" lon="8.537247">
        <ele>370.953972</ele>
        <time>2026-07-21T23:42:04.611Z</time>
      </trkpt>
      <trkpt lat="50.444501" lon="8.538783">
        <ele>370.118822</ele>
        <time>2026-07-21T23:42:20.837Z</time>
      </trkpt>
      <trkpt lat="50.444021" lon="8.539582">
        <ele>368.626205</ele>
        <time>2026-07-21T23:42:28.408Z</time>
      </trkpt>
      <trkpt lat="50.443357" lon="8.540811">
        <ele>366.999420</ele>
        <time>2026-07-21T23:42:40.018Z</time>
      </trkpt>
      <trkpt lat="50.443234" lon="8.540927">
        <ele>366.929638</ele>
        <time>2026-07-21T23:42:42.015Z</time>
      </trkpt>
      <trkpt lat="50.443021" lon="8.540973">
        <ele>367.113049</ele>
        <time>2026-07-21T23:42:45.932Z</time>
      </trkpt>
      <trkpt lat="50.443081" lon="8.538701">
        <ele>368.969390</ele>
        <time>2026-07-21T23:43:15.644Z</time>
      </trkpt>
      <trkpt lat="50.443089" lon="8.538601">
        <ele>368.972862</ele>
        <time>2026-07-21T23:43:16.687Z</time>
      </trkpt>
      <trkpt lat="50.443240" lon="8.537413">
        <ele>367.720179</ele>
        <time>2026-07-21T23:43:25.261Z</time>
      </trkpt>
      <trkpt lat="50.443467" lon="8.535623">
        <ele>366.156860</ele>
        <time>2026-07-21T23:43:38.860Z</time>
      </trkpt>
      <trkpt lat="50.443557" lon="8.533956">
        <ele>365.497194</ele>
        <time>2026-07-21T23:43:52.737Z</time>
      </trkpt>
      <trkpt lat="50.443653" lon="8.532010">
        <ele>364.681852</ele>
        <time>2026-07-21T23:44:08.755Z</time>
      </trkpt>
      <trkpt lat="50.443650" lon="8.531204">
        <ele>364.207543</ele>
        <time>2026-07-21T23:44:14.997Z</time>
      </trkpt>
      <trkpt lat="50.443623" lon="8.530803">
        <ele>364.055092</ele>
        <time>2026-07-21T23:44:18.260Z</time>
      </trkpt>
      <trkpt lat="50.443355" lon="8.528652">
        <ele>365.409972</ele>
        <time>2026-07-21T23:44:44.949Z</time>
      </trkpt>
      <trkpt lat="50.443316" lon="8.527686">
        <ele>364.995041</ele>
        <time>2026-07-21T23:44:53.094Z</time>
      </trkpt>
      <trkpt lat="50.443404" lon="8.525586">
        <ele>359.744888</ele>
        <time>2026-07-21T23:45:06.170Z</time>
      </trkpt>
      <trkpt lat="50.443398" lon="8.525182">
        <ele>358.994147</ele>
        <time>2026-07-21T23:45:08.807Z</time>
      </trkpt>
      <trkpt lat="50.443217" lon="8.523352">
        <ele>355.541249</ele>
        <time>2026-07-21T23:45:21.025Z</time>
      </trkpt>
      <trkpt lat="50.443054" lon="8.522699">
        <ele>353.810938</ele>
        <time>2026-07-21T23:45:25.376Z</time>
      </trkpt>
      <trkpt lat="50.442907" lon="8.522358">
        <ele>352.768453</ele>
        <time>2026-07-21T23:45:27.940Z</time>
      </trkpt>
      <trkpt lat="50.442484" lon="8.521599">
        <ele>350.170177</ele>
        <time>2026-07-21T23:45:34.165Z</time>
      </trkpt>
      <trkpt lat="50.442184" lon="8.521134">
        <ele>348.896558</ele>
        <time>2026-07-21T23:45:38.545Z</time>
      </trkpt>
      <trkpt lat="50.441546" lon="8.520404">
        <ele>346.625733</ele>
        <time>2026-07-21T23:45:46.670Z</time>
      </trkpt>
      <trkpt lat="50.440203" lon="8.518534">
        <ele>342.352925</ele>
        <time>2026-07-21T23:46:05.781Z</time>
      </trkpt>
      <trkpt lat="50.439521" lon="8.517637">
        <ele>341.060751</ele>
        <time>2026-07-21T23:46:16.139Z</time>
      </trkpt>
      <trkpt lat="50.438053" lon="8.515719">
        <ele>337.073481</ele>
        <time>2026-07-21T23:46:36.939Z</time>
      </trkpt>
      <trkpt lat="50.437865" lon="8.515436">
        <ele>336.182301</ele>
        <time>2026-07-21T23:46:39.665Z</time>
      </trkpt>
      <trkpt lat="50.437653" lon="8.514983">
        <ele>333.829870</ele>
        <time>2026-07-21T23:46:42.884Z</time>
      </trkpt>
      <trkpt lat="50.435305" lon="8.508824">
        <ele>293.292510</ele>
        <time>2026-07-21T23:47:22.744Z</time>
      </trkpt>
      <trkpt lat="50.435145" lon="8.508264">
        <ele>290.582783</ele>
        <time>2026-07-21T23:47:26.269Z</time>
      </trkpt>
      <trkpt lat="50.434959" lon="8.506908">
        <ele>286.762641</ele>
        <time>2026-07-21T23:47:34.821Z</time>
      </trkpt>
      <trkpt lat="50.434884" lon="8.506535">
        <ele>285.449450</ele>
        <time>2026-07-21T23:47:37.154Z</time>
      </trkpt>
      <trkpt lat="50.434813" lon="8.506287">
        <ele>284.208071</ele>
        <time>2026-07-21T23:47:38.718Z</time>
      </trkpt>
      <trkpt lat="50.434453" lon="8.505365">
        <ele>278.330497</ele>
        <time>2026-07-21T23:47:44.725Z</time>
      </trkpt>
      <trkpt lat="50.434345" lon="8.505031">
        <ele>276.402734</ele>
        <time>2026-07-21T23:47:46.841Z</time>
      </trkpt>
      <trkpt lat="50.434038" lon="8.503835">
        <ele>269.689164</ele>
        <time>2026-07-21T23:47:54.098Z</time>
      </trkpt>
      <trkpt lat="50.433764" lon="8.502750">
        <ele>261.326197</ele>
        <time>2026-07-21T23:48:00.401Z</time>
      </trkpt>
      <trkpt lat="50.433517" lon="8.501769">
        <ele>255.434484</ele>
        <time>2026-07-21T23:48:06.294Z</time>
      </trkpt>
      <trkpt lat="50.433432" lon="8.501438">
        <ele>253.325308</ele>
        <time>2026-07-21T23:48:08.243Z</time>
      </trkpt>
      <trkpt lat="50.433006" lon="8.499680">
        <ele>244.978639</ele>
        <time>2026-07-21T23:48:19.027Z</time>
      </trkpt>
      <trkpt lat="50.432988" lon="8.499599">
        <ele>244.584136</ele>
        <time>2026-07-21T23:48:19.516Z</time>
      </trkpt>
      <trkpt lat="50.432843" lon="8.498954">
        <ele>241.435519</ele>
        <time>2026-07-21T23:48:23.411Z</time>
      </trkpt>
      <trkpt lat="50.432834" lon="8.498794">
        <ele>240.726122</ele>
        <time>2026-07-21T23:48:24.332Z</time>
      </trkpt>
      <trkpt lat="50.432852" lon="8.498628">
        <ele>240.083093</ele>
        <time>2026-07-21T23:48:25.308Z</time>
      </trkpt>
      <trkpt lat="50.432977" lon="8.498159">
        <ele>238.515036</ele>
        <time>2026-07-21T23:48:28.350Z</time>
      </trkpt>
      <trkpt lat="50.433033" lon="8.497927">
        <ele>238.124219</ele>
        <time>2026-07-21T23:48:30.055Z</time>
      </trkpt>
      <trkpt lat="50.433065" lon="8.497785">
        <ele>237.983090</ele>
        <time>2026-07-21T23:48:31.307Z</time>
      </trkpt>
      <trkpt lat="50.433106" lon="8.497526">
        <ele>237.967907</ele>
        <time>2026-07-21T23:48:33.860Z</time>
      </trkpt>
      <trkpt lat="50.433085" lon="8.497335">
        <ele>237.938573</ele>
        <time>2026-07-21T23:48:35.719Z</time>
      </trkpt>
      <trkpt lat="50.432811" lon="8.497444">
        <ele>237.651429</ele>
        <time>2026-07-21T23:48:39.085Z</time>
      </trkpt>
      <trkpt lat="50.432689" lon="8.497436">
        <ele>237.541917</ele>
        <time>2026-07-21T23:48:40.560Z</time>
      </trkpt>
      <trkpt lat="50.432517" lon="8.497364">
        <ele>237.621793</ele>
        <time>2026-07-21T23:48:43.491Z</time>
      </trkpt>
      <trkpt lat="50.432467" lon="8.497721">
        <ele>237.800511</ele>
        <time>2026-07-21T23:48:47.918Z</time>
      </trkpt>
      <trkpt lat="50.432401" lon="8.498259">
        <ele>238.143572</ele>
        <time>2026-07-21T23:48:54.167Z</time>
      </trkpt>
      <trkpt lat="50.432200" lon="8.499983">
        <ele>239.632843</ele>
        <time>2026-07-21T23:49:17.071Z</time>
      </trkpt>
      <trkpt lat="50.432072" lon="8.500763">
        <ele>240.053610</ele>
        <time>2026-07-21T23:49:25.571Z</time>
      </trkpt>
      <trkpt lat="50.431640" lon="8.503056">
        <ele>244.727169</ele>
        <time>2026-07-21T23:50:07.825Z</time>
      </trkpt>
      <trkpt lat="50.431186" lon="8.505302">
        <ele>248.424058</ele>
        <time>2026-07-21T23:50:44.129Z</time>
      </trkpt>
      <trkpt lat="50.430894" lon="8.506547">
        <ele>253.070703</ele>
        <time>2026-07-21T23:51:16.479Z</time>
      </trkpt>
      <trkpt lat="50.430546" lon="8.507889">
        <ele>253.817743</ele>
        <time>2026-07-21T23:51:32.331Z</time>
      </trkpt>
      <trkpt lat="50.429895" lon="8.510197">
        <ele>255.422944</ele>
        <time>2026-07-21T23:52:03.102Z</time>
      </trkpt>
      <trkpt lat="50.429663" lon="8.511139">
        <ele>254.787068</ele>
        <time>2026-07-21T23:52:10.810Z</time>
      </trkpt>
      <trkpt lat="50.429570" lon="8.511760">
        <ele>254.327257</ele>
        <time>2026-07-21T23:52:15.466Z</time>
      </trkpt>
      <trkpt lat="50.429212" lon="8.515008">
        <ele>256.729694</ele>
        <time>2026-07-21T23:52:56.594Z</time>
      </trkpt>
      <trkpt lat="50.429107" lon="8.515603">
        <ele>257.499852</ele>
        <time>2026-07-21T23:53:05.872Z</time>
      </trkpt>
      <trkpt lat="50.429011" lon="8.515959">
        <ele>257.982535</ele>
        <time>2026-07-21T23:53:11.628Z</time>
      </trkpt>
      <trkpt lat="50.428847" lon="8.516408">
        <ele>258.580308</ele>
        <time>2026-07-21T23:53:18.239Z</time>
      </trkpt>
      <trkpt lat="50.428704" lon="8.516699">
        <ele>259.193759</ele>
        <time>2026-07-21T23:53:24.627Z</time>
      </trkpt>
      <trkpt lat="50.428378" lon="8.517190">
        <ele>260.668859</ele>
        <time>2026-07-21T23:53:36.377Z</time>
      </trkpt>
      <trkpt lat="50.427561" lon="8.518116">
        <ele>265.311271</ele>
        <time>2026-07-21T23:54:10.569Z</time>
      </trkpt>
      <trkpt lat="50.427311" lon="8.518463">
        <ele>266.859413</ele>
        <time>2026-07-21T23:54:22.398Z</time>
      </trkpt>
      <trkpt lat="50.427041" lon="8.518995">
        <ele>267.924761</ele>
        <time>2026-07-21T23:54:33.363Z</time>
      </trkpt>
      <trkpt lat="50.426513" lon="8.520630">
        <ele>268.363725</ele>
        <time>2026-07-21T23:54:51.437Z</time>
      </trkpt>
      <trkpt lat="50.426247" lon="8.521216">
        <ele>268.907816</ele>
        <time>2026-07-21T23:55:00.729Z</time>
      </trkpt>
      <trkpt lat="50.425945" lon="8.521660">
        <ele>269.522334</ele>
        <time>2026-07-21T23:55:09.000Z</time>
      </trkpt>
      <trkpt lat="50.425143" lon="8.522574">
        <ele>271.383270</ele>
        <time>2026-07-21T23:55:30.648Z</time>
      </trkpt>
      <trkpt lat="50.424877" lon="8.523003">
        <ele>273.838499</ele>
        <time>2026-07-21T23:55:45.429Z</time>
      </trkpt>
      <trkpt lat="50.424705" lon="8.523386">
        <ele>277.143720</ele>
        <time>2026-07-21T23:56:04.523Z</time>
      </trkpt>
      <trkpt lat="50.424602" lon="8.523679">
        <ele>279.823840</ele>
        <time>2026-07-21T23:56:18.920Z</time>
      </trkpt>
      <trkpt lat="50.424545" lon="8.523863">
        <ele>281.127978</ele>
        <time>2026-07-21T23:56:26.946Z</time>
      </trkpt>
      <trkpt lat="50.424444" lon="8.524334">
        <ele>283.277704</ele>
        <time>2026-07-21T23:56:40.019Z</time>
      </trkpt>
      <trkpt lat="50.424253" lon="8.525760">
        <ele>285.019886</ele>
        <time>2026-07-21T23:57:00.150Z</time>
      </trkpt>
      <trkpt lat="50.424052" lon="8.527491">
        <ele>284.595418</ele>
        <time>2026-07-21T23:57:14.956Z</time>
      </trkpt>
      <trkpt lat="50.423581" lon="8.531363">
        <ele>289.664699</ele>
        <time>2026-07-21T23:58:12.795Z</time>
      </trkpt>
      <trkpt lat="50.423516" lon="8.531649">
        <ele>290.031036</ele>
        <time>2026-07-21T23:58:16.130Z</time>
      </trkpt>
      <trkpt lat="50.423412" lon="8.532108">
        <ele>291.973343</ele>
        <time>2026-07-21T23:58:30.088Z</time>
      </trkpt>
      <trkpt lat="50.423240" lon="8.532615">
        <ele>293.851624</ele>
        <time>2026-07-21T23:58:42.634Z</time>
      </trkpt>
      <trkpt lat="50.423022" lon="8.533093">
        <ele>295.092750</ele>
        <time>2026-07-21T23:58:53.389Z</time>
      </trkpt>
      <trkpt lat="50.422803" lon="8.533485">
        <ele>295.670573</ele>
        <time>2026-07-21T23:59:00.309Z</time>
      </trkpt>
      <trkpt lat="50.422460" lon="8.533955">
        <ele>296.100234</ele>
        <time>2026-07-21T23:59:08.268Z</time>
      </trkpt>
      <trkpt lat="50.421461" lon="8.535005">
        <ele>299.880398</ele>
        <time>2026-07-21T23:59:41.298Z</time>
      </trkpt>
      <trkpt lat="50.421138" lon="8.535409">
        <ele>301.435562</ele>
        <time>2026-07-21T23:59:55.051Z</time>
      </trkpt>
      <trkpt lat="50.419008" lon="8.538406">
        <ele>303.753134</ele>
        <time>2026-07-22T00:00:45.987Z</time>
      </trkpt>
      <trkpt lat="50.418778" lon="8.538809">
        <ele>303.307876</ele>
        <time>2026-07-22T00:00:50.257Z</time>
      </trkpt>
      <trkpt lat="50.418515" lon="8.539409">
        <ele>301.817058</ele>
        <time>2026-07-22T00:00:54.730Z</time>
      </trkpt>
      <trkpt lat="50.418309" lon="8.540051">
        <ele>302.312328</ele>
        <time>2026-07-22T00:01:04.455Z</time>
      </trkpt>
      <trkpt lat="50.418155" lon="8.540831">
        <ele>304.079736</ele>
        <time>2026-07-22T00:01:19.578Z</time>
      </trkpt>
      <trkpt lat="50.417798" lon="8.543060">
        <ele>308.573141</ele>
        <time>2026-07-22T00:01:59.142Z</time>
      </trkpt>
      <trkpt lat="50.417682" lon="8.544049">
        <ele>311.014835</ele>
        <time>2026-07-22T00:02:18.636Z</time>
      </trkpt>
      <trkpt lat="50.417665" lon="8.544846">
        <ele>313.022195</ele>
        <time>2026-07-22T00:02:34.433Z</time>
      </trkpt>
      <trkpt lat="50.417791" lon="8.547146">
        <ele>316.987224</ele>
        <time>2026-07-22T00:03:12.204Z</time>
      </trkpt>
      <trkpt lat="50.417895" lon="8.548155">
        <ele>317.045704</ele>
        <time>2026-07-22T00:03:21.732Z</time>
      </trkpt>
      <trkpt lat="50.418037" lon="8.548998">
        <ele>316.069137</ele>
        <time>2026-07-22T00:03:27.951Z</time>
      </trkpt>
      <trkpt lat="50.418081" lon="8.549200">
        <ele>315.844182</ele>
        <time>2026-07-22T00:03:29.378Z</time>
      </trkpt>
      <trkpt lat="50.418277" lon="8.550129">
        <ele>316.318065</ele>
        <time>2026-07-22T00:03:40.625Z</time>
      </trkpt>
      <trkpt lat="50.418388" lon="8.550712">
        <ele>317.786190</ele>
        <time>2026-07-22T00:03:52.499Z</time>
      </trkpt>
      <trkpt lat="50.418480" lon="8.551359">
        <ele>319.940697</ele>
        <time>2026-07-22T00:04:07.727Z</time>
      </trkpt>
      <trkpt lat="50.418535" lon="8.552033">
        <ele>321.938917</ele>
        <time>2026-07-22T00:04:21.649Z</time>
      </trkpt>
      <trkpt lat="50.418615" lon="8.554165">
        <ele>328.272240</ele>
        <time>2026-07-22T00:05:08.585Z</time>
      </trkpt>
      <trkpt lat="50.418625" lon="8.554570">
        <ele>328.640576</ele>
        <time>2026-07-22T00:05:13.213Z</time>
      </trkpt>
      <trkpt lat="50.418659" lon="8.555562">
        <ele>328.531891</ele>
        <time>2026-07-22T00:05:21.909Z</time>
      </trkpt>
      <trkpt lat="50.418663" lon="8.555656">
        <ele>328.533064</ele>
        <time>2026-07-22T00:05:22.822Z</time>
      </trkpt>
      <trkpt lat="50.418685" lon="8.556333">
        <ele>328.919629</ele>
        <time>2026-07-22T00:05:30.050Z</time>
      </trkpt>
      <trkpt lat="50.418673" lon="8.556751">
        <ele>329.882818</ele>
        <time>2026-07-22T00:05:38.580Z</time>
      </trkpt>
      <trkpt lat="50.418533" lon="8.557566">
        <ele>332.108726</ele>
        <time>2026-07-22T00:05:55.447Z</time>
      </trkpt>
      <trkpt lat="50.418504" lon="8.557760">
        <ele>332.659732</ele>
        <time>2026-07-22T00:05:59.405Z</time>
      </trkpt>
      <trkpt lat="50.418450" lon="8.558534">
        <ele>335.136826</ele>
        <time>2026-07-22T00:06:17.197Z</time>
      </trkpt>
      <trkpt lat="50.418473" lon="8.559403">
        <ele>337.053341</ele>
        <time>2026-07-22T00:06:32.459Z</time>
      </trkpt>
      <trkpt lat="50.418482" lon="8.559887">
        <ele>338.352790</ele>
        <time>2026-07-22T00:06:42.300Z</time>
      </trkpt>
      <trkpt lat="50.418490" lon="8.560439">
        <ele>340.355922</ele>
        <time>2026-07-22T00:06:55.175Z</time>
      </trkpt>
      <trkpt lat="50.418487" lon="8.560891">
        <ele>342.598574</ele>
        <time>2026-07-22T00:07:08.859Z</time>
      </trkpt>
      <trkpt lat="50.418457" lon="8.561285">
        <ele>344.598691</ele>
        <time>2026-07-22T00:07:21.070Z</time>
      </trkpt>
      <trkpt lat="50.418341" lon="8.562058">
        <ele>347.620230</ele>
        <time>2026-07-22T00:07:41.237Z</time>
      </trkpt>
      <trkpt lat="50.418259" lon="8.562418">
        <ele>347.845011</ele>
        <time>2026-07-22T00:07:44.640Z</time>
      </trkpt>
      <trkpt lat="50.417744" lon="8.564625">
        <ele>349.729358</ele>
        <time>2026-07-22T00:08:13.723Z</time>
      </trkpt>
      <trkpt lat="50.417172" lon="8.567148">
        <ele>359.875825</ele>
        <time>2026-07-22T00:09:20.393Z</time>
      </trkpt>
      <trkpt lat="50.417098" lon="8.567660">
        <ele>362.141214</ele>
        <time>2026-07-22T00:09:35.171Z</time>
      </trkpt>
      <trkpt lat="50.417047" lon="8.568216">
        <ele>363.628872</ele>
        <time>2026-07-22T00:09:45.907Z</time>
      </trkpt>
      <trkpt lat="50.417007" lon="8.569996">
        <ele>367.955757</ele>
        <time>2026-07-22T00:10:20.816Z</time>
      </trkpt>
      <trkpt lat="50.416916" lon="8.570840">
        <ele>369.319182</ele>
        <time>2026-07-22T00:10:33.760Z</time>
      </trkpt>
      <trkpt lat="50.416787" lon="8.571439">
        <ele>370.507842</ele>
        <time>2026-07-22T00:10:44.103Z</time>
      </trkpt>
      <trkpt lat="50.416128" lon="8.573806">
        <ele>378.348039</ele>
        <time>2026-07-22T00:11:40.621Z</time>
      </trkpt>
      <trkpt lat="50.415984" lon="8.574585">
        <ele>379.938422</ele>
        <time>2026-07-22T00:11:54.638Z</time>
      </trkpt>
      <trkpt lat="50.415953" lon="8.575247">
        <ele>380.800656</ele>
        <time>2026-07-22T00:12:04.182Z</time>
      </trkpt>
      <trkpt lat="50.415978" lon="8.575657">
        <ele>381.306184</ele>
        <time>2026-07-22T00:12:10.074Z</time>
      </trkpt>
      <trkpt lat="50.416029" lon="8.576116">
        <ele>381.900787</ele>
        <time>2026-07-22T00:12:16.483Z</time>
      </trkpt>
      <trkpt lat="50.416161" lon="8.576778">
        <ele>382.803191</ele>
        <time>2026-07-22T00:12:26.699Z</time>
      </trkpt>
      <trkpt lat="50.416506" lon="8.578491">
        <ele>385.116295</ele>
        <time>2026-07-22T00:12:53.550Z</time>
      </trkpt>
      <trkpt lat="50.416827" lon="8.580207">
        <ele>385.880868</ele>
        <time>2026-07-22T00:13:11.934Z</time>
      </trkpt>
      <trkpt lat="50.417054" lon="8.582057">
        <ele>393.851532</ele>
        <time>2026-07-22T00:14:02.423Z</time>
      </trkpt>
      <trkpt lat="50.417115" lon="8.582431">
        <ele>395.761480</ele>
        <time>2026-07-22T00:14:14.362Z</time>
      </trkpt>
      <trkpt lat="50.417202" lon="8.582792">
        <ele>397.572114</ele>
        <time>2026-07-22T00:14:25.336Z</time>
      </trkpt>
      <trkpt lat="50.417378" lon="8.583300">
        <ele>400.068139</ele>
        <time>2026-07-22T00:14:40.457Z</time>
      </trkpt>
      <trkpt lat="50.418445" lon="8.585504">
        <ele>410.214424</ele>
        <time>2026-07-22T00:15:47.394Z</time>
      </trkpt>
      <trkpt lat="50.418663" lon="8.586053">
        <ele>412.692898</ele>
        <time>2026-07-22T00:16:03.423Z</time>
      </trkpt>
      <trkpt lat="50.418754" lon="8.586366">
        <ele>413.997911</ele>
        <time>2026-07-22T00:16:12.076Z</time>
      </trkpt>
      <trkpt lat="50.418850" lon="8.586849">
        <ele>415.883578</ele>
        <time>2026-07-22T00:16:24.185Z</time>
      </trkpt>
      <trkpt lat="50.418886" lon="8.587156">
        <ele>416.934778</ele>
        <time>2026-07-22T00:16:31.670Z</time>
      </trkpt>
      <trkpt lat="50.418911" lon="8.587686">
        <ele>418.116384</ele>
        <time>2026-07-22T00:16:41.467Z</time>
      </trkpt>
      <trkpt lat="50.418831" lon="8.590901">
        <ele>423.697035</ele>
        <time>2026-07-22T00:17:33.913Z</time>
      </trkpt>
      <trkpt lat="50.418833" lon="8.591677">
        <ele>424.972129</ele>
        <time>2026-07-22T00:17:46.515Z</time>
      </trkpt>
      <trkpt lat="50.418889" lon="8.592837">
        <ele>426.445252</ele>
        <time>2026-07-22T00:18:03.411Z</time>
      </trkpt>
      <trkpt lat="50.418962" lon="8.593604">
        <ele>426.572607</ele>
        <time>2026-07-22T00:18:11.688Z</time>
      </trkpt>
      <trkpt lat="50.419063" lon="8.594363">
        <ele>425.352135</ele>
        <time>2026-07-22T00:18:16.968Z</time>
      </trkpt>
      <trkpt lat="50.419287" lon="8.595559">
        <ele>421.440527</ele>
        <time>2026-07-22T00:18:24.439Z</time>
      </trkpt>
      <trkpt lat="50.419544" lon="8.596428">
        <ele>415.375807</ele>
        <time>2026-07-22T00:18:29.668Z</time>
      </trkpt>
      <trkpt lat="50.419699" lon="8.596820">
        <ele>413.619867</ele>
        <time>2026-07-22T00:18:32.428Z</time>
      </trkpt>
      <trkpt lat="50.419897" lon="8.597206">
        <ele>412.215915</ele>
        <time>2026-07-22T00:18:35.466Z</time>
      </trkpt>
      <trkpt lat="50.420088" lon="8.597495">
        <ele>411.117512</ele>
        <time>2026-07-22T00:18:38.028Z</time>
      </trkpt>
      <trkpt lat="50.420317" lon="8.597768">
        <ele>409.922076</ele>
        <time>2026-07-22T00:18:40.866Z</time>
      </trkpt>
      <trkpt lat="50.420505" lon="8.597950">
        <ele>408.652715</ele>
        <time>2026-07-22T00:18:42.890Z</time>
      </trkpt>
      <trkpt lat="50.420741" lon="8.598114">
        <ele>406.950161</ele>
        <time>2026-07-22T00:18:45.220Z</time>
      </trkpt>
      <trkpt lat="50.421185" lon="8.598282">
        <ele>404.421106</ele>
        <time>2026-07-22T00:18:49.474Z</time>
      </trkpt>
      <trkpt lat="50.421495" lon="8.598301">
        <ele>402.153493</ele>
        <time>2026-07-22T00:18:52.236Z</time>
      </trkpt>
      <trkpt lat="50.421818" lon="8.598244">
        <ele>399.891740</ele>
        <time>2026-07-22T00:18:55.150Z</time>
      </trkpt>
      <trkpt lat="50.422041" lon="8.598161">
        <ele>398.321378</ele>
        <time>2026-07-22T00:18:57.213Z</time>
      </trkpt>
      <trkpt lat="50.422621" lon="8.597867">
        <ele>394.460889</ele>
        <time>2026-07-22T00:19:02.760Z</time>
      </trkpt>
      <trkpt lat="50.422917" lon="8.597767">
        <ele>392.845211</ele>
        <time>2026-07-22T00:19:05.603Z</time>
      </trkpt>
      <trkpt lat="50.423275" lon="8.597724">
        <ele>391.396539</ele>
        <time>2026-07-22T00:19:09.094Z</time>
      </trkpt>
      <trkpt lat="50.423752" lon="8.597803">
        <ele>389.610073</ele>
        <time>2026-07-22T00:19:13.814Z</time>
      </trkpt>
      <trkpt lat="50.424121" lon="8.597966">
        <ele>388.798937</ele>
        <time>2026-07-22T00:19:18.090Z</time>
      </trkpt>
      <trkpt lat="50.425180" lon="8.598635">
        <ele>386.269006</ele>
        <time>2026-07-22T00:19:30.820Z</time>
      </trkpt>
      <trkpt lat="50.426226" lon="8.599169">
        <ele>379.560828</ele>
        <time>2026-07-22T00:19:40.790Z</time>
      </trkpt>
      <trkpt lat="50.426533" lon="8.599374">
        <ele>377.732177</ele>
        <time>2026-07-22T00:19:43.880Z</time>
      </trkpt>
      <trkpt lat="50.426867" lon="8.599689">
        <ele>375.928824</ele>
        <time>2026-07-22T00:19:47.597Z</time>
      </trkpt>
      <trkpt lat="50.427452" lon="8.600441">
        <ele>372.638223</ele>
        <time>2026-07-22T00:19:54.976Z</time>
      </trkpt>
      <trkpt lat="50.427841" lon="8.600831">
        <ele>368.865062</ele>
        <time>2026-07-22T00:19:59.005Z</time>
      </trkpt>
      <trkpt lat="50.428238" lon="8.601084">
        <ele>367.290635</ele>
        <time>2026-07-22T00:20:03.325Z</time>
      </trkpt>
      <trkpt lat="50.428980" lon="8.601390">
        <ele>364.589272</ele>
        <time>2026-07-22T00:20:10.998Z</time>
      </trkpt>
      <trkpt lat="50.429523" lon="8.601774">
        <ele>362.467050</ele>
        <time>2026-07-22T00:20:16.876Z</time>
      </trkpt>
      <trkpt lat="50.430491" lon="8.602652">
        <ele>360.605904</ele>
        <time>2026-07-22T00:20:29.637Z</time>
      </trkpt>
      <trkpt lat="50.431625" lon="8.603714">
        <ele>358.818554</ele>
        <time>2026-07-22T00:20:44.934Z</time>
      </trkpt>
      <trkpt lat="50.431894" lon="8.603994">
        <ele>359.137252</ele>
        <time>2026-07-22T00:20:51.214Z</time>
      </trkpt>
      <trkpt lat="50.432777" lon="8.605046">
        <ele>361.076945</ele>
        <time>2026-07-22T00:21:16.112Z</time>
      </trkpt>
      <trkpt lat="50.433547" lon="8.606044">
        <ele>360.546330</ele>
        <time>2026-07-22T00:21:28.778Z</time>
      </trkpt>
      <trkpt lat="50.434037" lon="8.606765">
        <ele>360.670265</ele>
        <time>2026-07-22T00:21:39.245Z</time>
      </trkpt>
      <trkpt lat="50.434276" lon="8.607307">
        <ele>361.270103</ele>
        <time>2026-07-22T00:21:48.035Z</time>
      </trkpt>
      <trkpt lat="50.434494" lon="8.607972">
        <ele>362.203034</ele>
        <time>2026-07-22T00:21:59.134Z</time>
      </trkpt>
      <trkpt lat="50.434636" lon="8.608793">
        <ele>362.510085</ele>
        <time>2026-07-22T00:22:08.496Z</time>
      </trkpt>
      <trkpt lat="50.434660" lon="8.608975">
        <ele>362.162868</ele>
        <time>2026-07-22T00:22:09.733Z</time>
      </trkpt>
      <trkpt lat="50.434677" lon="8.609527">
        <ele>360.804011</ele>
        <time>2026-07-22T00:22:13.155Z</time>
      </trkpt>
      <trkpt lat="50.434595" lon="8.610768">
        <ele>357.318072</ele>
        <time>2026-07-22T00:22:20.866Z</time>
      </trkpt>
      <trkpt lat="50.434363" lon="8.612055">
        <ele>351.091862</ele>
        <time>2026-07-22T00:22:28.451Z</time>
      </trkpt>
      <trkpt lat="50.434133" lon="8.612841">
        <ele>347.022767</ele>
        <time>2026-07-22T00:22:33.337Z</time>
      </trkpt>
      <trkpt lat="50.433996" lon="8.613273">
        <ele>345.739735</ele>
        <time>2026-07-22T00:22:36.270Z</time>
      </trkpt>
      <trkpt lat="50.433809" lon="8.613874">
        <ele>345.772726</ele>
        <time>2026-07-22T00:22:44.157Z</time>
      </trkpt>
      <trkpt lat="50.433672" lon="8.614224">
        <ele>345.747254</ele>
        <time>2026-07-22T00:22:48.033Z</time>
      </trkpt>
      <trkpt lat="50.433440" lon="8.614684">
        <ele>345.404416</ele>
        <time>2026-07-22T00:22:52.458Z</time>
      </trkpt>
      <trkpt lat="50.432991" lon="8.615402">
        <ele>344.871543</ele>
        <time>2026-07-22T00:23:00.371Z</time>
      </trkpt>
      <trkpt lat="50.432476" lon="8.615873">
        <ele>345.162520</ele>
        <time>2026-07-22T00:23:10.894Z</time>
      </trkpt>
      <trkpt lat="50.432271" lon="8.616038">
        <ele>344.993506</ele>
        <time>2026-07-22T00:23:14.314Z</time>
      </trkpt>
      <trkpt lat="50.430111" lon="8.616910">
        <ele>340.625712</ele>
        <time>2026-07-22T00:23:38.690Z</time>
      </trkpt>
      <trkpt lat="50.429811" lon="8.617059">
        <ele>340.049364</ele>
        <time>2026-07-22T00:23:42.299Z</time>
      </trkpt>
      <trkpt lat="50.429704" lon="8.617115">
        <ele>339.751227</ele>
        <time>2026-07-22T00:23:43.451Z</time>
      </trkpt>
      <trkpt lat="50.429124" lon="8.617504">
        <ele>337.658508</ele>
        <time>2026-07-22T00:23:49.787Z</time>
      </trkpt>
      <trkpt lat="50.427129" lon="8.619170">
        <ele>327.724409</ele>
        <time>2026-07-22T00:24:11.533Z</time>
      </trkpt>
      <trkpt lat="50.425020" lon="8.620950">
        <ele>313.457740</ele>
        <time>2026-07-22T00:24:33.510Z</time>
      </trkpt>
      <trkpt lat="50.424635" lon="8.621303">
        <ele>311.432974</ele>
        <time>2026-07-22T00:24:37.749Z</time>
      </trkpt>
      <trkpt lat="50.424371" lon="8.621630">
        <ele>310.689608</ele>
        <time>2026-07-22T00:24:41.491Z</time>
      </trkpt>
      <trkpt lat="50.424191" lon="8.621913">
        <ele>309.641597</ele>
        <time>2026-07-22T00:24:44.290Z</time>
      </trkpt>
      <trkpt lat="50.423162" lon="8.623621">
        <ele>297.930686</ele>
        <time>2026-07-22T00:24:57.435Z</time>
      </trkpt>
      <trkpt lat="50.422858" lon="8.623980">
        <ele>297.950548</ele>
        <time>2026-07-22T00:25:05.000Z</time>
      </trkpt>
      <trkpt lat="50.421890" lon="8.624834">
        <ele>295.715098</ele>
        <time>2026-07-22T00:25:17.291Z</time>
      </trkpt>
      <trkpt lat="50.421765" lon="8.625076">
        <ele>294.575429</ele>
        <time>2026-07-22T00:25:19.068Z</time>
      </trkpt>
      <trkpt lat="50.421505" lon="8.625926">
        <ele>290.826010</ele>
        <time>2026-07-22T00:25:24.571Z</time>
      </trkpt>
      <trkpt lat="50.421339" lon="8.626277">
        <ele>288.869800</ele>
        <time>2026-07-22T00:25:27.054Z</time>
      </trkpt>
      <trkpt lat="50.420887" lon="8.627100">
        <ele>284.104708</ele>
        <time>2026-07-22T00:25:33.309Z</time>
      </trkpt>
      <trkpt lat="50.420796" lon="8.627395">
        <ele>282.641287</ele>
        <time>2026-07-22T00:25:35.181Z</time>
      </trkpt>
      <trkpt lat="50.420775" lon="8.627698">
        <ele>281.092591</ele>
        <time>2026-07-22T00:25:36.895Z</time>
      </trkpt>
      <trkpt lat="50.420757" lon="8.629177">
        <ele>272.653823</ele>
        <time>2026-07-22T00:25:45.095Z</time>
      </trkpt>
      <trkpt lat="50.420795" lon="8.630561">
        <ele>265.509808</ele>
        <time>2026-07-22T00:25:52.872Z</time>
      </trkpt>
      <trkpt lat="50.420839" lon="8.631524">
        <ele>261.210129</ele>
        <time>2026-07-22T00:25:58.411Z</time>
      </trkpt>
      <trkpt lat="50.420931" lon="8.632579">
        <ele>256.723858</ele>
        <time>2026-07-22T00:26:04.550Z</time>
      </trkpt>
      <trkpt lat="50.421048" lon="8.633273">
        <ele>253.914866</ele>
        <time>2026-07-22T00:26:08.733Z</time>
      </trkpt>
      <trkpt lat="50.421160" lon="8.633637">
        <ele>252.535224</ele>
        <time>2026-07-22T00:26:11.123Z</time>
      </trkpt>
      <trkpt lat="50.421703" lon="8.634692">
        <ele>248.803620</ele>
        <time>2026-07-22T00:26:19.496Z</time>
      </trkpt>
      <trkpt lat="50.421768" lon="8.634935">
        <ele>248.115169</ele>
        <time>2026-07-22T00:26:21.135Z</time>
      </trkpt>
      <trkpt lat="50.421834" lon="8.635573">
        <ele>246.638401</ele>
        <time>2026-07-22T00:26:25.220Z</time>
      </trkpt>
      <trkpt lat="50.421860" lon="8.636789">
        <ele>244.665649</ele>
        <time>2026-07-22T00:26:33.312Z</time>
      </trkpt>
      <trkpt lat="50.421924" lon="8.639477">
        <ele>244.108308</ele>
        <time>2026-07-22T00:26:57.131Z</time>
      </trkpt>
      <trkpt lat="50.421928" lon="8.639783">
        <ele>243.938569</ele>
        <time>2026-07-22T00:27:00.177Z</time>
      </trkpt>
      <trkpt lat="50.421977" lon="8.640661">
        <ele>242.154624</ele>
        <time>2026-07-22T00:27:05.770Z</time>
      </trkpt>
      <trkpt lat="50.422544" lon="8.645107">
        <ele>234.271800</ele>
        <time>2026-07-22T00:27:35.799Z</time>
      </trkpt>
      <trkpt lat="50.422784" lon="8.647004">
        <ele>232.949103</ele>
        <time>2026-07-22T00:27:50.776Z</time>
      </trkpt>
      <trkpt lat="50.422932" lon="8.647998">
        <ele>232.389648</ele>
        <time>2026-07-22T00:28:00.316Z</time>
      </trkpt>
      <trkpt lat="50.423259" lon="8.649744">
        <ele>228.092943</ele>
        <time>2026-07-22T00:28:11.538Z</time>
      </trkpt>
      <trkpt lat="50.423774" lon="8.652444">
        <ele>226.829010</ele>
        <time>2026-07-22T00:28:34.946Z</time>
      </trkpt>
      <trkpt lat="50.423820" lon="8.652688">
        <ele>226.485395</ele>
        <time>2026-07-22T00:28:36.750Z</time>
      </trkpt>
      <trkpt lat="50.423921" lon="8.653436">
        <ele>224.921159</ele>
        <time>2026-07-22T00:28:41.604Z</time>
      </trkpt>
      <trkpt lat="50.423950" lon="8.654090">
        <ele>223.537488</ele>
        <time>2026-07-22T00:28:45.872Z</time>
      </trkpt>
      <trkpt lat="50.423918" lon="8.655033">
        <ele>221.159127</ele>
        <time>2026-07-22T00:28:51.773Z</time>
      </trkpt>
      <trkpt lat="50.423875" lon="8.655843">
        <ele>218.570834</ele>
        <time>2026-07-22T00:28:56.617Z</time>
      </trkpt>
      <trkpt lat="50.423729" lon="8.656315">
        <ele>217.148077</ele>
        <time>2026-07-22T00:28:59.875Z</time>
      </trkpt>
      <trkpt lat="50.423677" lon="8.656436">
        <ele>216.767510</ele>
        <time>2026-07-22T00:29:00.750Z</time>
      </trkpt>
      <trkpt lat="50.423277" lon="8.655806">
        <ele>214.641922</ele>
        <time>2026-07-22T00:29:06.336Z</time>
      </trkpt>
      <trkpt lat="50.423074" lon="8.655515">
        <ele>214.288176</ele>
        <time>2026-07-22T00:29:09.762Z</time>
      </trkpt>
      <trkpt lat="50.422720" lon="8.655105">
        <ele>213.781796</ele>
        <time>2026-07-22T00:29:15.042Z</time>
      </trkpt>
      <trkpt lat="50.422323" lon="8.654729">
        <ele>213.058888</ele>
        <time>2026-07-22T00:29:20.230Z</time>
      </trkpt>
      <trkpt lat="50.421789" lon="8.654410">
        <ele>213.335877</ele>
        <time>2026-07-22T00:29:29.010Z</time>
      </trkpt>
      <trkpt lat="50.420244" lon="8.653744">
        <ele>220.148536</ele>
        <time>2026-07-22T00:30:21.458Z</time>
      </trkpt>
      <trkpt lat="50.419961" lon="8.653625">
        <ele>221.111059</ele>
        <time>2026-07-22T00:30:29.546Z</time>
      </trkpt>
      <trkpt lat="50.419938" lon="8.653717">
        <ele>221.194060</ele>
        <time>2026-07-22T00:30:31.085Z</time>
      </trkpt>
      <trkpt lat="50.419340" lon="8.653490">
        <ele>221.940662</ele>
        <time>2026-07-22T00:30:43.410Z</time>
      </trkpt>
      <trkpt lat="50.417939" lon="8.652878">
        <ele>221.126574</ele>
        <time>2026-07-22T00:31:01.992Z</time>
      </trkpt>
      <trkpt lat="50.417023" lon="8.652508">
        <ele>221.509176</ele>
        <time>2026-07-22T00:31:18.525Z</time>
      </trkpt>
      <trkpt lat="50.416113" lon="8.652058">
        <ele>220.395248</ele>
        <time>2026-07-22T00:31:29.984Z</time>
      </trkpt>
      <trkpt lat="50.415670" lon="8.651725">
        <ele>218.512105</ele>
        <time>2026-07-22T00:31:34.725Z</time>
      </trkpt>
      <trkpt lat="50.412720" lon="8.648947">
        <ele>213.059323</ele>
        <time>2026-07-22T00:32:13.694Z</time>
      </trkpt>
      <trkpt lat="50.412168" lon="8.648275">
        <ele>214.587783</ele>
        <time>2026-07-22T00:32:31.579Z</time>
      </trkpt>
      <trkpt lat="50.411740" lon="8.647616">
        <ele>216.101548</ele>
        <time>2026-07-22T00:32:46.479Z</time>
      </trkpt>
      <trkpt lat="50.408609" lon="8.642026">
        <ele>228.058207</ele>
        <time>2026-07-22T00:34:44.869Z</time>
      </trkpt>
      <trkpt lat="50.407328" lon="8.639754">
        <ele>231.874730</ele>
        <time>2026-07-22T00:35:28.361Z</time>
      </trkpt>
      <trkpt lat="50.406683" lon="8.638845">
        <ele>235.046990</ele>
        <time>2026-07-22T00:35:54.649Z</time>
      </trkpt>
      <trkpt lat="50.406246" lon="8.638289">
        <ele>235.624726</ele>
        <time>2026-07-22T00:36:04.817Z</time>
      </trkpt>
      <trkpt lat="50.405913" lon="8.637926">
        <ele>236.102351</ele>
        <time>2026-07-22T00:36:12.853Z</time>
      </trkpt>
      <trkpt lat="50.405867" lon="8.637806">
        <ele>236.247576</ele>
        <time>2026-07-22T00:36:14.837Z</time>
      </trkpt>
      <trkpt lat="50.405502" lon="8.637558">
        <ele>237.086842</ele>
        <time>2026-07-22T00:36:26.362Z</time>
      </trkpt>
      <trkpt lat="50.405238" lon="8.637411">
        <ele>238.084863</ele>
        <time>2026-07-22T00:36:36.247Z</time>
      </trkpt>
      <trkpt lat="50.404971" lon="8.637318">
        <ele>239.095629</ele>
        <time>2026-07-22T00:36:45.911Z</time>
      </trkpt>
      <trkpt lat="50.404969" lon="8.637262">
        <ele>239.225313</ele>
        <time>2026-07-22T00:36:50.404Z</time>
      </trkpt>
      <trkpt lat="50.404489" lon="8.637164">
        <ele>240.531366</ele>
        <time>2026-07-22T00:37:02.655Z</time>
      </trkpt>
      <trkpt lat="50.404408" lon="8.637152">
        <ele>240.743614</ele>
        <time>2026-07-22T00:37:04.791Z</time>
      </trkpt>
      <trkpt lat="50.404232" lon="8.637147">
        <ele>241.179707</ele>
        <time>2026-07-22T00:37:09.309Z</time>
      </trkpt>
      <trkpt lat="50.403894" lon="8.637223">
        <ele>241.916513</ele>
        <time>2026-07-22T00:37:16.646Z</time>
      </trkpt>
      <trkpt lat="50.403675" lon="8.637133">
        <ele>242.831884</ele>
        <time>2026-07-22T00:37:23.474Z</time>
      </trkpt>
      <trkpt lat="50.403609" lon="8.637070">
        <ele>243.206269</ele>
        <time>2026-07-22T00:37:26.574Z</time>
      </trkpt>
      <trkpt lat="50.403558" lon="8.636948">
        <ele>243.781481</ele>
        <time>2026-07-22T00:37:30.672Z</time>
      </trkpt>
      <trkpt lat="50.403446" lon="8.635940">
        <ele>247.657360</ele>
        <time>2026-07-22T00:37:56.158Z</time>
      </trkpt>
      <trkpt lat="50.403398" lon="8.635782">
        <ele>248.135323</ele>
        <time>2026-07-22T00:37:59.509Z</time>
      </trkpt>
      <trkpt lat="50.403166" lon="8.635677">
        <ele>248.809955</ele>
        <time>2026-07-22T00:38:05.777Z</time>
      </trkpt>
      <trkpt lat="50.402968" lon="8.635619">
        <ele>248.871418</ele>
        <time>2026-07-22T00:38:09.385Z</time>
      </trkpt>
      <trkpt lat="50.402861" lon="8.635590">
        <ele>248.622596</ele>
        <time>2026-07-22T00:38:10.526Z</time>
      </trkpt>
      <trkpt lat="50.402782" lon="8.635566">
        <ele>248.292642</ele>
        <time>2026-07-22T00:38:11.287Z</time>
      </trkpt>
      <trkpt lat="50.402563" lon="8.635498">
        <ele>247.194711</ele>
        <time>2026-07-22T00:38:13.366Z</time>
      </trkpt>
      <trkpt lat="50.402422" lon="8.635471">
        <ele>246.514865</ele>
        <time>2026-07-22T00:38:14.689Z</time>
      </trkpt>
      <trkpt lat="50.401892" lon="8.635375">
        <ele>244.663529</ele>
        <time>2026-07-22T00:38:19.992Z</time>
      </trkpt>
      <trkpt lat="50.401703" lon="8.635323">
        <ele>244.531071</ele>
        <time>2026-07-22T00:38:22.703Z</time>
      </trkpt>
      <trkpt lat="50.401489" lon="8.635205">
        <ele>244.868380</ele>
        <time>2026-07-22T00:38:27.628Z</time>
      </trkpt>
      <trkpt lat="50.401080" lon="8.634862">
        <ele>245.955703</ele>
        <time>2026-07-22T00:38:39.251Z</time>
      </trkpt>
      <trkpt lat="50.400789" lon="8.634603">
        <ele>246.529416</ele>
        <time>2026-07-22T00:38:46.705Z</time>
      </trkpt>
      <trkpt lat="50.400695" lon="8.634597">
        <ele>246.423861</ele>
        <time>2026-07-22T00:38:47.862Z</time>
      </trkpt>
      <trkpt lat="50.400686" lon="8.634600">
        <ele>246.413537</ele>
        <time>2026-07-22T00:38:47.966Z</time>
      </trkpt>
      <trkpt lat="50.400634" lon="8.634640">
        <ele>246.348557</ele>
        <time>2026-07-22T00:38:48.591Z</time>
      </trkpt>
      <trkpt lat="50.400568" lon="8.634851">
        <ele>246.009188</ele>
        <time>2026-07-22T00:38:50.195Z</time>
      </trkpt>
      <trkpt lat="50.400507" lon="8.635185">
        <ele>245.207196</ele>
        <time>2026-07-22T00:38:52.408Z</time>
      </trkpt>
      <trkpt lat="50.400477" lon="8.635444">
        <ele>244.438408</ele>
        <time>2026-07-22T00:38:53.973Z</time>
      </trkpt>
      <trkpt lat="50.400463" lon="8.635640">
        <ele>243.874893</ele>
        <time>2026-07-22T00:38:55.178Z</time>
      </trkpt>
      <trkpt lat="50.400422" lon="8.636093">
        <ele>242.821079</ele>
        <time>2026-07-22T00:38:58.102Z</time>
      </trkpt>
      <trkpt lat="50.400342" lon="8.636283">
        <ele>242.512336</ele>
        <time>2026-07-22T00:38:59.604Z</time>
      </trkpt>
      <trkpt lat="50.400247" lon="8.636371">
        <ele>242.337787</ele>
        <time>2026-07-22T00:39:00.971Z</time>
      </trkpt>
      <trkpt lat="50.400047" lon="8.636439">
        <ele>242.271169</ele>
        <time>2026-07-22T00:39:03.897Z</time>
      </trkpt>
      <trkpt lat="50.399723" lon="8.636609">
        <ele>241.955786</ele>
        <time>2026-07-22T00:39:08.087Z</time>
      </trkpt>
      <trkpt lat="50.399283" lon="8.636897">
        <ele>241.237609</ele>
        <time>2026-07-22T00:39:13.516Z</time>
      </trkpt>
      <trkpt lat="50.399232" lon="8.636935">
        <ele>241.156428</ele>
        <time>2026-07-22T00:39:14.239Z</time>
      </trkpt>
      <trkpt lat="50.398796" lon="8.637249">
        <ele>241.145992</ele>
        <time>2026-07-22T00:39:21.106Z</time>
      </trkpt>
      <trkpt lat="50.398371" lon="8.637506">
        <ele>241.731448</ele>
        <time>2026-07-22T00:39:30.381Z</time>
      </trkpt>
      <trkpt lat="50.398007" lon="8.637603">
        <ele>242.310310</ele>
        <time>2026-07-22T00:39:39.054Z</time>
      </trkpt>
      <trkpt lat="50.398065" lon="8.639057">
        <ele>240.763364</ele>
        <time>2026-07-22T00:39:49.352Z</time>
      </trkpt>
      <trkpt lat="50.398150" lon="8.639660">
        <ele>239.759141</ele>
        <time>2026-07-22T00:39:53.486Z</time>
      </trkpt>
      <trkpt lat="50.398277" lon="8.640180">
        <ele>239.054514</ele>
        <time>2026-07-22T00:39:57.472Z</time>
      </trkpt>
      <trkpt lat="50.399115" lon="8.643691">
        <ele>233.098689</ele>
        <time>2026-07-22T00:40:22.722Z</time>
      </trkpt>
      <trkpt lat="50.399189" lon="8.644107">
        <ele>232.413030</ele>
        <time>2026-07-22T00:40:25.609Z</time>
      </trkpt>
      <trkpt lat="50.399219" lon="8.644467">
        <ele>231.907743</ele>
        <time>2026-07-22T00:40:28.140Z</time>
      </trkpt>
      <trkpt lat="50.399266" lon="8.645427">
        <ele>230.700722</ele>
        <time>2026-07-22T00:40:34.905Z</time>
      </trkpt>
      <trkpt lat="50.399399" lon="8.648252">
        <ele>227.211201</ele>
        <time>2026-07-22T00:40:54.803Z</time>
      </trkpt>
      <trkpt lat="50.399465" lon="8.649477">
        <ele>225.894629</ele>
        <time>2026-07-22T00:41:03.699Z</time>
      </trkpt>
      <trkpt lat="50.399656" lon="8.651723">
        <ele>223.333651</ele>
        <time>2026-07-22T00:41:19.945Z</time>
      </trkpt>
      <trkpt lat="50.399946" lon="8.655072">
        <ele>216.666295</ele>
        <time>2026-07-22T00:41:41.821Z</time>
      </trkpt>
      <trkpt lat="50.400243" lon="8.658383">
        <ele>211.709146</ele>
        <time>2026-07-22T00:42:04.693Z</time>
      </trkpt>
      <trkpt lat="50.400568" lon="8.660816">
        <ele>208.382936</ele>
        <time>2026-07-22T00:42:21.951Z</time>
      </trkpt>
      <trkpt lat="50.400725" lon="8.661318">
        <ele>207.467482</ele>
        <time>2026-07-22T00:42:25.710Z</time>
      </trkpt>
      <trkpt lat="50.400901" lon="8.661679">
        <ele>206.640367</ele>
        <time>2026-07-22T00:42:28.677Z</time>
      </trkpt>
      <trkpt lat="50.401182" lon="8.662122">
        <ele>205.671776</ele>
        <time>2026-07-22T00:42:32.915Z</time>
      </trkpt>
      <trkpt lat="50.401234" lon="8.662254">
        <ele>205.424372</ele>
        <time>2026-07-22T00:42:33.967Z</time>
      </trkpt>
      <trkpt lat="50.401262" lon="8.662389">
        <ele>205.268270</ele>
        <time>2026-07-22T00:42:34.949Z</time>
      </trkpt>
      <trkpt lat="50.401272" lon="8.662654">
        <ele>205.006498</ele>
        <time>2026-07-22T00:42:36.878Z</time>
      </trkpt>
      <trkpt lat="50.401243" lon="8.662804">
        <ele>204.901906</ele>
        <time>2026-07-22T00:42:38.130Z</time>
      </trkpt>
      <trkpt lat="50.401137" lon="8.663064">
        <ele>204.518025</ele>
        <time>2026-07-22T00:42:40.673Z</time>
      </trkpt>
      <trkpt lat="50.401852" lon="8.663863">
        <ele>202.012673</ele>
        <time>2026-07-22T00:42:49.553Z</time>
      </trkpt>
      <trkpt lat="50.402366" lon="8.664384">
        <ele>201.072290</ele>
        <time>2026-07-22T00:42:56.657Z</time>
      </trkpt>
      <trkpt lat="50.404079" lon="8.666003">
        <ele>202.148653</ele>
        <time>2026-07-22T00:43:30.762Z</time>
      </trkpt>
      <trkpt lat="50.404641" lon="8.666646">
        <ele>201.494608</ele>
        <time>2026-07-22T00:43:39.415Z</time>
      </trkpt>
      <trkpt lat="50.405033" lon="8.667160">
        <ele>200.849255</ele>
        <time>2026-07-22T00:43:45.434Z</time>
      </trkpt>
      <trkpt lat="50.405439" lon="8.667759">
        <ele>199.768493</ele>
        <time>2026-07-22T00:43:51.578Z</time>
      </trkpt>
      <trkpt lat="50.405822" lon="8.668396">
        <ele>198.310590</ele>
        <time>2026-07-22T00:43:57.426Z</time>
      </trkpt>
      <trkpt lat="50.406180" lon="8.669068">
        <ele>196.908314</ele>
        <time>2026-07-22T00:44:03.315Z</time>
      </trkpt>
      <trkpt lat="50.406511" lon="8.669773">
        <ele>195.589662</ele>
        <time>2026-07-22T00:44:09.261Z</time>
      </trkpt>
      <trkpt lat="50.406955" lon="8.670886">
        <ele>193.511012</ele>
        <time>2026-07-22T00:44:18.121Z</time>
      </trkpt>
      <trkpt lat="50.407214" lon="8.671661">
        <ele>192.297247</ele>
        <time>2026-07-22T00:44:24.201Z</time>
      </trkpt>
      <trkpt lat="50.407727" lon="8.673507">
        <ele>189.499777</ele>
        <time>2026-07-22T00:44:38.021Z</time>
      </trkpt>
      <trkpt lat="50.407879" lon="8.674107">
        <ele>188.643458</ele>
        <time>2026-07-22T00:44:42.493Z</time>
      </trkpt>
      <trkpt lat="50.408039" lon="8.674736">
        <ele>188.287523</ele>
        <time>2026-07-22T00:44:48.015Z</time>
      </trkpt>
      <trkpt lat="50.408264" lon="8.675566">
        <ele>187.663272</ele>
        <time>2026-07-22T00:44:55.071Z</time>
      </trkpt>
      <trkpt lat="50.408518" lon="8.676301">
        <ele>186.926039</ele>
        <time>2026-07-22T00:45:01.175Z</time>
      </trkpt>
      <trkpt lat="50.408719" lon="8.676737">
        <ele>186.619833</ele>
        <time>2026-07-22T00:45:05.472Z</time>
      </trkpt>
      <trkpt lat="50.409065" lon="8.677333">
        <ele>186.268222</ele>
        <time>2026-07-22T00:45:12.144Z</time>
      </trkpt>
      <trkpt lat="50.409090" lon="8.677369">
        <ele>186.240973</ele>
        <time>2026-07-22T00:45:12.545Z</time>
      </trkpt>
      <trkpt lat="50.409351" lon="8.677720">
        <ele>185.735671</ele>
        <time>2026-07-22T00:45:16.460Z</time>
      </trkpt>
      <trkpt lat="50.409735" lon="8.678156">
        <ele>185.227295</ele>
        <time>2026-07-22T00:45:22.260Z</time>
      </trkpt>
      <trkpt lat="50.409773" lon="8.678197">
        <ele>185.191319</ele>
        <time>2026-07-22T00:45:22.826Z</time>
      </trkpt>
      <trkpt lat="50.410539" lon="8.679013">
        <ele>184.419574</ele>
        <time>2026-07-22T00:45:34.391Z</time>
      </trkpt>
      <trkpt lat="50.411287" lon="8.679778">
        <ele>183.953718</ele>
        <time>2026-07-22T00:45:46.479Z</time>
      </trkpt>
      <trkpt lat="50.411761" lon="8.680283">
        <ele>183.150015</ele>
        <time>2026-07-22T00:45:53.053Z</time>
      </trkpt>
      <trkpt lat="50.412122" lon="8.680718">
        <ele>182.131871</ele>
        <time>2026-07-22T00:45:57.934Z</time>
      </trkpt>
      <trkpt lat="50.413190" lon="8.681839">
        <ele>179.598414</ele>
        <time>2026-07-22T00:46:12.072Z</time>
      </trkpt>
      <trkpt lat="50.413284" lon="8.681888">
        <ele>179.414181</ele>
        <time>2026-07-22T00:46:13.183Z</time>
      </trkpt>
      <trkpt lat="50.413240" lon="8.682514">
        <ele>178.651131</ele>
        <time>2026-07-22T00:46:17.671Z</time>
      </trkpt>
      <trkpt lat="50.413202" lon="8.682904">
        <ele>177.982988</ele>
        <time>2026-07-22T00:46:20.277Z</time>
      </trkpt>
      <trkpt lat="50.413141" lon="8.683503">
        <ele>176.823576</ele>
        <time>2026-07-22T00:46:24.250Z</time>
      </trkpt>
      <trkpt lat="50.413036" lon="8.683994">
        <ele>176.144118</ele>
        <time>2026-07-22T00:46:27.711Z</time>
      </trkpt>
      <trkpt lat="50.413643" lon="8.684319">
        <ele>175.860542</ele>
        <time>2026-07-22T00:46:37.559Z</time>
      </trkpt>
      <trkpt lat="50.414026" lon="8.684510">
        <ele>174.533663</ele>
        <time>2026-07-22T00:46:41.478Z</time>
      </trkpt>
      <trkpt lat="50.414224" lon="8.684544">
        <ele>174.152788</ele>
        <time>2026-07-22T00:46:43.859Z</time>
      </trkpt>
      <trkpt lat="50.414335" lon="8.684969">
        <ele>173.565432</ele>
        <time>2026-07-22T00:46:46.952Z</time>
      </trkpt>
      <trkpt lat="50.414382" lon="8.685363">
        <ele>173.220716</ele>
        <time>2026-07-22T00:46:50.116Z</time>
      </trkpt>
      <trkpt lat="50.414551" lon="8.686898">
        <ele>172.382682</ele>
        <time>2026-07-22T00:47:02.520Z</time>
      </trkpt>
      <trkpt lat="50.414538" lon="8.688575">
        <ele>171.014583</ele>
        <time>2026-07-22T00:47:15.021Z</time>
      </trkpt>
      <trkpt lat="50.414531" lon="8.690409">
        <ele>169.861067</ele>
        <time>2026-07-22T00:47:29.282Z</time>
      </trkpt>
      <trkpt lat="50.414554" lon="8.690683">
        <ele>169.878362</ele>
        <time>2026-07-22T00:47:32.332Z</time>
      </trkpt>
      <trkpt lat="50.414581" lon="8.690943">
        <ele>169.839884</ele>
        <time>2026-07-22T00:47:34.846Z</time>
      </trkpt>
      <trkpt lat="50.414613" lon="8.691116">
        <ele>169.767510</ele>
        <time>2026-07-22T00:47:36.316Z</time>
      </trkpt>
      <trkpt lat="50.414811" lon="8.691834">
        <ele>169.046488</ele>
        <time>2026-07-22T00:47:41.971Z</time>
      </trkpt>
      <trkpt lat="50.415444" lon="8.694181">
        <ele>168.072643</ele>
        <time>2026-07-22T00:48:03.320Z</time>
      </trkpt>
      <trkpt lat="50.415573" lon="8.695707">
        <ele>167.191268</ele>
        <time>2026-07-22T00:48:15.446Z</time>
      </trkpt>
      <trkpt lat="50.415563" lon="8.696280">
        <ele>166.795932</ele>
        <time>2026-07-22T00:48:19.822Z</time>
      </trkpt>
      <trkpt lat="50.415539" lon="8.697365">
        <ele>166.034675</ele>
        <time>2026-07-22T00:48:28.221Z</time>
      </trkpt>
      <trkpt lat="50.415612" lon="8.698642">
        <ele>165.443128</ele>
        <time>2026-07-22T00:48:38.593Z</time>
      </trkpt>
      <trkpt lat="50.415674" lon="8.699505">
        <ele>165.562995</ele>
        <time>2026-07-22T00:48:47.862Z</time>
      </trkpt>
      <trkpt lat="50.415869" lon="8.702300">
        <ele>162.242114</ele>
        <time>2026-07-22T00:49:07.719Z</time>
      </trkpt>
      <trkpt lat="50.415990" lon="8.703984">
        <ele>159.582386</ele>
        <time>2026-07-22T00:49:19.142Z</time>
      </trkpt>
      <trkpt lat="50.416012" lon="8.705339">
        <ele>157.246233</ele>
        <time>2026-07-22T00:49:28.082Z</time>
      </trkpt>
      <trkpt lat="50.415897" lon="8.708152">
        <ele>154.130826</ele>
        <time>2026-07-22T00:49:48.301Z</time>
      </trkpt>
      <trkpt lat="50.415772" lon="8.711123">
        <ele>152.183105</ele>
        <time>2026-07-22T00:50:11.509Z</time>
      </trkpt>
      <trkpt lat="50.415646" lon="8.714484">
        <ele>149.539329</ele>
        <time>2026-07-22T00:50:36.782Z</time>
      </trkpt>
      <trkpt lat="50.415729" lon="8.715285">
        <ele>150.547965</ele>
        <time>2026-07-22T00:50:52.494Z</time>
      </trkpt>
      <trkpt lat="50.415794" lon="8.715862">
        <ele>150.583736</ele>
        <time>2026-07-22T00:50:59.483Z</time>
      </trkpt>
      <trkpt lat="50.415832" lon="8.716481">
        <ele>150.296335</ele>
        <time>2026-07-22T00:51:06.582Z</time>
      </trkpt>
      <trkpt lat="50.415861" lon="8.717596">
        <ele>149.660963</ele>
        <time>2026-07-22T00:51:19.263Z</time>
      </trkpt>
      <trkpt lat="50.415904" lon="8.717876">
        <ele>149.335905</ele>
        <time>2026-07-22T00:51:22.102Z</time>
      </trkpt>
      <trkpt lat="50.416728" lon="8.721576">
        <ele>146.321937</ele>
        <time>2026-07-22T00:52:04.371Z</time>
      </trkpt>
      <trkpt lat="50.417203" lon="8.723305">
        <ele>145.608077</ele>
        <time>2026-07-22T00:52:26.317Z</time>
      </trkpt>
      <trkpt lat="50.417325" lon="8.724041">
        <ele>145.396837</ele>
        <time>2026-07-22T00:52:35.728Z</time>
      </trkpt>
      <trkpt lat="50.417386" lon="8.724701">
        <ele>145.211827</ele>
        <time>2026-07-22T00:52:43.618Z</time>
      </trkpt>
      <trkpt lat="50.417400" lon="8.725371">
        <ele>145.109652</ele>
        <time>2026-07-22T00:52:51.835Z</time>
      </trkpt>
      <trkpt lat="50.417377" lon="8.725765">
        <ele>145.053799</ele>
        <time>2026-07-22T00:52:56.696Z</time>
      </trkpt>
      <trkpt lat="50.417278" lon="8.726604">
        <ele>144.683594</ele>
        <time>2026-07-22T00:53:06.642Z</time>
      </trkpt>
      <trkpt lat="50.417227" lon="8.727035">
        <ele>144.438653</ele>
        <time>2026-07-22T00:53:11.301Z</time>
      </trkpt>
      <trkpt lat="50.417139" lon="8.727784">
        <ele>144.477138</ele>
        <time>2026-07-22T00:53:21.780Z</time>
      </trkpt>
      <trkpt lat="50.417130" lon="8.727825">
        <ele>144.467868</ele>
        <time>2026-07-22T00:53:22.321Z</time>
      </trkpt>
      <trkpt lat="50.416963" lon="8.728359">
        <ele>144.305740</ele>
        <time>2026-07-22T00:53:29.176Z</time>
      </trkpt>
      <trkpt lat="50.416520" lon="8.729494">
        <ele>144.005479</ele>
        <time>2026-07-22T00:53:45.294Z</time>
      </trkpt>
      <trkpt lat="50.416119" lon="8.730620">
        <ele>144.115063</ele>
        <time>2026-07-22T00:54:01.273Z</time>
      </trkpt>
      <trkpt lat="50.416412" lon="8.730820">
        <ele>145.631531</ele>
        <time>2026-07-22T00:54:14.958Z</time>
      </trkpt>
      <trkpt lat="50.416690" lon="8.731259">
        <ele>147.950064</ele>
        <time>2026-07-22T00:54:33.042Z</time>
      </trkpt>
      <trkpt lat="50.416935" lon="8.731721">
        <ele>149.326909</ele>
        <time>2026-07-22T00:54:46.205Z</time>
      </trkpt>
      <trkpt lat="50.417166" lon="8.732134">
        <ele>149.439235</ele>
        <time>2026-07-22T00:54:53.537Z</time>
      </trkpt>
      <trkpt lat="50.417308" lon="8.732388">
        <ele>148.999546</ele>
        <time>2026-07-22T00:54:57.058Z</time>
      </trkpt>
      <trkpt lat="50.417513" lon="8.733130">
        <ele>146.385460</ele>
        <time>2026-07-22T00:55:01.831Z</time>
      </trkpt>
      <trkpt lat="50.418793" lon="8.732729">
        <ele>142.328363</ele>
        <time>2026-07-22T00:55:15.100Z</time>
      </trkpt>
      <trkpt lat="50.419607" lon="8.732100">
        <ele>142.153512</ele>
        <time>2026-07-22T00:55:28.816Z</time>
      </trkpt>
      <trkpt lat="50.420751" lon="8.731623">
        <ele>138.051619</ele>
        <time>2026-07-22T00:55:40.465Z</time>
      </trkpt>
      <trkpt lat="50.420825" lon="8.731592">
        <ele>138.247552</ele>
        <time>2026-07-22T00:55:43.079Z</time>
      </trkpt>
      <trkpt lat="50.421772" lon="8.731196">
        <ele>141.760486</ele>
        <time>2026-07-22T00:56:12.625Z</time>
      </trkpt>
      <trkpt lat="50.422056" lon="8.731095">
        <ele>141.931852</ele>
        <time>2026-07-22T00:56:17.360Z</time>
      </trkpt>
      <trkpt lat="50.422928" lon="8.730943">
        <ele>141.137755</ele>
        <time>2026-07-22T00:56:27.935Z</time>
      </trkpt>
      <trkpt lat="50.423478" lon="8.730875">
        <ele>142.519548</ele>
        <time>2026-07-22T00:56:42.701Z</time>
      </trkpt>
      <trkpt lat="50.423738" lon="8.730747">
        <ele>142.922289</ele>
        <time>2026-07-22T00:56:47.980Z</time>
      </trkpt>
      <trkpt lat="50.424538" lon="8.730356">
        <ele>142.923400</ele>
        <time>2026-07-22T00:57:00.279Z</time>
      </trkpt>
      <trkpt lat="50.426913" lon="8.729160">
        <ele>143.183643</ele>
        <time>2026-07-22T00:57:38.346Z</time>
      </trkpt>
      <trkpt lat="50.427467" lon="8.728894">
        <ele>143.016423</ele>
        <time>2026-07-22T00:57:46.450Z</time>
      </trkpt>
      <trkpt lat="50.427546" lon="8.728922">
        <ele>142.864674</ele>
        <time>2026-07-22T00:57:47.318Z</time>
      </trkpt>
      <trkpt lat="50.427601" lon="8.729791">
        <ele>141.851284</ele>
        <time>2026-07-22T00:57:53.434Z</time>
      </trkpt>
      <trkpt lat="50.427625" lon="8.730224">
        <ele>141.695248</ele>
        <time>2026-07-22T00:57:57.276Z</time>
      </trkpt>
      <trkpt lat="50.427683" lon="8.730884">
        <ele>141.491871</ele>
        <time>2026-07-22T00:58:02.978Z</time>
      </trkpt>
      <trkpt lat="50.427745" lon="8.731322">
        <ele>141.248066</ele>
        <time>2026-07-22T00:58:06.552Z</time>
      </trkpt>
      <trkpt lat="50.427770" lon="8.731475">
        <ele>141.115108</ele>
        <time>2026-07-22T00:58:07.711Z</time>
      </trkpt>
      <trkpt lat="50.427792" lon="8.731608">
        <ele>141.024198</ele>
        <time>2026-07-22T00:58:08.686Z</time>
      </trkpt>
      <trkpt lat="50.427835" lon="8.731846">
        <ele>140.910033</ele>
        <time>2026-07-22T00:58:10.584Z</time>
      </trkpt>
      <trkpt lat="50.427843" lon="8.731886">
        <ele>140.893583</ele>
        <time>2026-07-22T00:58:11.030Z</time>
      </trkpt>
      <trkpt lat="50.428091" lon="8.732994">
        <ele>142.628238</ele>
        <time>2026-07-22T00:58:29.910Z</time>
      </trkpt>
      <trkpt lat="50.428073" lon="8.733124">
        <ele>142.762592</ele>
        <time>2026-07-22T00:58:31.656Z</time>
      </trkpt>
      <trkpt lat="50.428036" lon="8.733197">
        <ele>142.856804</ele>
        <time>2026-07-22T00:58:32.628Z</time>
      </trkpt>
      <trkpt lat="50.427689" lon="8.733581">
        <ele>142.627907</ele>
        <time>2026-07-22T00:58:38.174Z</time>
      </trkpt>
      <trkpt lat="50.427113" lon="8.734302">
        <ele>142.570084</ele>
        <time>2026-07-22T00:58:48.881Z</time>
      </trkpt>
      <trkpt lat="50.426725" lon="8.734863">
        <ele>142.168333</ele>
        <time>2026-07-22T00:58:55.544Z</time>
      </trkpt>
      <trkpt lat="50.426641" lon="8.735043">
        <ele>142.036870</ele>
        <time>2026-07-22T00:58:57.211Z</time>
      </trkpt>
      <trkpt lat="50.426670" lon="8.735231">
        <ele>141.990396</ele>
        <time>2026-07-22T00:58:58.920Z</time>
      </trkpt>
      <trkpt lat="50.426858" lon="8.735777">
        <ele>142.184205</ele>
        <time>2026-07-22T00:59:05.908Z</time>
      </trkpt>
      <trkpt lat="50.427065" lon="8.736356">
        <ele>142.445825</ele>
        <time>2026-07-22T00:59:13.021Z</time>
      </trkpt>
      <trkpt lat="50.427978" lon="8.735575">
        <ele>143.620046</ele>
        <time>2026-07-22T00:59:32.961Z</time>
      </trkpt>
      <trkpt lat="50.428208" lon="8.735306">
        <ele>143.639880</ele>
        <time>2026-07-22T00:59:39.412Z</time>
      </trkpt>
    </trkseg>
  </trk>
</gpx>